ISO-10303-21;
HEADER;
FILE_DESCRIPTION((''),'2;1');
FILE_NAME('RVE0028A_ASM','2016-03-08T',('a0412086'),(''),
'PRO/ENGINEER BY PARAMETRIC TECHNOLOGY CORPORATION, 2011490',
'PRO/ENGINEER BY PARAMETRIC TECHNOLOGY CORPORATION, 2011490','');
FILE_SCHEMA(('AUTOMOTIVE_DESIGN { 1 0 10303 214 1 1 1 1 }'));
ENDSEC;
DATA;
#1=COLOUR_RGB('',0.E0,4.3E-1,1.E0);
#2=COLOUR_RGB('',0.E0,6.6E-1,0.E0);
#3=COLOUR_RGB('',1.1E-2,1.2E-2,1.E0);
#4=COLOUR_RGB('',1.1E-1,1.1E-1,1.1E-1);
#5=COLOUR_RGB('',1.29412E-1,5.E-2,1.E-1);
#6=COLOUR_RGB('',1.80392E-1,2.7451E-1,9.8039E-2);
#7=COLOUR_RGB('',2.54902E-1,5.4902E-1,0.E0);
#8=COLOUR_RGB('',2.7451E-1,2.7451E-1,2.7451E-1);
#9=COLOUR_RGB('',3.E-1,1.29412E-1,2.5098E-1);
#10=COLOUR_RGB('',3.13725E-1,3.13725E-1,3.13725E-1);
#11=COLOUR_RGB('',3.45098E-1,1.33333E-1,7.8431E-2);
#12=COLOUR_RGB('',3.5E-1,3.5E-1,3.5E-1);
#13=COLOUR_RGB('',3.52941E-1,3.52941E-1,3.52941E-1);
#14=COLOUR_RGB('',3.72549E-1,3.72549E-1,3.72549E-1);
#15=COLOUR_RGB('',3.92157E-1,3.56863E-1,3.52941E-1);
#16=COLOUR_RGB('',3.92157E-1,3.92157E-1,3.92157E-1);
#17=COLOUR_RGB('',3.92E-1,4.35294E-1,4.86275E-1);
#18=COLOUR_RGB('',4.1E-1,0.E0,2.2E-1);
#19=COLOUR_RGB('',4.31373E-1,4.31373E-1,4.31373E-1);
#20=COLOUR_RGB('',5.09804E-1,3.92157E-1,2.54902E-1);
#21=COLOUR_RGB('',5.09804E-1,3.96078E-1,1.05882E-1);
#22=COLOUR_RGB('',5.09804E-1,4.90196E-1,4.66667E-1);
#23=COLOUR_RGB('',5.7E-1,0.E0,1.E0);
#24=COLOUR_RGB('',5.9E-1,3.E-1,0.E0);
#25=COLOUR_RGB('',6.E-1,6.E-1,6.E-1);
#26=COLOUR_RGB('',6.9E-1,0.E0,0.E0);
#27=COLOUR_RGB('',7.E-1,7.E-1,7.E-1);
#28=COLOUR_RGB('',8.27451E-1,3.29412E-1,7.0588E-2);
#29=COLOUR_RGB('',8.39216E-1,8.90196E-1,7.68627E-1);
#30=COLOUR_RGB('',8.784E-1,9.49E-1,1.E0);
#31=COLOUR_RGB('',8.9E-1,9.2E-1,9.4E-1);
#32=COLOUR_RGB('',9.6E-1,9.6E-1,9.6E-1);
#33=COLOUR_RGB('',9.8E-1,6.27E-1,0.E0);
#34=COLOUR_RGB('',9.80392E-1,9.80392E-1,9.80392E-1);
#35=COLOUR_RGB('',9.9E-1,1.E0,0.E0);
#36=COLOUR_RGB('',1.E0,5.E-1,0.E0);
#37=COLOUR_RGB('',1.E0,7.17647E-1,0.E0);
#38=COLOUR_RGB('',1.E0,7.84314E-1,0.E0);
#39=COLOUR_RGB('',1.E0,1.E0,9.49E-1);
#40=DRAUGHTING_PRE_DEFINED_COLOUR('white');
#41=COLOUR_RGB('',8.5E-1,8.5E-1,8.5E-1);
#43=DIRECTION('',(0.E0,0.E0,1.E0));
#44=VECTOR('',#43,5.5E-1);
#45=CARTESIAN_POINT('',(-1.75E0,0.E0,-2.25E0));
#46=LINE('',#45,#44);
#47=DRAUGHTING_PRE_DEFINED_CURVE_FONT('continuous');
#48=CURVE_STYLE('',#47,POSITIVE_LENGTH_MEASURE(2.E-2),#8);
#49=PRESENTATION_STYLE_ASSIGNMENT((#48));
#50=STYLED_ITEM('',(#49),#46);
#51=DIRECTION('',(1.E0,0.E0,0.E0));
#52=VECTOR('',#51,3.E-1);
#53=CARTESIAN_POINT('',(-1.75E0,0.E0,-1.7E0));
#54=LINE('',#53,#52);
#55=CURVE_STYLE('',#47,POSITIVE_LENGTH_MEASURE(2.E-2),#8);
#56=PRESENTATION_STYLE_ASSIGNMENT((#55));
#57=STYLED_ITEM('',(#56),#54);
#58=CARTESIAN_POINT('',(-1.45E0,0.E0,-1.6E0));
#59=DIRECTION('',(0.E0,-1.E0,0.E0));
#60=DIRECTION('',(0.E0,0.E0,-1.E0));
#61=AXIS2_PLACEMENT_3D('',#58,#59,#60);
#63=CURVE_STYLE('',#47,POSITIVE_LENGTH_MEASURE(2.E-2),#8);
#64=PRESENTATION_STYLE_ASSIGNMENT((#63));
#65=STYLED_ITEM('',(#64),#62);
#66=DIRECTION('',(1.E0,0.E0,0.E0));
#67=VECTOR('',#66,3.E-1);
#68=CARTESIAN_POINT('',(-1.75E0,0.E0,-1.5E0));
#69=LINE('',#68,#67);
#70=CURVE_STYLE('',#47,POSITIVE_LENGTH_MEASURE(2.E-2),#8);
#71=PRESENTATION_STYLE_ASSIGNMENT((#70));
#72=STYLED_ITEM('',(#71),#69);
#73=DIRECTION('',(0.E0,0.E0,1.E0));
#74=VECTOR('',#73,2.E-1);
#75=CARTESIAN_POINT('',(-1.75E0,0.E0,-1.5E0));
#76=LINE('',#75,#74);
#77=CURVE_STYLE('',#47,POSITIVE_LENGTH_MEASURE(2.E-2),#8);
#78=PRESENTATION_STYLE_ASSIGNMENT((#77));
#79=STYLED_ITEM('',(#78),#76);
#80=DIRECTION('',(1.E0,0.E0,0.E0));
#81=VECTOR('',#80,3.E-1);
#82=CARTESIAN_POINT('',(-1.75E0,0.E0,-1.3E0));
#83=LINE('',#82,#81);
#84=CURVE_STYLE('',#47,POSITIVE_LENGTH_MEASURE(2.E-2),#8);
#85=PRESENTATION_STYLE_ASSIGNMENT((#84));
#86=STYLED_ITEM('',(#85),#83);
#87=CARTESIAN_POINT('',(-1.45E0,0.E0,-1.2E0));
#88=DIRECTION('',(0.E0,-1.E0,0.E0));
#89=DIRECTION('',(0.E0,0.E0,-1.E0));
#90=AXIS2_PLACEMENT_3D('',#87,#88,#89);
#92=CURVE_STYLE('',#47,POSITIVE_LENGTH_MEASURE(2.E-2),#8);
#93=PRESENTATION_STYLE_ASSIGNMENT((#92));
#94=STYLED_ITEM('',(#93),#91);
#95=DIRECTION('',(1.E0,0.E0,0.E0));
#96=VECTOR('',#95,3.E-1);
#97=CARTESIAN_POINT('',(-1.75E0,0.E0,-1.1E0));
#98=LINE('',#97,#96);
#99=CURVE_STYLE('',#47,POSITIVE_LENGTH_MEASURE(2.E-2),#8);
#100=PRESENTATION_STYLE_ASSIGNMENT((#99));
#101=STYLED_ITEM('',(#100),#98);
#102=DIRECTION('',(0.E0,0.E0,1.E0));
#103=VECTOR('',#102,2.E-1);
#104=CARTESIAN_POINT('',(-1.75E0,0.E0,-1.1E0));
#105=LINE('',#104,#103);
#106=CURVE_STYLE('',#47,POSITIVE_LENGTH_MEASURE(2.E-2),#8);
#107=PRESENTATION_STYLE_ASSIGNMENT((#106));
#108=STYLED_ITEM('',(#107),#105);
#109=DIRECTION('',(1.E0,0.E0,0.E0));
#110=VECTOR('',#109,3.E-1);
#111=CARTESIAN_POINT('',(-1.75E0,0.E0,-9.E-1));
#112=LINE('',#111,#110);
#113=CURVE_STYLE('',#47,POSITIVE_LENGTH_MEASURE(2.E-2),#8);
#114=PRESENTATION_STYLE_ASSIGNMENT((#113));
#115=STYLED_ITEM('',(#114),#112);
#116=CARTESIAN_POINT('',(-1.45E0,0.E0,-8.E-1));
#117=DIRECTION('',(0.E0,-1.E0,0.E0));
#118=DIRECTION('',(0.E0,0.E0,-1.E0));
#119=AXIS2_PLACEMENT_3D('',#116,#117,#118);
#121=CURVE_STYLE('',#47,POSITIVE_LENGTH_MEASURE(2.E-2),#8);
#122=PRESENTATION_STYLE_ASSIGNMENT((#121));
#123=STYLED_ITEM('',(#122),#120);
#124=DIRECTION('',(1.E0,0.E0,0.E0));
#125=VECTOR('',#124,3.E-1);
#126=CARTESIAN_POINT('',(-1.75E0,0.E0,-7.E-1));
#127=LINE('',#126,#125);
#128=CURVE_STYLE('',#47,POSITIVE_LENGTH_MEASURE(2.E-2),#8);
#129=PRESENTATION_STYLE_ASSIGNMENT((#128));
#130=STYLED_ITEM('',(#129),#127);
#131=DIRECTION('',(0.E0,0.E0,1.E0));
#132=VECTOR('',#131,2.E-1);
#133=CARTESIAN_POINT('',(-1.75E0,0.E0,-7.E-1));
#134=LINE('',#133,#132);
#135=CURVE_STYLE('',#47,POSITIVE_LENGTH_MEASURE(2.E-2),#8);
#136=PRESENTATION_STYLE_ASSIGNMENT((#135));
#137=STYLED_ITEM('',(#136),#134);
#138=DIRECTION('',(1.E0,0.E0,0.E0));
#139=VECTOR('',#138,3.E-1);
#140=CARTESIAN_POINT('',(-1.75E0,0.E0,-5.E-1));
#141=LINE('',#140,#139);
#142=CURVE_STYLE('',#47,POSITIVE_LENGTH_MEASURE(2.E-2),#8);
#143=PRESENTATION_STYLE_ASSIGNMENT((#142));
#144=STYLED_ITEM('',(#143),#141);
#145=CARTESIAN_POINT('',(-1.45E0,0.E0,-4.E-1));
#146=DIRECTION('',(0.E0,-1.E0,0.E0));
#147=DIRECTION('',(0.E0,0.E0,-1.E0));
#148=AXIS2_PLACEMENT_3D('',#145,#146,#147);
#150=CURVE_STYLE('',#47,POSITIVE_LENGTH_MEASURE(2.E-2),#8);
#151=PRESENTATION_STYLE_ASSIGNMENT((#150));
#152=STYLED_ITEM('',(#151),#149);
#153=DIRECTION('',(1.E0,0.E0,0.E0));
#154=VECTOR('',#153,3.E-1);
#155=CARTESIAN_POINT('',(-1.75E0,0.E0,-3.E-1));
#156=LINE('',#155,#154);
#157=CURVE_STYLE('',#47,POSITIVE_LENGTH_MEASURE(2.E-2),#8);
#158=PRESENTATION_STYLE_ASSIGNMENT((#157));
#159=STYLED_ITEM('',(#158),#156);
#160=DIRECTION('',(0.E0,0.E0,1.E0));
#161=VECTOR('',#160,2.E-1);
#162=CARTESIAN_POINT('',(-1.75E0,0.E0,-3.E-1));
#163=LINE('',#162,#161);
#164=CURVE_STYLE('',#47,POSITIVE_LENGTH_MEASURE(2.E-2),#8);
#165=PRESENTATION_STYLE_ASSIGNMENT((#164));
#166=STYLED_ITEM('',(#165),#163);
#167=DIRECTION('',(1.E0,0.E0,0.E0));
#168=VECTOR('',#167,3.E-1);
#169=CARTESIAN_POINT('',(-1.75E0,0.E0,-1.E-1));
#170=LINE('',#169,#168);
#171=CURVE_STYLE('',#47,POSITIVE_LENGTH_MEASURE(2.E-2),#8);
#172=PRESENTATION_STYLE_ASSIGNMENT((#171));
#173=STYLED_ITEM('',(#172),#170);
#174=CARTESIAN_POINT('',(-1.45E0,0.E0,0.E0));
#175=DIRECTION('',(0.E0,-1.E0,0.E0));
#176=DIRECTION('',(0.E0,0.E0,-1.E0));
#177=AXIS2_PLACEMENT_3D('',#174,#175,#176);
#179=CURVE_STYLE('',#47,POSITIVE_LENGTH_MEASURE(2.E-2),#8);
#180=PRESENTATION_STYLE_ASSIGNMENT((#179));
#181=STYLED_ITEM('',(#180),#178);
#182=DIRECTION('',(1.E0,0.E0,0.E0));
#183=VECTOR('',#182,3.E-1);
#184=CARTESIAN_POINT('',(-1.75E0,0.E0,1.E-1));
#185=LINE('',#184,#183);
#186=CURVE_STYLE('',#47,POSITIVE_LENGTH_MEASURE(2.E-2),#8);
#187=PRESENTATION_STYLE_ASSIGNMENT((#186));
#188=STYLED_ITEM('',(#187),#185);
#189=DIRECTION('',(0.E0,0.E0,1.E0));
#190=VECTOR('',#189,2.E-1);
#191=CARTESIAN_POINT('',(-1.75E0,0.E0,1.E-1));
#192=LINE('',#191,#190);
#193=CURVE_STYLE('',#47,POSITIVE_LENGTH_MEASURE(2.E-2),#8);
#194=PRESENTATION_STYLE_ASSIGNMENT((#193));
#195=STYLED_ITEM('',(#194),#192);
#196=DIRECTION('',(1.E0,0.E0,0.E0));
#197=VECTOR('',#196,3.E-1);
#198=CARTESIAN_POINT('',(-1.75E0,0.E0,3.E-1));
#199=LINE('',#198,#197);
#200=CURVE_STYLE('',#47,POSITIVE_LENGTH_MEASURE(2.E-2),#8);
#201=PRESENTATION_STYLE_ASSIGNMENT((#200));
#202=STYLED_ITEM('',(#201),#199);
#203=CARTESIAN_POINT('',(-1.45E0,0.E0,4.E-1));
#204=DIRECTION('',(0.E0,-1.E0,0.E0));
#205=DIRECTION('',(0.E0,0.E0,-1.E0));
#206=AXIS2_PLACEMENT_3D('',#203,#204,#205);
#208=CURVE_STYLE('',#47,POSITIVE_LENGTH_MEASURE(2.E-2),#8);
#209=PRESENTATION_STYLE_ASSIGNMENT((#208));
#210=STYLED_ITEM('',(#209),#207);
#211=DIRECTION('',(1.E0,0.E0,0.E0));
#212=VECTOR('',#211,3.E-1);
#213=CARTESIAN_POINT('',(-1.75E0,0.E0,5.E-1));
#214=LINE('',#213,#212);
#215=CURVE_STYLE('',#47,POSITIVE_LENGTH_MEASURE(2.E-2),#8);
#216=PRESENTATION_STYLE_ASSIGNMENT((#215));
#217=STYLED_ITEM('',(#216),#214);
#218=DIRECTION('',(0.E0,0.E0,1.E0));
#219=VECTOR('',#218,2.E-1);
#220=CARTESIAN_POINT('',(-1.75E0,0.E0,5.E-1));
#221=LINE('',#220,#219);
#222=CURVE_STYLE('',#47,POSITIVE_LENGTH_MEASURE(2.E-2),#8);
#223=PRESENTATION_STYLE_ASSIGNMENT((#222));
#224=STYLED_ITEM('',(#223),#221);
#225=DIRECTION('',(1.E0,0.E0,0.E0));
#226=VECTOR('',#225,3.E-1);
#227=CARTESIAN_POINT('',(-1.75E0,0.E0,7.E-1));
#228=LINE('',#227,#226);
#229=CURVE_STYLE('',#47,POSITIVE_LENGTH_MEASURE(2.E-2),#8);
#230=PRESENTATION_STYLE_ASSIGNMENT((#229));
#231=STYLED_ITEM('',(#230),#228);
#232=CARTESIAN_POINT('',(-1.45E0,0.E0,8.E-1));
#233=DIRECTION('',(0.E0,-1.E0,0.E0));
#234=DIRECTION('',(0.E0,0.E0,-1.E0));
#235=AXIS2_PLACEMENT_3D('',#232,#233,#234);
#237=CURVE_STYLE('',#47,POSITIVE_LENGTH_MEASURE(2.E-2),#8);
#238=PRESENTATION_STYLE_ASSIGNMENT((#237));
#239=STYLED_ITEM('',(#238),#236);
#240=DIRECTION('',(1.E0,0.E0,0.E0));
#241=VECTOR('',#240,3.E-1);
#242=CARTESIAN_POINT('',(-1.75E0,0.E0,9.E-1));
#243=LINE('',#242,#241);
#244=CURVE_STYLE('',#47,POSITIVE_LENGTH_MEASURE(2.E-2),#8);
#245=PRESENTATION_STYLE_ASSIGNMENT((#244));
#246=STYLED_ITEM('',(#245),#243);
#247=DIRECTION('',(0.E0,0.E0,1.E0));
#248=VECTOR('',#247,2.E-1);
#249=CARTESIAN_POINT('',(-1.75E0,0.E0,9.E-1));
#250=LINE('',#249,#248);
#251=CURVE_STYLE('',#47,POSITIVE_LENGTH_MEASURE(2.E-2),#8);
#252=PRESENTATION_STYLE_ASSIGNMENT((#251));
#253=STYLED_ITEM('',(#252),#250);
#254=DIRECTION('',(1.E0,0.E0,0.E0));
#255=VECTOR('',#254,3.E-1);
#256=CARTESIAN_POINT('',(-1.75E0,0.E0,1.1E0));
#257=LINE('',#256,#255);
#258=CURVE_STYLE('',#47,POSITIVE_LENGTH_MEASURE(2.E-2),#8);
#259=PRESENTATION_STYLE_ASSIGNMENT((#258));
#260=STYLED_ITEM('',(#259),#257);
#261=CARTESIAN_POINT('',(-1.45E0,0.E0,1.2E0));
#262=DIRECTION('',(0.E0,-1.E0,0.E0));
#263=DIRECTION('',(0.E0,0.E0,-1.E0));
#264=AXIS2_PLACEMENT_3D('',#261,#262,#263);
#266=CURVE_STYLE('',#47,POSITIVE_LENGTH_MEASURE(2.E-2),#8);
#267=PRESENTATION_STYLE_ASSIGNMENT((#266));
#268=STYLED_ITEM('',(#267),#265);
#269=DIRECTION('',(1.E0,0.E0,0.E0));
#270=VECTOR('',#269,3.E-1);
#271=CARTESIAN_POINT('',(-1.75E0,0.E0,1.3E0));
#272=LINE('',#271,#270);
#273=CURVE_STYLE('',#47,POSITIVE_LENGTH_MEASURE(2.E-2),#8);
#274=PRESENTATION_STYLE_ASSIGNMENT((#273));
#275=STYLED_ITEM('',(#274),#272);
#276=DIRECTION('',(0.E0,0.E0,1.E0));
#277=VECTOR('',#276,2.E-1);
#278=CARTESIAN_POINT('',(-1.75E0,0.E0,1.3E0));
#279=LINE('',#278,#277);
#280=CURVE_STYLE('',#47,POSITIVE_LENGTH_MEASURE(2.E-2),#8);
#281=PRESENTATION_STYLE_ASSIGNMENT((#280));
#282=STYLED_ITEM('',(#281),#279);
#283=DIRECTION('',(1.E0,0.E0,0.E0));
#284=VECTOR('',#283,3.E-1);
#285=CARTESIAN_POINT('',(-1.75E0,0.E0,1.5E0));
#286=LINE('',#285,#284);
#287=CURVE_STYLE('',#47,POSITIVE_LENGTH_MEASURE(2.E-2),#8);
#288=PRESENTATION_STYLE_ASSIGNMENT((#287));
#289=STYLED_ITEM('',(#288),#286);
#290=CARTESIAN_POINT('',(-1.45E0,0.E0,1.6E0));
#291=DIRECTION('',(0.E0,-1.E0,0.E0));
#292=DIRECTION('',(0.E0,0.E0,-1.E0));
#293=AXIS2_PLACEMENT_3D('',#290,#291,#292);
#295=CURVE_STYLE('',#47,POSITIVE_LENGTH_MEASURE(2.E-2),#8);
#296=PRESENTATION_STYLE_ASSIGNMENT((#295));
#297=STYLED_ITEM('',(#296),#294);
#298=DIRECTION('',(1.E0,0.E0,0.E0));
#299=VECTOR('',#298,3.E-1);
#300=CARTESIAN_POINT('',(-1.75E0,0.E0,1.7E0));
#301=LINE('',#300,#299);
#302=CURVE_STYLE('',#47,POSITIVE_LENGTH_MEASURE(2.E-2),#8);
#303=PRESENTATION_STYLE_ASSIGNMENT((#302));
#304=STYLED_ITEM('',(#303),#301);
#305=DIRECTION('',(0.E0,0.E0,1.E0));
#306=VECTOR('',#305,5.5E-1);
#307=CARTESIAN_POINT('',(-1.75E0,0.E0,1.7E0));
#308=LINE('',#307,#306);
#309=CURVE_STYLE('',#47,POSITIVE_LENGTH_MEASURE(2.E-2),#8);
#310=PRESENTATION_STYLE_ASSIGNMENT((#309));
#311=STYLED_ITEM('',(#310),#308);
#312=DIRECTION('',(1.E0,0.E0,0.E0));
#313=VECTOR('',#312,8.5E-1);
#314=CARTESIAN_POINT('',(-1.75E0,0.E0,2.25E0));
#315=LINE('',#314,#313);
#316=CURVE_STYLE('',#47,POSITIVE_LENGTH_MEASURE(2.E-2),#8);
#317=PRESENTATION_STYLE_ASSIGNMENT((#316));
#318=STYLED_ITEM('',(#317),#315);
#319=DIRECTION('',(0.E0,0.E0,-1.E0));
#320=VECTOR('',#319,3.E-1);
#321=CARTESIAN_POINT('',(-9.E-1,0.E0,2.25E0));
#322=LINE('',#321,#320);
#323=CURVE_STYLE('',#47,POSITIVE_LENGTH_MEASURE(2.E-2),#8);
#324=PRESENTATION_STYLE_ASSIGNMENT((#323));
#325=STYLED_ITEM('',(#324),#322);
#326=CARTESIAN_POINT('',(-8.E-1,0.E0,1.95E0));
#327=DIRECTION('',(0.E0,-1.E0,0.E0));
#328=DIRECTION('',(-1.E0,0.E0,0.E0));
#329=AXIS2_PLACEMENT_3D('',#326,#327,#328);
#331=CURVE_STYLE('',#47,POSITIVE_LENGTH_MEASURE(2.E-2),#8);
#332=PRESENTATION_STYLE_ASSIGNMENT((#331));
#333=STYLED_ITEM('',(#332),#330);
#334=DIRECTION('',(0.E0,0.E0,-1.E0));
#335=VECTOR('',#334,3.E-1);
#336=CARTESIAN_POINT('',(-7.E-1,0.E0,2.25E0));
#337=LINE('',#336,#335);
#338=CURVE_STYLE('',#47,POSITIVE_LENGTH_MEASURE(2.E-2),#8);
#339=PRESENTATION_STYLE_ASSIGNMENT((#338));
#340=STYLED_ITEM('',(#339),#337);
#341=DIRECTION('',(1.E0,0.E0,0.E0));
#342=VECTOR('',#341,2.E-1);
#343=CARTESIAN_POINT('',(-7.E-1,0.E0,2.25E0));
#344=LINE('',#343,#342);
#345=CURVE_STYLE('',#47,POSITIVE_LENGTH_MEASURE(2.E-2),#8);
#346=PRESENTATION_STYLE_ASSIGNMENT((#345));
#347=STYLED_ITEM('',(#346),#344);
#348=DIRECTION('',(0.E0,0.E0,-1.E0));
#349=VECTOR('',#348,3.E-1);
#350=CARTESIAN_POINT('',(-5.E-1,0.E0,2.25E0));
#351=LINE('',#350,#349);
#352=CURVE_STYLE('',#47,POSITIVE_LENGTH_MEASURE(2.E-2),#8);
#353=PRESENTATION_STYLE_ASSIGNMENT((#352));
#354=STYLED_ITEM('',(#353),#351);
#355=CARTESIAN_POINT('',(-4.E-1,0.E0,1.95E0));
#356=DIRECTION('',(0.E0,-1.E0,0.E0));
#357=DIRECTION('',(-1.E0,0.E0,0.E0));
#358=AXIS2_PLACEMENT_3D('',#355,#356,#357);
#360=CURVE_STYLE('',#47,POSITIVE_LENGTH_MEASURE(2.E-2),#8);
#361=PRESENTATION_STYLE_ASSIGNMENT((#360));
#362=STYLED_ITEM('',(#361),#359);
#363=DIRECTION('',(0.E0,0.E0,-1.E0));
#364=VECTOR('',#363,3.E-1);
#365=CARTESIAN_POINT('',(-3.E-1,0.E0,2.25E0));
#366=LINE('',#365,#364);
#367=CURVE_STYLE('',#47,POSITIVE_LENGTH_MEASURE(2.E-2),#8);
#368=PRESENTATION_STYLE_ASSIGNMENT((#367));
#369=STYLED_ITEM('',(#368),#366);
#370=DIRECTION('',(1.E0,0.E0,0.E0));
#371=VECTOR('',#370,2.E-1);
#372=CARTESIAN_POINT('',(-3.E-1,0.E0,2.25E0));
#373=LINE('',#372,#371);
#374=CURVE_STYLE('',#47,POSITIVE_LENGTH_MEASURE(2.E-2),#8);
#375=PRESENTATION_STYLE_ASSIGNMENT((#374));
#376=STYLED_ITEM('',(#375),#373);
#377=DIRECTION('',(0.E0,0.E0,-1.E0));
#378=VECTOR('',#377,3.E-1);
#379=CARTESIAN_POINT('',(-1.E-1,0.E0,2.25E0));
#380=LINE('',#379,#378);
#381=CURVE_STYLE('',#47,POSITIVE_LENGTH_MEASURE(2.E-2),#8);
#382=PRESENTATION_STYLE_ASSIGNMENT((#381));
#383=STYLED_ITEM('',(#382),#380);
#384=CARTESIAN_POINT('',(0.E0,0.E0,1.95E0));
#385=DIRECTION('',(0.E0,-1.E0,0.E0));
#386=DIRECTION('',(-1.E0,0.E0,0.E0));
#387=AXIS2_PLACEMENT_3D('',#384,#385,#386);
#389=CURVE_STYLE('',#47,POSITIVE_LENGTH_MEASURE(2.E-2),#8);
#390=PRESENTATION_STYLE_ASSIGNMENT((#389));
#391=STYLED_ITEM('',(#390),#388);
#392=DIRECTION('',(0.E0,0.E0,-1.E0));
#393=VECTOR('',#392,3.E-1);
#394=CARTESIAN_POINT('',(1.E-1,0.E0,2.25E0));
#395=LINE('',#394,#393);
#396=CURVE_STYLE('',#47,POSITIVE_LENGTH_MEASURE(2.E-2),#8);
#397=PRESENTATION_STYLE_ASSIGNMENT((#396));
#398=STYLED_ITEM('',(#397),#395);
#399=DIRECTION('',(1.E0,0.E0,0.E0));
#400=VECTOR('',#399,2.E-1);
#401=CARTESIAN_POINT('',(1.E-1,0.E0,2.25E0));
#402=LINE('',#401,#400);
#403=CURVE_STYLE('',#47,POSITIVE_LENGTH_MEASURE(2.E-2),#8);
#404=PRESENTATION_STYLE_ASSIGNMENT((#403));
#405=STYLED_ITEM('',(#404),#402);
#406=DIRECTION('',(0.E0,0.E0,-1.E0));
#407=VECTOR('',#406,3.E-1);
#408=CARTESIAN_POINT('',(3.E-1,0.E0,2.25E0));
#409=LINE('',#408,#407);
#410=CURVE_STYLE('',#47,POSITIVE_LENGTH_MEASURE(2.E-2),#8);
#411=PRESENTATION_STYLE_ASSIGNMENT((#410));
#412=STYLED_ITEM('',(#411),#409);
#413=CARTESIAN_POINT('',(4.E-1,0.E0,1.95E0));
#414=DIRECTION('',(0.E0,-1.E0,0.E0));
#415=DIRECTION('',(-1.E0,0.E0,0.E0));
#416=AXIS2_PLACEMENT_3D('',#413,#414,#415);
#418=CURVE_STYLE('',#47,POSITIVE_LENGTH_MEASURE(2.E-2),#8);
#419=PRESENTATION_STYLE_ASSIGNMENT((#418));
#420=STYLED_ITEM('',(#419),#417);
#421=DIRECTION('',(0.E0,0.E0,-1.E0));
#422=VECTOR('',#421,3.E-1);
#423=CARTESIAN_POINT('',(5.E-1,0.E0,2.25E0));
#424=LINE('',#423,#422);
#425=CURVE_STYLE('',#47,POSITIVE_LENGTH_MEASURE(2.E-2),#8);
#426=PRESENTATION_STYLE_ASSIGNMENT((#425));
#427=STYLED_ITEM('',(#426),#424);
#428=DIRECTION('',(1.E0,0.E0,0.E0));
#429=VECTOR('',#428,2.E-1);
#430=CARTESIAN_POINT('',(5.E-1,0.E0,2.25E0));
#431=LINE('',#430,#429);
#432=CURVE_STYLE('',#47,POSITIVE_LENGTH_MEASURE(2.E-2),#8);
#433=PRESENTATION_STYLE_ASSIGNMENT((#432));
#434=STYLED_ITEM('',(#433),#431);
#435=DIRECTION('',(0.E0,0.E0,-1.E0));
#436=VECTOR('',#435,3.E-1);
#437=CARTESIAN_POINT('',(7.E-1,0.E0,2.25E0));
#438=LINE('',#437,#436);
#439=CURVE_STYLE('',#47,POSITIVE_LENGTH_MEASURE(2.E-2),#8);
#440=PRESENTATION_STYLE_ASSIGNMENT((#439));
#441=STYLED_ITEM('',(#440),#438);
#442=CARTESIAN_POINT('',(8.E-1,0.E0,1.95E0));
#443=DIRECTION('',(0.E0,-1.E0,0.E0));
#444=DIRECTION('',(-1.E0,0.E0,0.E0));
#445=AXIS2_PLACEMENT_3D('',#442,#443,#444);
#447=CURVE_STYLE('',#47,POSITIVE_LENGTH_MEASURE(2.E-2),#8);
#448=PRESENTATION_STYLE_ASSIGNMENT((#447));
#449=STYLED_ITEM('',(#448),#446);
#450=DIRECTION('',(0.E0,0.E0,-1.E0));
#451=VECTOR('',#450,3.E-1);
#452=CARTESIAN_POINT('',(9.E-1,0.E0,2.25E0));
#453=LINE('',#452,#451);
#454=CURVE_STYLE('',#47,POSITIVE_LENGTH_MEASURE(2.E-2),#8);
#455=PRESENTATION_STYLE_ASSIGNMENT((#454));
#456=STYLED_ITEM('',(#455),#453);
#457=DIRECTION('',(1.E0,0.E0,0.E0));
#458=VECTOR('',#457,8.5E-1);
#459=CARTESIAN_POINT('',(9.E-1,0.E0,2.25E0));
#460=LINE('',#459,#458);
#461=CURVE_STYLE('',#47,POSITIVE_LENGTH_MEASURE(2.E-2),#8);
#462=PRESENTATION_STYLE_ASSIGNMENT((#461));
#463=STYLED_ITEM('',(#462),#460);
#464=DIRECTION('',(0.E0,0.E0,-1.E0));
#465=VECTOR('',#464,5.5E-1);
#466=CARTESIAN_POINT('',(1.75E0,0.E0,2.25E0));
#467=LINE('',#466,#465);
#468=CURVE_STYLE('',#47,POSITIVE_LENGTH_MEASURE(2.E-2),#8);
#469=PRESENTATION_STYLE_ASSIGNMENT((#468));
#470=STYLED_ITEM('',(#469),#467);
#471=DIRECTION('',(-1.E0,0.E0,0.E0));
#472=VECTOR('',#471,3.E-1);
#473=CARTESIAN_POINT('',(1.75E0,0.E0,1.7E0));
#474=LINE('',#473,#472);
#475=CURVE_STYLE('',#47,POSITIVE_LENGTH_MEASURE(2.E-2),#8);
#476=PRESENTATION_STYLE_ASSIGNMENT((#475));
#477=STYLED_ITEM('',(#476),#474);
#478=CARTESIAN_POINT('',(1.45E0,0.E0,1.6E0));
#479=DIRECTION('',(0.E0,1.E0,0.E0));
#480=DIRECTION('',(0.E0,0.E0,-1.E0));
#481=AXIS2_PLACEMENT_3D('',#478,#479,#480);
#483=CURVE_STYLE('',#47,POSITIVE_LENGTH_MEASURE(2.E-2),#8);
#484=PRESENTATION_STYLE_ASSIGNMENT((#483));
#485=STYLED_ITEM('',(#484),#482);
#486=DIRECTION('',(-1.E0,0.E0,0.E0));
#487=VECTOR('',#486,3.E-1);
#488=CARTESIAN_POINT('',(1.75E0,0.E0,1.5E0));
#489=LINE('',#488,#487);
#490=CURVE_STYLE('',#47,POSITIVE_LENGTH_MEASURE(2.E-2),#8);
#491=PRESENTATION_STYLE_ASSIGNMENT((#490));
#492=STYLED_ITEM('',(#491),#489);
#493=DIRECTION('',(0.E0,0.E0,-1.E0));
#494=VECTOR('',#493,2.E-1);
#495=CARTESIAN_POINT('',(1.75E0,0.E0,1.5E0));
#496=LINE('',#495,#494);
#497=CURVE_STYLE('',#47,POSITIVE_LENGTH_MEASURE(2.E-2),#8);
#498=PRESENTATION_STYLE_ASSIGNMENT((#497));
#499=STYLED_ITEM('',(#498),#496);
#500=DIRECTION('',(-1.E0,0.E0,0.E0));
#501=VECTOR('',#500,3.E-1);
#502=CARTESIAN_POINT('',(1.75E0,0.E0,1.3E0));
#503=LINE('',#502,#501);
#504=CURVE_STYLE('',#47,POSITIVE_LENGTH_MEASURE(2.E-2),#8);
#505=PRESENTATION_STYLE_ASSIGNMENT((#504));
#506=STYLED_ITEM('',(#505),#503);
#507=CARTESIAN_POINT('',(1.45E0,0.E0,1.2E0));
#508=DIRECTION('',(0.E0,1.E0,0.E0));
#509=DIRECTION('',(0.E0,0.E0,-1.E0));
#510=AXIS2_PLACEMENT_3D('',#507,#508,#509);
#512=CURVE_STYLE('',#47,POSITIVE_LENGTH_MEASURE(2.E-2),#8);
#513=PRESENTATION_STYLE_ASSIGNMENT((#512));
#514=STYLED_ITEM('',(#513),#511);
#515=DIRECTION('',(-1.E0,0.E0,0.E0));
#516=VECTOR('',#515,3.E-1);
#517=CARTESIAN_POINT('',(1.75E0,0.E0,1.1E0));
#518=LINE('',#517,#516);
#519=CURVE_STYLE('',#47,POSITIVE_LENGTH_MEASURE(2.E-2),#8);
#520=PRESENTATION_STYLE_ASSIGNMENT((#519));
#521=STYLED_ITEM('',(#520),#518);
#522=DIRECTION('',(0.E0,0.E0,-1.E0));
#523=VECTOR('',#522,2.E-1);
#524=CARTESIAN_POINT('',(1.75E0,0.E0,1.1E0));
#525=LINE('',#524,#523);
#526=CURVE_STYLE('',#47,POSITIVE_LENGTH_MEASURE(2.E-2),#8);
#527=PRESENTATION_STYLE_ASSIGNMENT((#526));
#528=STYLED_ITEM('',(#527),#525);
#529=DIRECTION('',(-1.E0,0.E0,0.E0));
#530=VECTOR('',#529,3.E-1);
#531=CARTESIAN_POINT('',(1.75E0,0.E0,9.E-1));
#532=LINE('',#531,#530);
#533=CURVE_STYLE('',#47,POSITIVE_LENGTH_MEASURE(2.E-2),#8);
#534=PRESENTATION_STYLE_ASSIGNMENT((#533));
#535=STYLED_ITEM('',(#534),#532);
#536=CARTESIAN_POINT('',(1.45E0,0.E0,8.E-1));
#537=DIRECTION('',(0.E0,1.E0,0.E0));
#538=DIRECTION('',(0.E0,0.E0,-1.E0));
#539=AXIS2_PLACEMENT_3D('',#536,#537,#538);
#541=CURVE_STYLE('',#47,POSITIVE_LENGTH_MEASURE(2.E-2),#8);
#542=PRESENTATION_STYLE_ASSIGNMENT((#541));
#543=STYLED_ITEM('',(#542),#540);
#544=DIRECTION('',(-1.E0,0.E0,0.E0));
#545=VECTOR('',#544,3.E-1);
#546=CARTESIAN_POINT('',(1.75E0,0.E0,7.E-1));
#547=LINE('',#546,#545);
#548=CURVE_STYLE('',#47,POSITIVE_LENGTH_MEASURE(2.E-2),#8);
#549=PRESENTATION_STYLE_ASSIGNMENT((#548));
#550=STYLED_ITEM('',(#549),#547);
#551=DIRECTION('',(0.E0,0.E0,-1.E0));
#552=VECTOR('',#551,2.E-1);
#553=CARTESIAN_POINT('',(1.75E0,0.E0,7.E-1));
#554=LINE('',#553,#552);
#555=CURVE_STYLE('',#47,POSITIVE_LENGTH_MEASURE(2.E-2),#8);
#556=PRESENTATION_STYLE_ASSIGNMENT((#555));
#557=STYLED_ITEM('',(#556),#554);
#558=DIRECTION('',(-1.E0,0.E0,0.E0));
#559=VECTOR('',#558,3.E-1);
#560=CARTESIAN_POINT('',(1.75E0,0.E0,5.E-1));
#561=LINE('',#560,#559);
#562=CURVE_STYLE('',#47,POSITIVE_LENGTH_MEASURE(2.E-2),#8);
#563=PRESENTATION_STYLE_ASSIGNMENT((#562));
#564=STYLED_ITEM('',(#563),#561);
#565=CARTESIAN_POINT('',(1.45E0,0.E0,4.E-1));
#566=DIRECTION('',(0.E0,1.E0,0.E0));
#567=DIRECTION('',(0.E0,0.E0,-1.E0));
#568=AXIS2_PLACEMENT_3D('',#565,#566,#567);
#570=CURVE_STYLE('',#47,POSITIVE_LENGTH_MEASURE(2.E-2),#8);
#571=PRESENTATION_STYLE_ASSIGNMENT((#570));
#572=STYLED_ITEM('',(#571),#569);
#573=DIRECTION('',(-1.E0,0.E0,0.E0));
#574=VECTOR('',#573,3.E-1);
#575=CARTESIAN_POINT('',(1.75E0,0.E0,3.E-1));
#576=LINE('',#575,#574);
#577=CURVE_STYLE('',#47,POSITIVE_LENGTH_MEASURE(2.E-2),#8);
#578=PRESENTATION_STYLE_ASSIGNMENT((#577));
#579=STYLED_ITEM('',(#578),#576);
#580=DIRECTION('',(0.E0,0.E0,-1.E0));
#581=VECTOR('',#580,2.E-1);
#582=CARTESIAN_POINT('',(1.75E0,0.E0,3.E-1));
#583=LINE('',#582,#581);
#584=CURVE_STYLE('',#47,POSITIVE_LENGTH_MEASURE(2.E-2),#8);
#585=PRESENTATION_STYLE_ASSIGNMENT((#584));
#586=STYLED_ITEM('',(#585),#583);
#587=DIRECTION('',(-1.E0,0.E0,0.E0));
#588=VECTOR('',#587,3.E-1);
#589=CARTESIAN_POINT('',(1.75E0,0.E0,1.E-1));
#590=LINE('',#589,#588);
#591=CURVE_STYLE('',#47,POSITIVE_LENGTH_MEASURE(2.E-2),#8);
#592=PRESENTATION_STYLE_ASSIGNMENT((#591));
#593=STYLED_ITEM('',(#592),#590);
#594=CARTESIAN_POINT('',(1.45E0,0.E0,0.E0));
#595=DIRECTION('',(0.E0,1.E0,0.E0));
#596=DIRECTION('',(0.E0,0.E0,-1.E0));
#597=AXIS2_PLACEMENT_3D('',#594,#595,#596);
#599=CURVE_STYLE('',#47,POSITIVE_LENGTH_MEASURE(2.E-2),#8);
#600=PRESENTATION_STYLE_ASSIGNMENT((#599));
#601=STYLED_ITEM('',(#600),#598);
#602=DIRECTION('',(-1.E0,0.E0,0.E0));
#603=VECTOR('',#602,3.E-1);
#604=CARTESIAN_POINT('',(1.75E0,0.E0,-1.E-1));
#605=LINE('',#604,#603);
#606=CURVE_STYLE('',#47,POSITIVE_LENGTH_MEASURE(2.E-2),#8);
#607=PRESENTATION_STYLE_ASSIGNMENT((#606));
#608=STYLED_ITEM('',(#607),#605);
#609=DIRECTION('',(0.E0,0.E0,-1.E0));
#610=VECTOR('',#609,2.E-1);
#611=CARTESIAN_POINT('',(1.75E0,0.E0,-1.E-1));
#612=LINE('',#611,#610);
#613=CURVE_STYLE('',#47,POSITIVE_LENGTH_MEASURE(2.E-2),#8);
#614=PRESENTATION_STYLE_ASSIGNMENT((#613));
#615=STYLED_ITEM('',(#614),#612);
#616=DIRECTION('',(-1.E0,0.E0,0.E0));
#617=VECTOR('',#616,3.E-1);
#618=CARTESIAN_POINT('',(1.75E0,0.E0,-3.E-1));
#619=LINE('',#618,#617);
#620=CURVE_STYLE('',#47,POSITIVE_LENGTH_MEASURE(2.E-2),#8);
#621=PRESENTATION_STYLE_ASSIGNMENT((#620));
#622=STYLED_ITEM('',(#621),#619);
#623=CARTESIAN_POINT('',(1.45E0,0.E0,-4.E-1));
#624=DIRECTION('',(0.E0,1.E0,0.E0));
#625=DIRECTION('',(0.E0,0.E0,-1.E0));
#626=AXIS2_PLACEMENT_3D('',#623,#624,#625);
#628=CURVE_STYLE('',#47,POSITIVE_LENGTH_MEASURE(2.E-2),#8);
#629=PRESENTATION_STYLE_ASSIGNMENT((#628));
#630=STYLED_ITEM('',(#629),#627);
#631=DIRECTION('',(-1.E0,0.E0,0.E0));
#632=VECTOR('',#631,3.E-1);
#633=CARTESIAN_POINT('',(1.75E0,0.E0,-5.E-1));
#634=LINE('',#633,#632);
#635=CURVE_STYLE('',#47,POSITIVE_LENGTH_MEASURE(2.E-2),#8);
#636=PRESENTATION_STYLE_ASSIGNMENT((#635));
#637=STYLED_ITEM('',(#636),#634);
#638=DIRECTION('',(0.E0,0.E0,-1.E0));
#639=VECTOR('',#638,2.E-1);
#640=CARTESIAN_POINT('',(1.75E0,0.E0,-5.E-1));
#641=LINE('',#640,#639);
#642=CURVE_STYLE('',#47,POSITIVE_LENGTH_MEASURE(2.E-2),#8);
#643=PRESENTATION_STYLE_ASSIGNMENT((#642));
#644=STYLED_ITEM('',(#643),#641);
#645=DIRECTION('',(-1.E0,0.E0,0.E0));
#646=VECTOR('',#645,3.E-1);
#647=CARTESIAN_POINT('',(1.75E0,0.E0,-7.E-1));
#648=LINE('',#647,#646);
#649=CURVE_STYLE('',#47,POSITIVE_LENGTH_MEASURE(2.E-2),#8);
#650=PRESENTATION_STYLE_ASSIGNMENT((#649));
#651=STYLED_ITEM('',(#650),#648);
#652=CARTESIAN_POINT('',(1.45E0,0.E0,-8.E-1));
#653=DIRECTION('',(0.E0,1.E0,0.E0));
#654=DIRECTION('',(0.E0,0.E0,-1.E0));
#655=AXIS2_PLACEMENT_3D('',#652,#653,#654);
#657=CURVE_STYLE('',#47,POSITIVE_LENGTH_MEASURE(2.E-2),#8);
#658=PRESENTATION_STYLE_ASSIGNMENT((#657));
#659=STYLED_ITEM('',(#658),#656);
#660=DIRECTION('',(-1.E0,0.E0,0.E0));
#661=VECTOR('',#660,3.E-1);
#662=CARTESIAN_POINT('',(1.75E0,0.E0,-9.E-1));
#663=LINE('',#662,#661);
#664=CURVE_STYLE('',#47,POSITIVE_LENGTH_MEASURE(2.E-2),#8);
#665=PRESENTATION_STYLE_ASSIGNMENT((#664));
#666=STYLED_ITEM('',(#665),#663);
#667=DIRECTION('',(0.E0,0.E0,-1.E0));
#668=VECTOR('',#667,2.E-1);
#669=CARTESIAN_POINT('',(1.75E0,0.E0,-9.E-1));
#670=LINE('',#669,#668);
#671=CURVE_STYLE('',#47,POSITIVE_LENGTH_MEASURE(2.E-2),#8);
#672=PRESENTATION_STYLE_ASSIGNMENT((#671));
#673=STYLED_ITEM('',(#672),#670);
#674=DIRECTION('',(-1.E0,0.E0,0.E0));
#675=VECTOR('',#674,3.E-1);
#676=CARTESIAN_POINT('',(1.75E0,0.E0,-1.1E0));
#677=LINE('',#676,#675);
#678=CURVE_STYLE('',#47,POSITIVE_LENGTH_MEASURE(2.E-2),#8);
#679=PRESENTATION_STYLE_ASSIGNMENT((#678));
#680=STYLED_ITEM('',(#679),#677);
#681=CARTESIAN_POINT('',(1.45E0,0.E0,-1.2E0));
#682=DIRECTION('',(0.E0,1.E0,0.E0));
#683=DIRECTION('',(-1.554312234475E-14,0.E0,-1.E0));
#684=AXIS2_PLACEMENT_3D('',#681,#682,#683);
#686=CURVE_STYLE('',#47,POSITIVE_LENGTH_MEASURE(2.E-2),#8);
#687=PRESENTATION_STYLE_ASSIGNMENT((#686));
#688=STYLED_ITEM('',(#687),#685);
#689=DIRECTION('',(-1.E0,0.E0,0.E0));
#690=VECTOR('',#689,3.E-1);
#691=CARTESIAN_POINT('',(1.75E0,0.E0,-1.3E0));
#692=LINE('',#691,#690);
#693=CURVE_STYLE('',#47,POSITIVE_LENGTH_MEASURE(2.E-2),#8);
#694=PRESENTATION_STYLE_ASSIGNMENT((#693));
#695=STYLED_ITEM('',(#694),#692);
#696=DIRECTION('',(0.E0,0.E0,-1.E0));
#697=VECTOR('',#696,2.E-1);
#698=CARTESIAN_POINT('',(1.75E0,0.E0,-1.3E0));
#699=LINE('',#698,#697);
#700=CURVE_STYLE('',#47,POSITIVE_LENGTH_MEASURE(2.E-2),#8);
#701=PRESENTATION_STYLE_ASSIGNMENT((#700));
#702=STYLED_ITEM('',(#701),#699);
#703=DIRECTION('',(-1.E0,0.E0,0.E0));
#704=VECTOR('',#703,3.E-1);
#705=CARTESIAN_POINT('',(1.75E0,0.E0,-1.5E0));
#706=LINE('',#705,#704);
#707=CURVE_STYLE('',#47,POSITIVE_LENGTH_MEASURE(2.E-2),#8);
#708=PRESENTATION_STYLE_ASSIGNMENT((#707));
#709=STYLED_ITEM('',(#708),#706);
#710=CARTESIAN_POINT('',(1.45E0,0.E0,-1.6E0));
#711=DIRECTION('',(0.E0,1.E0,0.E0));
#712=DIRECTION('',(0.E0,0.E0,-1.E0));
#713=AXIS2_PLACEMENT_3D('',#710,#711,#712);
#715=CURVE_STYLE('',#47,POSITIVE_LENGTH_MEASURE(2.E-2),#8);
#716=PRESENTATION_STYLE_ASSIGNMENT((#715));
#717=STYLED_ITEM('',(#716),#714);
#718=DIRECTION('',(-1.E0,0.E0,0.E0));
#719=VECTOR('',#718,3.E-1);
#720=CARTESIAN_POINT('',(1.75E0,0.E0,-1.7E0));
#721=LINE('',#720,#719);
#722=CURVE_STYLE('',#47,POSITIVE_LENGTH_MEASURE(2.E-2),#8);
#723=PRESENTATION_STYLE_ASSIGNMENT((#722));
#724=STYLED_ITEM('',(#723),#721);
#725=DIRECTION('',(0.E0,0.E0,-1.E0));
#726=VECTOR('',#725,5.5E-1);
#727=CARTESIAN_POINT('',(1.75E0,0.E0,-1.7E0));
#728=LINE('',#727,#726);
#729=CURVE_STYLE('',#47,POSITIVE_LENGTH_MEASURE(2.E-2),#8);
#730=PRESENTATION_STYLE_ASSIGNMENT((#729));
#731=STYLED_ITEM('',(#730),#728);
#732=DIRECTION('',(-1.E0,0.E0,0.E0));
#733=VECTOR('',#732,8.5E-1);
#734=CARTESIAN_POINT('',(1.75E0,0.E0,-2.25E0));
#735=LINE('',#734,#733);
#736=CURVE_STYLE('',#47,POSITIVE_LENGTH_MEASURE(2.E-2),#8);
#737=PRESENTATION_STYLE_ASSIGNMENT((#736));
#738=STYLED_ITEM('',(#737),#735);
#739=DIRECTION('',(0.E0,0.E0,1.E0));
#740=VECTOR('',#739,3.E-1);
#741=CARTESIAN_POINT('',(9.E-1,0.E0,-2.25E0));
#742=LINE('',#741,#740);
#743=CURVE_STYLE('',#47,POSITIVE_LENGTH_MEASURE(2.E-2),#8);
#744=PRESENTATION_STYLE_ASSIGNMENT((#743));
#745=STYLED_ITEM('',(#744),#742);
#746=CARTESIAN_POINT('',(8.E-1,0.E0,-1.95E0));
#747=DIRECTION('',(0.E0,1.E0,0.E0));
#748=DIRECTION('',(-1.E0,0.E0,0.E0));
#749=AXIS2_PLACEMENT_3D('',#746,#747,#748);
#751=CURVE_STYLE('',#47,POSITIVE_LENGTH_MEASURE(2.E-2),#8);
#752=PRESENTATION_STYLE_ASSIGNMENT((#751));
#753=STYLED_ITEM('',(#752),#750);
#754=DIRECTION('',(0.E0,0.E0,1.E0));
#755=VECTOR('',#754,3.E-1);
#756=CARTESIAN_POINT('',(7.E-1,0.E0,-2.25E0));
#757=LINE('',#756,#755);
#758=CURVE_STYLE('',#47,POSITIVE_LENGTH_MEASURE(2.E-2),#8);
#759=PRESENTATION_STYLE_ASSIGNMENT((#758));
#760=STYLED_ITEM('',(#759),#757);
#761=DIRECTION('',(-1.E0,0.E0,0.E0));
#762=VECTOR('',#761,2.E-1);
#763=CARTESIAN_POINT('',(7.E-1,0.E0,-2.25E0));
#764=LINE('',#763,#762);
#765=CURVE_STYLE('',#47,POSITIVE_LENGTH_MEASURE(2.E-2),#8);
#766=PRESENTATION_STYLE_ASSIGNMENT((#765));
#767=STYLED_ITEM('',(#766),#764);
#768=DIRECTION('',(0.E0,0.E0,1.E0));
#769=VECTOR('',#768,3.E-1);
#770=CARTESIAN_POINT('',(5.E-1,0.E0,-2.25E0));
#771=LINE('',#770,#769);
#772=CURVE_STYLE('',#47,POSITIVE_LENGTH_MEASURE(2.E-2),#8);
#773=PRESENTATION_STYLE_ASSIGNMENT((#772));
#774=STYLED_ITEM('',(#773),#771);
#775=CARTESIAN_POINT('',(4.E-1,0.E0,-1.95E0));
#776=DIRECTION('',(0.E0,1.E0,0.E0));
#777=DIRECTION('',(-1.E0,0.E0,0.E0));
#778=AXIS2_PLACEMENT_3D('',#775,#776,#777);
#780=CURVE_STYLE('',#47,POSITIVE_LENGTH_MEASURE(2.E-2),#8);
#781=PRESENTATION_STYLE_ASSIGNMENT((#780));
#782=STYLED_ITEM('',(#781),#779);
#783=DIRECTION('',(0.E0,0.E0,1.E0));
#784=VECTOR('',#783,3.E-1);
#785=CARTESIAN_POINT('',(3.E-1,0.E0,-2.25E0));
#786=LINE('',#785,#784);
#787=CURVE_STYLE('',#47,POSITIVE_LENGTH_MEASURE(2.E-2),#8);
#788=PRESENTATION_STYLE_ASSIGNMENT((#787));
#789=STYLED_ITEM('',(#788),#786);
#790=DIRECTION('',(-1.E0,0.E0,0.E0));
#791=VECTOR('',#790,2.E-1);
#792=CARTESIAN_POINT('',(3.E-1,0.E0,-2.25E0));
#793=LINE('',#792,#791);
#794=CURVE_STYLE('',#47,POSITIVE_LENGTH_MEASURE(2.E-2),#8);
#795=PRESENTATION_STYLE_ASSIGNMENT((#794));
#796=STYLED_ITEM('',(#795),#793);
#797=DIRECTION('',(0.E0,0.E0,1.E0));
#798=VECTOR('',#797,3.E-1);
#799=CARTESIAN_POINT('',(1.E-1,0.E0,-2.25E0));
#800=LINE('',#799,#798);
#801=CURVE_STYLE('',#47,POSITIVE_LENGTH_MEASURE(2.E-2),#8);
#802=PRESENTATION_STYLE_ASSIGNMENT((#801));
#803=STYLED_ITEM('',(#802),#800);
#804=CARTESIAN_POINT('',(0.E0,0.E0,-1.95E0));
#805=DIRECTION('',(0.E0,1.E0,0.E0));
#806=DIRECTION('',(-1.E0,0.E0,0.E0));
#807=AXIS2_PLACEMENT_3D('',#804,#805,#806);
#809=CURVE_STYLE('',#47,POSITIVE_LENGTH_MEASURE(2.E-2),#8);
#810=PRESENTATION_STYLE_ASSIGNMENT((#809));
#811=STYLED_ITEM('',(#810),#808);
#812=DIRECTION('',(0.E0,0.E0,1.E0));
#813=VECTOR('',#812,3.E-1);
#814=CARTESIAN_POINT('',(-1.E-1,0.E0,-2.25E0));
#815=LINE('',#814,#813);
#816=CURVE_STYLE('',#47,POSITIVE_LENGTH_MEASURE(2.E-2),#8);
#817=PRESENTATION_STYLE_ASSIGNMENT((#816));
#818=STYLED_ITEM('',(#817),#815);
#819=DIRECTION('',(-1.E0,0.E0,0.E0));
#820=VECTOR('',#819,2.E-1);
#821=CARTESIAN_POINT('',(-1.E-1,0.E0,-2.25E0));
#822=LINE('',#821,#820);
#823=CURVE_STYLE('',#47,POSITIVE_LENGTH_MEASURE(2.E-2),#8);
#824=PRESENTATION_STYLE_ASSIGNMENT((#823));
#825=STYLED_ITEM('',(#824),#822);
#826=DIRECTION('',(0.E0,0.E0,1.E0));
#827=VECTOR('',#826,3.E-1);
#828=CARTESIAN_POINT('',(-3.E-1,0.E0,-2.25E0));
#829=LINE('',#828,#827);
#830=CURVE_STYLE('',#47,POSITIVE_LENGTH_MEASURE(2.E-2),#8);
#831=PRESENTATION_STYLE_ASSIGNMENT((#830));
#832=STYLED_ITEM('',(#831),#829);
#833=CARTESIAN_POINT('',(-4.E-1,0.E0,-1.95E0));
#834=DIRECTION('',(0.E0,1.E0,0.E0));
#835=DIRECTION('',(-1.E0,0.E0,0.E0));
#836=AXIS2_PLACEMENT_3D('',#833,#834,#835);
#838=CURVE_STYLE('',#47,POSITIVE_LENGTH_MEASURE(2.E-2),#8);
#839=PRESENTATION_STYLE_ASSIGNMENT((#838));
#840=STYLED_ITEM('',(#839),#837);
#841=DIRECTION('',(0.E0,0.E0,1.E0));
#842=VECTOR('',#841,3.E-1);
#843=CARTESIAN_POINT('',(-5.E-1,0.E0,-2.25E0));
#844=LINE('',#843,#842);
#845=CURVE_STYLE('',#47,POSITIVE_LENGTH_MEASURE(2.E-2),#8);
#846=PRESENTATION_STYLE_ASSIGNMENT((#845));
#847=STYLED_ITEM('',(#846),#844);
#848=DIRECTION('',(-1.E0,0.E0,0.E0));
#849=VECTOR('',#848,2.E-1);
#850=CARTESIAN_POINT('',(-5.E-1,0.E0,-2.25E0));
#851=LINE('',#850,#849);
#852=CURVE_STYLE('',#47,POSITIVE_LENGTH_MEASURE(2.E-2),#8);
#853=PRESENTATION_STYLE_ASSIGNMENT((#852));
#854=STYLED_ITEM('',(#853),#851);
#855=DIRECTION('',(0.E0,0.E0,1.E0));
#856=VECTOR('',#855,3.E-1);
#857=CARTESIAN_POINT('',(-7.E-1,0.E0,-2.25E0));
#858=LINE('',#857,#856);
#859=CURVE_STYLE('',#47,POSITIVE_LENGTH_MEASURE(2.E-2),#8);
#860=PRESENTATION_STYLE_ASSIGNMENT((#859));
#861=STYLED_ITEM('',(#860),#858);
#862=CARTESIAN_POINT('',(-8.E-1,0.E0,-1.95E0));
#863=DIRECTION('',(0.E0,1.E0,0.E0));
#864=DIRECTION('',(-1.E0,0.E0,0.E0));
#865=AXIS2_PLACEMENT_3D('',#862,#863,#864);
#867=CURVE_STYLE('',#47,POSITIVE_LENGTH_MEASURE(2.E-2),#8);
#868=PRESENTATION_STYLE_ASSIGNMENT((#867));
#869=STYLED_ITEM('',(#868),#866);
#870=DIRECTION('',(0.E0,0.E0,1.E0));
#871=VECTOR('',#870,3.E-1);
#872=CARTESIAN_POINT('',(-9.E-1,0.E0,-2.25E0));
#873=LINE('',#872,#871);
#874=CURVE_STYLE('',#47,POSITIVE_LENGTH_MEASURE(2.E-2),#8);
#875=PRESENTATION_STYLE_ASSIGNMENT((#874));
#876=STYLED_ITEM('',(#875),#873);
#877=DIRECTION('',(-1.E0,0.E0,0.E0));
#878=VECTOR('',#877,8.5E-1);
#879=CARTESIAN_POINT('',(-9.E-1,0.E0,-2.25E0));
#880=LINE('',#879,#878);
#881=CURVE_STYLE('',#47,POSITIVE_LENGTH_MEASURE(2.E-2),#8);
#882=PRESENTATION_STYLE_ASSIGNMENT((#881));
#883=STYLED_ITEM('',(#882),#880);
#884=DIRECTION('',(-1.E0,0.E0,0.E0));
#885=VECTOR('',#884,1.75E0);
#886=CARTESIAN_POINT('',(1.05E0,0.E0,-1.55E0));
#887=LINE('',#886,#885);
#888=CURVE_STYLE('',#47,POSITIVE_LENGTH_MEASURE(2.E-2),#8);
#889=PRESENTATION_STYLE_ASSIGNMENT((#888));
#890=STYLED_ITEM('',(#889),#887);
#891=DIRECTION('',(0.E0,0.E0,-1.E0));
#892=VECTOR('',#891,3.1E0);
#893=CARTESIAN_POINT('',(1.05E0,0.E0,1.55E0));
#894=LINE('',#893,#892);
#895=CURVE_STYLE('',#47,POSITIVE_LENGTH_MEASURE(2.E-2),#8);
#896=PRESENTATION_STYLE_ASSIGNMENT((#895));
#897=STYLED_ITEM('',(#896),#894);
#898=DIRECTION('',(1.E0,0.E0,0.E0));
#899=VECTOR('',#898,2.1E0);
#900=CARTESIAN_POINT('',(-1.05E0,0.E0,1.55E0));
#901=LINE('',#900,#899);
#902=CURVE_STYLE('',#47,POSITIVE_LENGTH_MEASURE(2.E-2),#8);
#903=PRESENTATION_STYLE_ASSIGNMENT((#902));
#904=STYLED_ITEM('',(#903),#901);
#905=DIRECTION('',(0.E0,0.E0,1.E0));
#906=VECTOR('',#905,2.75E0);
#907=CARTESIAN_POINT('',(-1.05E0,0.E0,-1.2E0));
#908=LINE('',#907,#906);
#909=CURVE_STYLE('',#47,POSITIVE_LENGTH_MEASURE(2.E-2),#8);
#910=PRESENTATION_STYLE_ASSIGNMENT((#909));
#911=STYLED_ITEM('',(#910),#908);
#912=DIRECTION('',(-7.071067811865E-1,0.E0,7.071067811865E-1));
#913=VECTOR('',#912,4.949747468306E-1);
#914=CARTESIAN_POINT('',(-7.E-1,0.E0,-1.55E0));
#915=LINE('',#914,#913);
#916=CURVE_STYLE('',#47,POSITIVE_LENGTH_MEASURE(2.E-2),#8);
#917=PRESENTATION_STYLE_ASSIGNMENT((#916));
#918=STYLED_ITEM('',(#917),#915);
#919=DIRECTION('',(0.E0,0.E0,-1.E0));
#920=VECTOR('',#919,2.E-1);
#921=CARTESIAN_POINT('',(-1.75E0,1.75E-1,1.7E0));
#922=LINE('',#921,#920);
#923=CURVE_STYLE('',#47,POSITIVE_LENGTH_MEASURE(2.E-2),#8);
#924=PRESENTATION_STYLE_ASSIGNMENT((#923));
#925=STYLED_ITEM('',(#924),#922);
#926=DIRECTION('',(0.E0,0.E0,-1.E0));
#927=VECTOR('',#926,2.E-1);
#928=CARTESIAN_POINT('',(-1.75E0,1.75E-1,1.3E0));
#929=LINE('',#928,#927);
#930=CURVE_STYLE('',#47,POSITIVE_LENGTH_MEASURE(2.E-2),#8);
#931=PRESENTATION_STYLE_ASSIGNMENT((#930));
#932=STYLED_ITEM('',(#931),#929);
#933=DIRECTION('',(0.E0,0.E0,-1.E0));
#934=VECTOR('',#933,2.E-1);
#935=CARTESIAN_POINT('',(-1.75E0,1.75E-1,9.E-1));
#936=LINE('',#935,#934);
#937=CURVE_STYLE('',#47,POSITIVE_LENGTH_MEASURE(2.E-2),#8);
#938=PRESENTATION_STYLE_ASSIGNMENT((#937));
#939=STYLED_ITEM('',(#938),#936);
#940=DIRECTION('',(0.E0,0.E0,-1.E0));
#941=VECTOR('',#940,2.E-1);
#942=CARTESIAN_POINT('',(-1.75E0,1.75E-1,5.E-1));
#943=LINE('',#942,#941);
#944=CURVE_STYLE('',#47,POSITIVE_LENGTH_MEASURE(2.E-2),#8);
#945=PRESENTATION_STYLE_ASSIGNMENT((#944));
#946=STYLED_ITEM('',(#945),#943);
#947=DIRECTION('',(0.E0,0.E0,-1.E0));
#948=VECTOR('',#947,2.E-1);
#949=CARTESIAN_POINT('',(-1.75E0,1.75E-1,1.E-1));
#950=LINE('',#949,#948);
#951=CURVE_STYLE('',#47,POSITIVE_LENGTH_MEASURE(2.E-2),#8);
#952=PRESENTATION_STYLE_ASSIGNMENT((#951));
#953=STYLED_ITEM('',(#952),#950);
#954=DIRECTION('',(0.E0,0.E0,-1.E0));
#955=VECTOR('',#954,2.E-1);
#956=CARTESIAN_POINT('',(-1.75E0,1.75E-1,-3.E-1));
#957=LINE('',#956,#955);
#958=CURVE_STYLE('',#47,POSITIVE_LENGTH_MEASURE(2.E-2),#8);
#959=PRESENTATION_STYLE_ASSIGNMENT((#958));
#960=STYLED_ITEM('',(#959),#957);
#961=DIRECTION('',(0.E0,0.E0,-1.E0));
#962=VECTOR('',#961,2.E-1);
#963=CARTESIAN_POINT('',(-1.75E0,1.75E-1,-7.E-1));
#964=LINE('',#963,#962);
#965=CURVE_STYLE('',#47,POSITIVE_LENGTH_MEASURE(2.E-2),#8);
#966=PRESENTATION_STYLE_ASSIGNMENT((#965));
#967=STYLED_ITEM('',(#966),#964);
#968=DIRECTION('',(0.E0,0.E0,-1.E0));
#969=VECTOR('',#968,2.E-1);
#970=CARTESIAN_POINT('',(-1.75E0,1.75E-1,-1.1E0));
#971=LINE('',#970,#969);
#972=CURVE_STYLE('',#47,POSITIVE_LENGTH_MEASURE(2.E-2),#8);
#973=PRESENTATION_STYLE_ASSIGNMENT((#972));
#974=STYLED_ITEM('',(#973),#971);
#975=DIRECTION('',(0.E0,0.E0,-1.E0));
#976=VECTOR('',#975,2.E-1);
#977=CARTESIAN_POINT('',(-1.75E0,1.75E-1,-1.5E0));
#978=LINE('',#977,#976);
#979=CURVE_STYLE('',#47,POSITIVE_LENGTH_MEASURE(2.E-2),#8);
#980=PRESENTATION_STYLE_ASSIGNMENT((#979));
#981=STYLED_ITEM('',(#980),#978);
#982=DIRECTION('',(0.E0,1.E0,0.E0));
#983=VECTOR('',#982,9.75E-1);
#984=CARTESIAN_POINT('',(-1.75E0,0.E0,-2.25E0));
#985=LINE('',#984,#983);
#986=CURVE_STYLE('',#47,POSITIVE_LENGTH_MEASURE(2.E-2),#8);
#987=PRESENTATION_STYLE_ASSIGNMENT((#986));
#988=STYLED_ITEM('',(#987),#985);
#989=DIRECTION('',(-1.E0,0.E0,0.E0));
#990=VECTOR('',#989,3.E-1);
#991=CARTESIAN_POINT('',(-1.45E0,1.75E-1,1.7E0));
#992=LINE('',#991,#990);
#993=CURVE_STYLE('',#47,POSITIVE_LENGTH_MEASURE(2.E-2),#8);
#994=PRESENTATION_STYLE_ASSIGNMENT((#993));
#995=STYLED_ITEM('',(#994),#992);
#996=CARTESIAN_POINT('',(-1.45E0,1.75E-1,1.6E0));
#997=DIRECTION('',(0.E0,-1.E0,0.E0));
#998=DIRECTION('',(0.E0,0.E0,-1.E0));
#999=AXIS2_PLACEMENT_3D('',#996,#997,#998);
#1001=CURVE_STYLE('',#47,POSITIVE_LENGTH_MEASURE(2.E-2),#8);
#1002=PRESENTATION_STYLE_ASSIGNMENT((#1001));
#1003=STYLED_ITEM('',(#1002),#1000);
#1004=DIRECTION('',(1.E0,0.E0,0.E0));
#1005=VECTOR('',#1004,3.E-1);
#1006=CARTESIAN_POINT('',(-1.75E0,1.75E-1,1.5E0));
#1007=LINE('',#1006,#1005);
#1008=CURVE_STYLE('',#47,POSITIVE_LENGTH_MEASURE(2.E-2),#8);
#1009=PRESENTATION_STYLE_ASSIGNMENT((#1008));
#1010=STYLED_ITEM('',(#1009),#1007);
#1011=DIRECTION('',(0.E0,1.E0,0.E0));
#1012=VECTOR('',#1011,1.75E-1);
#1013=CARTESIAN_POINT('',(-1.45E0,0.E0,1.7E0));
#1014=LINE('',#1013,#1012);
#1015=CURVE_STYLE('',#47,POSITIVE_LENGTH_MEASURE(2.E-2),#8);
#1016=PRESENTATION_STYLE_ASSIGNMENT((#1015));
#1017=STYLED_ITEM('',(#1016),#1014);
#1018=DIRECTION('',(0.E0,-1.E0,0.E0));
#1019=VECTOR('',#1018,1.75E-1);
#1020=CARTESIAN_POINT('',(-1.75E0,1.75E-1,1.7E0));
#1021=LINE('',#1020,#1019);
#1022=CURVE_STYLE('',#47,POSITIVE_LENGTH_MEASURE(2.E-2),#8);
#1023=PRESENTATION_STYLE_ASSIGNMENT((#1022));
#1024=STYLED_ITEM('',(#1023),#1021);
#1025=DIRECTION('',(0.E0,1.E0,0.E0));
#1026=VECTOR('',#1025,1.75E-1);
#1027=CARTESIAN_POINT('',(-1.45E0,0.E0,1.5E0));
#1028=LINE('',#1027,#1026);
#1029=CURVE_STYLE('',#47,POSITIVE_LENGTH_MEASURE(2.E-2),#8);
#1030=PRESENTATION_STYLE_ASSIGNMENT((#1029));
#1031=STYLED_ITEM('',(#1030),#1028);
#1032=DIRECTION('',(0.E0,1.E0,0.E0));
#1033=VECTOR('',#1032,1.75E-1);
#1034=CARTESIAN_POINT('',(-1.75E0,0.E0,1.5E0));
#1035=LINE('',#1034,#1033);
#1036=CURVE_STYLE('',#47,POSITIVE_LENGTH_MEASURE(2.E-2),#8);
#1037=PRESENTATION_STYLE_ASSIGNMENT((#1036));
#1038=STYLED_ITEM('',(#1037),#1035);
#1039=DIRECTION('',(0.E0,1.E0,0.E0));
#1040=VECTOR('',#1039,1.75E-1);
#1041=CARTESIAN_POINT('',(-1.45E0,0.E0,1.3E0));
#1042=LINE('',#1041,#1040);
#1043=CURVE_STYLE('',#47,POSITIVE_LENGTH_MEASURE(2.E-2),#8);
#1044=PRESENTATION_STYLE_ASSIGNMENT((#1043));
#1045=STYLED_ITEM('',(#1044),#1042);
#1046=DIRECTION('',(0.E0,-1.E0,0.E0));
#1047=VECTOR('',#1046,1.75E-1);
#1048=CARTESIAN_POINT('',(-1.75E0,1.75E-1,1.3E0));
#1049=LINE('',#1048,#1047);
#1050=CURVE_STYLE('',#47,POSITIVE_LENGTH_MEASURE(2.E-2),#8);
#1051=PRESENTATION_STYLE_ASSIGNMENT((#1050));
#1052=STYLED_ITEM('',(#1051),#1049);
#1053=DIRECTION('',(0.E0,1.E0,0.E0));
#1054=VECTOR('',#1053,1.75E-1);
#1055=CARTESIAN_POINT('',(-1.45E0,0.E0,1.1E0));
#1056=LINE('',#1055,#1054);
#1057=CURVE_STYLE('',#47,POSITIVE_LENGTH_MEASURE(2.E-2),#8);
#1058=PRESENTATION_STYLE_ASSIGNMENT((#1057));
#1059=STYLED_ITEM('',(#1058),#1056);
#1060=DIRECTION('',(0.E0,1.E0,0.E0));
#1061=VECTOR('',#1060,1.75E-1);
#1062=CARTESIAN_POINT('',(-1.75E0,0.E0,1.1E0));
#1063=LINE('',#1062,#1061);
#1064=CURVE_STYLE('',#47,POSITIVE_LENGTH_MEASURE(2.E-2),#8);
#1065=PRESENTATION_STYLE_ASSIGNMENT((#1064));
#1066=STYLED_ITEM('',(#1065),#1063);
#1067=DIRECTION('',(-1.E0,0.E0,0.E0));
#1068=VECTOR('',#1067,3.E-1);
#1069=CARTESIAN_POINT('',(-1.45E0,1.75E-1,1.3E0));
#1070=LINE('',#1069,#1068);
#1071=CURVE_STYLE('',#47,POSITIVE_LENGTH_MEASURE(2.E-2),#8);
#1072=PRESENTATION_STYLE_ASSIGNMENT((#1071));
#1073=STYLED_ITEM('',(#1072),#1070);
#1074=CARTESIAN_POINT('',(-1.45E0,1.75E-1,1.2E0));
#1075=DIRECTION('',(0.E0,-1.E0,0.E0));
#1076=DIRECTION('',(0.E0,0.E0,-1.E0));
#1077=AXIS2_PLACEMENT_3D('',#1074,#1075,#1076);
#1079=CURVE_STYLE('',#47,POSITIVE_LENGTH_MEASURE(2.E-2),#8);
#1080=PRESENTATION_STYLE_ASSIGNMENT((#1079));
#1081=STYLED_ITEM('',(#1080),#1078);
#1082=DIRECTION('',(1.E0,0.E0,0.E0));
#1083=VECTOR('',#1082,3.E-1);
#1084=CARTESIAN_POINT('',(-1.75E0,1.75E-1,1.1E0));
#1085=LINE('',#1084,#1083);
#1086=CURVE_STYLE('',#47,POSITIVE_LENGTH_MEASURE(2.E-2),#8);
#1087=PRESENTATION_STYLE_ASSIGNMENT((#1086));
#1088=STYLED_ITEM('',(#1087),#1085);
#1089=DIRECTION('',(0.E0,1.E0,0.E0));
#1090=VECTOR('',#1089,1.75E-1);
#1091=CARTESIAN_POINT('',(-1.45E0,0.E0,9.E-1));
#1092=LINE('',#1091,#1090);
#1093=CURVE_STYLE('',#47,POSITIVE_LENGTH_MEASURE(2.E-2),#8);
#1094=PRESENTATION_STYLE_ASSIGNMENT((#1093));
#1095=STYLED_ITEM('',(#1094),#1092);
#1096=DIRECTION('',(0.E0,-1.E0,0.E0));
#1097=VECTOR('',#1096,1.75E-1);
#1098=CARTESIAN_POINT('',(-1.75E0,1.75E-1,9.E-1));
#1099=LINE('',#1098,#1097);
#1100=CURVE_STYLE('',#47,POSITIVE_LENGTH_MEASURE(2.E-2),#8);
#1101=PRESENTATION_STYLE_ASSIGNMENT((#1100));
#1102=STYLED_ITEM('',(#1101),#1099);
#1103=DIRECTION('',(0.E0,1.E0,0.E0));
#1104=VECTOR('',#1103,1.75E-1);
#1105=CARTESIAN_POINT('',(-1.45E0,0.E0,7.E-1));
#1106=LINE('',#1105,#1104);
#1107=CURVE_STYLE('',#47,POSITIVE_LENGTH_MEASURE(2.E-2),#8);
#1108=PRESENTATION_STYLE_ASSIGNMENT((#1107));
#1109=STYLED_ITEM('',(#1108),#1106);
#1110=DIRECTION('',(0.E0,1.E0,0.E0));
#1111=VECTOR('',#1110,1.75E-1);
#1112=CARTESIAN_POINT('',(-1.75E0,0.E0,7.E-1));
#1113=LINE('',#1112,#1111);
#1114=CURVE_STYLE('',#47,POSITIVE_LENGTH_MEASURE(2.E-2),#8);
#1115=PRESENTATION_STYLE_ASSIGNMENT((#1114));
#1116=STYLED_ITEM('',(#1115),#1113);
#1117=DIRECTION('',(-1.E0,0.E0,0.E0));
#1118=VECTOR('',#1117,3.E-1);
#1119=CARTESIAN_POINT('',(-1.45E0,1.75E-1,9.E-1));
#1120=LINE('',#1119,#1118);
#1121=CURVE_STYLE('',#47,POSITIVE_LENGTH_MEASURE(2.E-2),#8);
#1122=PRESENTATION_STYLE_ASSIGNMENT((#1121));
#1123=STYLED_ITEM('',(#1122),#1120);
#1124=CARTESIAN_POINT('',(-1.45E0,1.75E-1,8.E-1));
#1125=DIRECTION('',(0.E0,-1.E0,0.E0));
#1126=DIRECTION('',(0.E0,0.E0,-1.E0));
#1127=AXIS2_PLACEMENT_3D('',#1124,#1125,#1126);
#1129=CURVE_STYLE('',#47,POSITIVE_LENGTH_MEASURE(2.E-2),#8);
#1130=PRESENTATION_STYLE_ASSIGNMENT((#1129));
#1131=STYLED_ITEM('',(#1130),#1128);
#1132=DIRECTION('',(1.E0,0.E0,0.E0));
#1133=VECTOR('',#1132,3.E-1);
#1134=CARTESIAN_POINT('',(-1.75E0,1.75E-1,7.E-1));
#1135=LINE('',#1134,#1133);
#1136=CURVE_STYLE('',#47,POSITIVE_LENGTH_MEASURE(2.E-2),#8);
#1137=PRESENTATION_STYLE_ASSIGNMENT((#1136));
#1138=STYLED_ITEM('',(#1137),#1135);
#1139=DIRECTION('',(0.E0,1.E0,0.E0));
#1140=VECTOR('',#1139,1.75E-1);
#1141=CARTESIAN_POINT('',(-1.45E0,0.E0,5.E-1));
#1142=LINE('',#1141,#1140);
#1143=CURVE_STYLE('',#47,POSITIVE_LENGTH_MEASURE(2.E-2),#8);
#1144=PRESENTATION_STYLE_ASSIGNMENT((#1143));
#1145=STYLED_ITEM('',(#1144),#1142);
#1146=DIRECTION('',(0.E0,-1.E0,0.E0));
#1147=VECTOR('',#1146,1.75E-1);
#1148=CARTESIAN_POINT('',(-1.75E0,1.75E-1,5.E-1));
#1149=LINE('',#1148,#1147);
#1150=CURVE_STYLE('',#47,POSITIVE_LENGTH_MEASURE(2.E-2),#8);
#1151=PRESENTATION_STYLE_ASSIGNMENT((#1150));
#1152=STYLED_ITEM('',(#1151),#1149);
#1153=DIRECTION('',(0.E0,1.E0,0.E0));
#1154=VECTOR('',#1153,1.75E-1);
#1155=CARTESIAN_POINT('',(-1.45E0,0.E0,3.E-1));
#1156=LINE('',#1155,#1154);
#1157=CURVE_STYLE('',#47,POSITIVE_LENGTH_MEASURE(2.E-2),#8);
#1158=PRESENTATION_STYLE_ASSIGNMENT((#1157));
#1159=STYLED_ITEM('',(#1158),#1156);
#1160=DIRECTION('',(0.E0,1.E0,0.E0));
#1161=VECTOR('',#1160,1.75E-1);
#1162=CARTESIAN_POINT('',(-1.75E0,0.E0,3.E-1));
#1163=LINE('',#1162,#1161);
#1164=CURVE_STYLE('',#47,POSITIVE_LENGTH_MEASURE(2.E-2),#8);
#1165=PRESENTATION_STYLE_ASSIGNMENT((#1164));
#1166=STYLED_ITEM('',(#1165),#1163);
#1167=DIRECTION('',(1.E0,0.E0,0.E0));
#1168=VECTOR('',#1167,3.E-1);
#1169=CARTESIAN_POINT('',(-1.75E0,1.75E-1,3.E-1));
#1170=LINE('',#1169,#1168);
#1171=CURVE_STYLE('',#47,POSITIVE_LENGTH_MEASURE(2.E-2),#8);
#1172=PRESENTATION_STYLE_ASSIGNMENT((#1171));
#1173=STYLED_ITEM('',(#1172),#1170);
#1174=DIRECTION('',(-1.E0,0.E0,0.E0));
#1175=VECTOR('',#1174,3.E-1);
#1176=CARTESIAN_POINT('',(-1.45E0,1.75E-1,5.E-1));
#1177=LINE('',#1176,#1175);
#1178=CURVE_STYLE('',#47,POSITIVE_LENGTH_MEASURE(2.E-2),#8);
#1179=PRESENTATION_STYLE_ASSIGNMENT((#1178));
#1180=STYLED_ITEM('',(#1179),#1177);
#1181=CARTESIAN_POINT('',(-1.45E0,1.75E-1,4.E-1));
#1182=DIRECTION('',(0.E0,-1.E0,0.E0));
#1183=DIRECTION('',(0.E0,0.E0,-1.E0));
#1184=AXIS2_PLACEMENT_3D('',#1181,#1182,#1183);
#1186=CURVE_STYLE('',#47,POSITIVE_LENGTH_MEASURE(2.E-2),#8);
#1187=PRESENTATION_STYLE_ASSIGNMENT((#1186));
#1188=STYLED_ITEM('',(#1187),#1185);
#1189=DIRECTION('',(0.E0,1.E0,0.E0));
#1190=VECTOR('',#1189,1.75E-1);
#1191=CARTESIAN_POINT('',(-1.45E0,0.E0,1.E-1));
#1192=LINE('',#1191,#1190);
#1193=CURVE_STYLE('',#47,POSITIVE_LENGTH_MEASURE(2.E-2),#8);
#1194=PRESENTATION_STYLE_ASSIGNMENT((#1193));
#1195=STYLED_ITEM('',(#1194),#1192);
#1196=DIRECTION('',(0.E0,-1.E0,0.E0));
#1197=VECTOR('',#1196,1.75E-1);
#1198=CARTESIAN_POINT('',(-1.75E0,1.75E-1,1.E-1));
#1199=LINE('',#1198,#1197);
#1200=CURVE_STYLE('',#47,POSITIVE_LENGTH_MEASURE(2.E-2),#8);
#1201=PRESENTATION_STYLE_ASSIGNMENT((#1200));
#1202=STYLED_ITEM('',(#1201),#1199);
#1203=DIRECTION('',(0.E0,1.E0,0.E0));
#1204=VECTOR('',#1203,1.75E-1);
#1205=CARTESIAN_POINT('',(-1.45E0,0.E0,-1.E-1));
#1206=LINE('',#1205,#1204);
#1207=CURVE_STYLE('',#47,POSITIVE_LENGTH_MEASURE(2.E-2),#8);
#1208=PRESENTATION_STYLE_ASSIGNMENT((#1207));
#1209=STYLED_ITEM('',(#1208),#1206);
#1210=DIRECTION('',(0.E0,1.E0,0.E0));
#1211=VECTOR('',#1210,1.75E-1);
#1212=CARTESIAN_POINT('',(-1.75E0,0.E0,-1.E-1));
#1213=LINE('',#1212,#1211);
#1214=CURVE_STYLE('',#47,POSITIVE_LENGTH_MEASURE(2.E-2),#8);
#1215=PRESENTATION_STYLE_ASSIGNMENT((#1214));
#1216=STYLED_ITEM('',(#1215),#1213);
#1217=DIRECTION('',(-1.E0,0.E0,0.E0));
#1218=VECTOR('',#1217,3.E-1);
#1219=CARTESIAN_POINT('',(-1.45E0,1.75E-1,1.E-1));
#1220=LINE('',#1219,#1218);
#1221=CURVE_STYLE('',#47,POSITIVE_LENGTH_MEASURE(2.E-2),#8);
#1222=PRESENTATION_STYLE_ASSIGNMENT((#1221));
#1223=STYLED_ITEM('',(#1222),#1220);
#1224=CARTESIAN_POINT('',(-1.45E0,1.75E-1,0.E0));
#1225=DIRECTION('',(0.E0,-1.E0,0.E0));
#1226=DIRECTION('',(0.E0,0.E0,-1.E0));
#1227=AXIS2_PLACEMENT_3D('',#1224,#1225,#1226);
#1229=CURVE_STYLE('',#47,POSITIVE_LENGTH_MEASURE(2.E-2),#8);
#1230=PRESENTATION_STYLE_ASSIGNMENT((#1229));
#1231=STYLED_ITEM('',(#1230),#1228);
#1232=DIRECTION('',(1.E0,0.E0,0.E0));
#1233=VECTOR('',#1232,3.E-1);
#1234=CARTESIAN_POINT('',(-1.75E0,1.75E-1,-1.E-1));
#1235=LINE('',#1234,#1233);
#1236=CURVE_STYLE('',#47,POSITIVE_LENGTH_MEASURE(2.E-2),#8);
#1237=PRESENTATION_STYLE_ASSIGNMENT((#1236));
#1238=STYLED_ITEM('',(#1237),#1235);
#1239=DIRECTION('',(0.E0,1.E0,0.E0));
#1240=VECTOR('',#1239,1.75E-1);
#1241=CARTESIAN_POINT('',(-1.45E0,0.E0,-3.E-1));
#1242=LINE('',#1241,#1240);
#1243=CURVE_STYLE('',#47,POSITIVE_LENGTH_MEASURE(2.E-2),#8);
#1244=PRESENTATION_STYLE_ASSIGNMENT((#1243));
#1245=STYLED_ITEM('',(#1244),#1242);
#1246=DIRECTION('',(0.E0,-1.E0,0.E0));
#1247=VECTOR('',#1246,1.75E-1);
#1248=CARTESIAN_POINT('',(-1.75E0,1.75E-1,-3.E-1));
#1249=LINE('',#1248,#1247);
#1250=CURVE_STYLE('',#47,POSITIVE_LENGTH_MEASURE(2.E-2),#8);
#1251=PRESENTATION_STYLE_ASSIGNMENT((#1250));
#1252=STYLED_ITEM('',(#1251),#1249);
#1253=DIRECTION('',(0.E0,1.E0,0.E0));
#1254=VECTOR('',#1253,1.75E-1);
#1255=CARTESIAN_POINT('',(-1.45E0,0.E0,-5.E-1));
#1256=LINE('',#1255,#1254);
#1257=CURVE_STYLE('',#47,POSITIVE_LENGTH_MEASURE(2.E-2),#8);
#1258=PRESENTATION_STYLE_ASSIGNMENT((#1257));
#1259=STYLED_ITEM('',(#1258),#1256);
#1260=DIRECTION('',(0.E0,1.E0,0.E0));
#1261=VECTOR('',#1260,1.75E-1);
#1262=CARTESIAN_POINT('',(-1.75E0,0.E0,-5.E-1));
#1263=LINE('',#1262,#1261);
#1264=CURVE_STYLE('',#47,POSITIVE_LENGTH_MEASURE(2.E-2),#8);
#1265=PRESENTATION_STYLE_ASSIGNMENT((#1264));
#1266=STYLED_ITEM('',(#1265),#1263);
#1267=DIRECTION('',(-1.E0,0.E0,0.E0));
#1268=VECTOR('',#1267,3.E-1);
#1269=CARTESIAN_POINT('',(-1.45E0,1.75E-1,-3.E-1));
#1270=LINE('',#1269,#1268);
#1271=CURVE_STYLE('',#47,POSITIVE_LENGTH_MEASURE(2.E-2),#8);
#1272=PRESENTATION_STYLE_ASSIGNMENT((#1271));
#1273=STYLED_ITEM('',(#1272),#1270);
#1274=CARTESIAN_POINT('',(-1.45E0,1.75E-1,-4.E-1));
#1275=DIRECTION('',(0.E0,-1.E0,0.E0));
#1276=DIRECTION('',(0.E0,0.E0,-1.E0));
#1277=AXIS2_PLACEMENT_3D('',#1274,#1275,#1276);
#1279=CURVE_STYLE('',#47,POSITIVE_LENGTH_MEASURE(2.E-2),#8);
#1280=PRESENTATION_STYLE_ASSIGNMENT((#1279));
#1281=STYLED_ITEM('',(#1280),#1278);
#1282=DIRECTION('',(1.E0,0.E0,0.E0));
#1283=VECTOR('',#1282,3.E-1);
#1284=CARTESIAN_POINT('',(-1.75E0,1.75E-1,-5.E-1));
#1285=LINE('',#1284,#1283);
#1286=CURVE_STYLE('',#47,POSITIVE_LENGTH_MEASURE(2.E-2),#8);
#1287=PRESENTATION_STYLE_ASSIGNMENT((#1286));
#1288=STYLED_ITEM('',(#1287),#1285);
#1289=DIRECTION('',(0.E0,1.E0,0.E0));
#1290=VECTOR('',#1289,1.75E-1);
#1291=CARTESIAN_POINT('',(-1.45E0,0.E0,-7.E-1));
#1292=LINE('',#1291,#1290);
#1293=CURVE_STYLE('',#47,POSITIVE_LENGTH_MEASURE(2.E-2),#8);
#1294=PRESENTATION_STYLE_ASSIGNMENT((#1293));
#1295=STYLED_ITEM('',(#1294),#1292);
#1296=DIRECTION('',(0.E0,-1.E0,0.E0));
#1297=VECTOR('',#1296,1.75E-1);
#1298=CARTESIAN_POINT('',(-1.75E0,1.75E-1,-7.E-1));
#1299=LINE('',#1298,#1297);
#1300=CURVE_STYLE('',#47,POSITIVE_LENGTH_MEASURE(2.E-2),#8);
#1301=PRESENTATION_STYLE_ASSIGNMENT((#1300));
#1302=STYLED_ITEM('',(#1301),#1299);
#1303=DIRECTION('',(0.E0,1.E0,0.E0));
#1304=VECTOR('',#1303,1.75E-1);
#1305=CARTESIAN_POINT('',(-1.45E0,0.E0,-9.E-1));
#1306=LINE('',#1305,#1304);
#1307=CURVE_STYLE('',#47,POSITIVE_LENGTH_MEASURE(2.E-2),#8);
#1308=PRESENTATION_STYLE_ASSIGNMENT((#1307));
#1309=STYLED_ITEM('',(#1308),#1306);
#1310=DIRECTION('',(0.E0,1.E0,0.E0));
#1311=VECTOR('',#1310,1.75E-1);
#1312=CARTESIAN_POINT('',(-1.75E0,0.E0,-9.E-1));
#1313=LINE('',#1312,#1311);
#1314=CURVE_STYLE('',#47,POSITIVE_LENGTH_MEASURE(2.E-2),#8);
#1315=PRESENTATION_STYLE_ASSIGNMENT((#1314));
#1316=STYLED_ITEM('',(#1315),#1313);
#1317=DIRECTION('',(-1.E0,0.E0,0.E0));
#1318=VECTOR('',#1317,3.E-1);
#1319=CARTESIAN_POINT('',(-1.45E0,1.75E-1,-7.E-1));
#1320=LINE('',#1319,#1318);
#1321=CURVE_STYLE('',#47,POSITIVE_LENGTH_MEASURE(2.E-2),#8);
#1322=PRESENTATION_STYLE_ASSIGNMENT((#1321));
#1323=STYLED_ITEM('',(#1322),#1320);
#1324=CARTESIAN_POINT('',(-1.45E0,1.75E-1,-8.E-1));
#1325=DIRECTION('',(0.E0,-1.E0,0.E0));
#1326=DIRECTION('',(0.E0,0.E0,-1.E0));
#1327=AXIS2_PLACEMENT_3D('',#1324,#1325,#1326);
#1329=CURVE_STYLE('',#47,POSITIVE_LENGTH_MEASURE(2.E-2),#8);
#1330=PRESENTATION_STYLE_ASSIGNMENT((#1329));
#1331=STYLED_ITEM('',(#1330),#1328);
#1332=DIRECTION('',(1.E0,0.E0,0.E0));
#1333=VECTOR('',#1332,3.E-1);
#1334=CARTESIAN_POINT('',(-1.75E0,1.75E-1,-9.E-1));
#1335=LINE('',#1334,#1333);
#1336=CURVE_STYLE('',#47,POSITIVE_LENGTH_MEASURE(2.E-2),#8);
#1337=PRESENTATION_STYLE_ASSIGNMENT((#1336));
#1338=STYLED_ITEM('',(#1337),#1335);
#1339=DIRECTION('',(0.E0,1.E0,0.E0));
#1340=VECTOR('',#1339,1.75E-1);
#1341=CARTESIAN_POINT('',(-1.45E0,0.E0,-1.1E0));
#1342=LINE('',#1341,#1340);
#1343=CURVE_STYLE('',#47,POSITIVE_LENGTH_MEASURE(2.E-2),#8);
#1344=PRESENTATION_STYLE_ASSIGNMENT((#1343));
#1345=STYLED_ITEM('',(#1344),#1342);
#1346=DIRECTION('',(0.E0,-1.E0,0.E0));
#1347=VECTOR('',#1346,1.75E-1);
#1348=CARTESIAN_POINT('',(-1.75E0,1.75E-1,-1.1E0));
#1349=LINE('',#1348,#1347);
#1350=CURVE_STYLE('',#47,POSITIVE_LENGTH_MEASURE(2.E-2),#8);
#1351=PRESENTATION_STYLE_ASSIGNMENT((#1350));
#1352=STYLED_ITEM('',(#1351),#1349);
#1353=DIRECTION('',(0.E0,1.E0,0.E0));
#1354=VECTOR('',#1353,1.75E-1);
#1355=CARTESIAN_POINT('',(-1.45E0,0.E0,-1.3E0));
#1356=LINE('',#1355,#1354);
#1357=CURVE_STYLE('',#47,POSITIVE_LENGTH_MEASURE(2.E-2),#8);
#1358=PRESENTATION_STYLE_ASSIGNMENT((#1357));
#1359=STYLED_ITEM('',(#1358),#1356);
#1360=DIRECTION('',(0.E0,1.E0,0.E0));
#1361=VECTOR('',#1360,1.75E-1);
#1362=CARTESIAN_POINT('',(-1.75E0,0.E0,-1.3E0));
#1363=LINE('',#1362,#1361);
#1364=CURVE_STYLE('',#47,POSITIVE_LENGTH_MEASURE(2.E-2),#8);
#1365=PRESENTATION_STYLE_ASSIGNMENT((#1364));
#1366=STYLED_ITEM('',(#1365),#1363);
#1367=DIRECTION('',(-1.E0,0.E0,0.E0));
#1368=VECTOR('',#1367,3.E-1);
#1369=CARTESIAN_POINT('',(-1.45E0,1.75E-1,-1.1E0));
#1370=LINE('',#1369,#1368);
#1371=CURVE_STYLE('',#47,POSITIVE_LENGTH_MEASURE(2.E-2),#8);
#1372=PRESENTATION_STYLE_ASSIGNMENT((#1371));
#1373=STYLED_ITEM('',(#1372),#1370);
#1374=CARTESIAN_POINT('',(-1.45E0,1.75E-1,-1.2E0));
#1375=DIRECTION('',(0.E0,-1.E0,0.E0));
#1376=DIRECTION('',(0.E0,0.E0,-1.E0));
#1377=AXIS2_PLACEMENT_3D('',#1374,#1375,#1376);
#1379=CURVE_STYLE('',#47,POSITIVE_LENGTH_MEASURE(2.E-2),#8);
#1380=PRESENTATION_STYLE_ASSIGNMENT((#1379));
#1381=STYLED_ITEM('',(#1380),#1378);
#1382=DIRECTION('',(1.E0,0.E0,0.E0));
#1383=VECTOR('',#1382,3.E-1);
#1384=CARTESIAN_POINT('',(-1.75E0,1.75E-1,-1.3E0));
#1385=LINE('',#1384,#1383);
#1386=CURVE_STYLE('',#47,POSITIVE_LENGTH_MEASURE(2.E-2),#8);
#1387=PRESENTATION_STYLE_ASSIGNMENT((#1386));
#1388=STYLED_ITEM('',(#1387),#1385);
#1389=DIRECTION('',(0.E0,1.E0,0.E0));
#1390=VECTOR('',#1389,1.75E-1);
#1391=CARTESIAN_POINT('',(-1.45E0,0.E0,-1.5E0));
#1392=LINE('',#1391,#1390);
#1393=CURVE_STYLE('',#47,POSITIVE_LENGTH_MEASURE(2.E-2),#8);
#1394=PRESENTATION_STYLE_ASSIGNMENT((#1393));
#1395=STYLED_ITEM('',(#1394),#1392);
#1396=DIRECTION('',(0.E0,-1.E0,0.E0));
#1397=VECTOR('',#1396,1.75E-1);
#1398=CARTESIAN_POINT('',(-1.75E0,1.75E-1,-1.5E0));
#1399=LINE('',#1398,#1397);
#1400=CURVE_STYLE('',#47,POSITIVE_LENGTH_MEASURE(2.E-2),#8);
#1401=PRESENTATION_STYLE_ASSIGNMENT((#1400));
#1402=STYLED_ITEM('',(#1401),#1399);
#1403=DIRECTION('',(0.E0,1.E0,0.E0));
#1404=VECTOR('',#1403,1.75E-1);
#1405=CARTESIAN_POINT('',(-1.45E0,0.E0,-1.7E0));
#1406=LINE('',#1405,#1404);
#1407=CURVE_STYLE('',#47,POSITIVE_LENGTH_MEASURE(2.E-2),#8);
#1408=PRESENTATION_STYLE_ASSIGNMENT((#1407));
#1409=STYLED_ITEM('',(#1408),#1406);
#1410=DIRECTION('',(0.E0,1.E0,0.E0));
#1411=VECTOR('',#1410,1.75E-1);
#1412=CARTESIAN_POINT('',(-1.75E0,0.E0,-1.7E0));
#1413=LINE('',#1412,#1411);
#1414=CURVE_STYLE('',#47,POSITIVE_LENGTH_MEASURE(2.E-2),#8);
#1415=PRESENTATION_STYLE_ASSIGNMENT((#1414));
#1416=STYLED_ITEM('',(#1415),#1413);
#1417=DIRECTION('',(-1.E0,0.E0,0.E0));
#1418=VECTOR('',#1417,3.E-1);
#1419=CARTESIAN_POINT('',(-1.45E0,1.75E-1,-1.5E0));
#1420=LINE('',#1419,#1418);
#1421=CURVE_STYLE('',#47,POSITIVE_LENGTH_MEASURE(2.E-2),#8);
#1422=PRESENTATION_STYLE_ASSIGNMENT((#1421));
#1423=STYLED_ITEM('',(#1422),#1420);
#1424=CARTESIAN_POINT('',(-1.45E0,1.75E-1,-1.6E0));
#1425=DIRECTION('',(0.E0,-1.E0,0.E0));
#1426=DIRECTION('',(0.E0,0.E0,-1.E0));
#1427=AXIS2_PLACEMENT_3D('',#1424,#1425,#1426);
#1429=CURVE_STYLE('',#47,POSITIVE_LENGTH_MEASURE(2.E-2),#8);
#1430=PRESENTATION_STYLE_ASSIGNMENT((#1429));
#1431=STYLED_ITEM('',(#1430),#1428);
#1432=DIRECTION('',(1.E0,0.E0,0.E0));
#1433=VECTOR('',#1432,3.E-1);
#1434=CARTESIAN_POINT('',(-1.75E0,1.75E-1,-1.7E0));
#1435=LINE('',#1434,#1433);
#1436=CURVE_STYLE('',#47,POSITIVE_LENGTH_MEASURE(2.E-2),#8);
#1437=PRESENTATION_STYLE_ASSIGNMENT((#1436));
#1438=STYLED_ITEM('',(#1437),#1435);
#1439=DIRECTION('',(1.E0,0.E0,0.E0));
#1440=VECTOR('',#1439,2.E-1);
#1441=CARTESIAN_POINT('',(-9.E-1,1.75E-1,-2.25E0));
#1442=LINE('',#1441,#1440);
#1443=CURVE_STYLE('',#47,POSITIVE_LENGTH_MEASURE(2.E-2),#8);
#1444=PRESENTATION_STYLE_ASSIGNMENT((#1443));
#1445=STYLED_ITEM('',(#1444),#1442);
#1446=DIRECTION('',(1.E0,0.E0,0.E0));
#1447=VECTOR('',#1446,2.E-1);
#1448=CARTESIAN_POINT('',(-5.E-1,1.75E-1,-2.25E0));
#1449=LINE('',#1448,#1447);
#1450=CURVE_STYLE('',#47,POSITIVE_LENGTH_MEASURE(2.E-2),#8);
#1451=PRESENTATION_STYLE_ASSIGNMENT((#1450));
#1452=STYLED_ITEM('',(#1451),#1449);
#1453=DIRECTION('',(1.E0,0.E0,0.E0));
#1454=VECTOR('',#1453,2.E-1);
#1455=CARTESIAN_POINT('',(-1.E-1,1.75E-1,-2.25E0));
#1456=LINE('',#1455,#1454);
#1457=CURVE_STYLE('',#47,POSITIVE_LENGTH_MEASURE(2.E-2),#8);
#1458=PRESENTATION_STYLE_ASSIGNMENT((#1457));
#1459=STYLED_ITEM('',(#1458),#1456);
#1460=DIRECTION('',(1.E0,0.E0,0.E0));
#1461=VECTOR('',#1460,2.E-1);
#1462=CARTESIAN_POINT('',(3.E-1,1.75E-1,-2.25E0));
#1463=LINE('',#1462,#1461);
#1464=CURVE_STYLE('',#47,POSITIVE_LENGTH_MEASURE(2.E-2),#8);
#1465=PRESENTATION_STYLE_ASSIGNMENT((#1464));
#1466=STYLED_ITEM('',(#1465),#1463);
#1467=DIRECTION('',(1.E0,0.E0,0.E0));
#1468=VECTOR('',#1467,2.E-1);
#1469=CARTESIAN_POINT('',(7.E-1,1.75E-1,-2.25E0));
#1470=LINE('',#1469,#1468);
#1471=CURVE_STYLE('',#47,POSITIVE_LENGTH_MEASURE(2.E-2),#8);
#1472=PRESENTATION_STYLE_ASSIGNMENT((#1471));
#1473=STYLED_ITEM('',(#1472),#1470);
#1474=DIRECTION('',(0.E0,1.E0,0.E0));
#1475=VECTOR('',#1474,9.75E-1);
#1476=CARTESIAN_POINT('',(1.75E0,0.E0,-2.25E0));
#1477=LINE('',#1476,#1475);
#1478=CURVE_STYLE('',#47,POSITIVE_LENGTH_MEASURE(2.E-2),#8);
#1479=PRESENTATION_STYLE_ASSIGNMENT((#1478));
#1480=STYLED_ITEM('',(#1479),#1477);
#1481=DIRECTION('',(0.E0,0.E0,1.E0));
#1482=VECTOR('',#1481,3.E-1);
#1483=CARTESIAN_POINT('',(-9.E-1,1.75E-1,-2.25E0));
#1484=LINE('',#1483,#1482);
#1485=CURVE_STYLE('',#47,POSITIVE_LENGTH_MEASURE(2.E-2),#8);
#1486=PRESENTATION_STYLE_ASSIGNMENT((#1485));
#1487=STYLED_ITEM('',(#1486),#1484);
#1488=CARTESIAN_POINT('',(-8.E-1,1.75E-1,-1.95E0));
#1489=DIRECTION('',(0.E0,1.E0,0.E0));
#1490=DIRECTION('',(-1.E0,0.E0,0.E0));
#1491=AXIS2_PLACEMENT_3D('',#1488,#1489,#1490);
#1493=CURVE_STYLE('',#47,POSITIVE_LENGTH_MEASURE(2.E-2),#8);
#1494=PRESENTATION_STYLE_ASSIGNMENT((#1493));
#1495=STYLED_ITEM('',(#1494),#1492);
#1496=DIRECTION('',(0.E0,0.E0,-1.E0));
#1497=VECTOR('',#1496,3.E-1);
#1498=CARTESIAN_POINT('',(-7.E-1,1.75E-1,-1.95E0));
#1499=LINE('',#1498,#1497);
#1500=CURVE_STYLE('',#47,POSITIVE_LENGTH_MEASURE(2.E-2),#8);
#1501=PRESENTATION_STYLE_ASSIGNMENT((#1500));
#1502=STYLED_ITEM('',(#1501),#1499);
#1503=DIRECTION('',(0.E0,-1.E0,0.E0));
#1504=VECTOR('',#1503,1.75E-1);
#1505=CARTESIAN_POINT('',(-9.E-1,1.75E-1,-2.25E0));
#1506=LINE('',#1505,#1504);
#1507=CURVE_STYLE('',#47,POSITIVE_LENGTH_MEASURE(2.E-2),#8);
#1508=PRESENTATION_STYLE_ASSIGNMENT((#1507));
#1509=STYLED_ITEM('',(#1508),#1506);
#1510=DIRECTION('',(0.E0,-1.E0,0.E0));
#1511=VECTOR('',#1510,1.75E-1);
#1512=CARTESIAN_POINT('',(-9.E-1,1.75E-1,-1.95E0));
#1513=LINE('',#1512,#1511);
#1514=CURVE_STYLE('',#47,POSITIVE_LENGTH_MEASURE(2.E-2),#8);
#1515=PRESENTATION_STYLE_ASSIGNMENT((#1514));
#1516=STYLED_ITEM('',(#1515),#1513);
#1517=DIRECTION('',(0.E0,1.E0,0.E0));
#1518=VECTOR('',#1517,1.75E-1);
#1519=CARTESIAN_POINT('',(-7.E-1,0.E0,-2.25E0));
#1520=LINE('',#1519,#1518);
#1521=CURVE_STYLE('',#47,POSITIVE_LENGTH_MEASURE(2.E-2),#8);
#1522=PRESENTATION_STYLE_ASSIGNMENT((#1521));
#1523=STYLED_ITEM('',(#1522),#1520);
#1524=DIRECTION('',(0.E0,-1.E0,0.E0));
#1525=VECTOR('',#1524,1.75E-1);
#1526=CARTESIAN_POINT('',(-7.E-1,1.75E-1,-1.95E0));
#1527=LINE('',#1526,#1525);
#1528=CURVE_STYLE('',#47,POSITIVE_LENGTH_MEASURE(2.E-2),#8);
#1529=PRESENTATION_STYLE_ASSIGNMENT((#1528));
#1530=STYLED_ITEM('',(#1529),#1527);
#1531=DIRECTION('',(0.E0,-1.E0,0.E0));
#1532=VECTOR('',#1531,1.75E-1);
#1533=CARTESIAN_POINT('',(-5.E-1,1.75E-1,-2.25E0));
#1534=LINE('',#1533,#1532);
#1535=CURVE_STYLE('',#47,POSITIVE_LENGTH_MEASURE(2.E-2),#8);
#1536=PRESENTATION_STYLE_ASSIGNMENT((#1535));
#1537=STYLED_ITEM('',(#1536),#1534);
#1538=DIRECTION('',(0.E0,-1.E0,0.E0));
#1539=VECTOR('',#1538,1.75E-1);
#1540=CARTESIAN_POINT('',(-5.E-1,1.75E-1,-1.95E0));
#1541=LINE('',#1540,#1539);
#1542=CURVE_STYLE('',#47,POSITIVE_LENGTH_MEASURE(2.E-2),#8);
#1543=PRESENTATION_STYLE_ASSIGNMENT((#1542));
#1544=STYLED_ITEM('',(#1543),#1541);
#1545=DIRECTION('',(0.E0,1.E0,0.E0));
#1546=VECTOR('',#1545,1.75E-1);
#1547=CARTESIAN_POINT('',(-3.E-1,0.E0,-2.25E0));
#1548=LINE('',#1547,#1546);
#1549=CURVE_STYLE('',#47,POSITIVE_LENGTH_MEASURE(2.E-2),#8);
#1550=PRESENTATION_STYLE_ASSIGNMENT((#1549));
#1551=STYLED_ITEM('',(#1550),#1548);
#1552=DIRECTION('',(0.E0,-1.E0,0.E0));
#1553=VECTOR('',#1552,1.75E-1);
#1554=CARTESIAN_POINT('',(-3.E-1,1.75E-1,-1.95E0));
#1555=LINE('',#1554,#1553);
#1556=CURVE_STYLE('',#47,POSITIVE_LENGTH_MEASURE(2.E-2),#8);
#1557=PRESENTATION_STYLE_ASSIGNMENT((#1556));
#1558=STYLED_ITEM('',(#1557),#1555);
#1559=DIRECTION('',(0.E0,0.E0,1.E0));
#1560=VECTOR('',#1559,3.E-1);
#1561=CARTESIAN_POINT('',(-5.E-1,1.75E-1,-2.25E0));
#1562=LINE('',#1561,#1560);
#1563=CURVE_STYLE('',#47,POSITIVE_LENGTH_MEASURE(2.E-2),#8);
#1564=PRESENTATION_STYLE_ASSIGNMENT((#1563));
#1565=STYLED_ITEM('',(#1564),#1562);
#1566=CARTESIAN_POINT('',(-4.E-1,1.75E-1,-1.95E0));
#1567=DIRECTION('',(0.E0,1.E0,0.E0));
#1568=DIRECTION('',(-1.E0,0.E0,0.E0));
#1569=AXIS2_PLACEMENT_3D('',#1566,#1567,#1568);
#1571=CURVE_STYLE('',#47,POSITIVE_LENGTH_MEASURE(2.E-2),#8);
#1572=PRESENTATION_STYLE_ASSIGNMENT((#1571));
#1573=STYLED_ITEM('',(#1572),#1570);
#1574=DIRECTION('',(0.E0,0.E0,-1.E0));
#1575=VECTOR('',#1574,3.E-1);
#1576=CARTESIAN_POINT('',(-3.E-1,1.75E-1,-1.95E0));
#1577=LINE('',#1576,#1575);
#1578=CURVE_STYLE('',#47,POSITIVE_LENGTH_MEASURE(2.E-2),#8);
#1579=PRESENTATION_STYLE_ASSIGNMENT((#1578));
#1580=STYLED_ITEM('',(#1579),#1577);
#1581=DIRECTION('',(0.E0,-1.E0,0.E0));
#1582=VECTOR('',#1581,1.75E-1);
#1583=CARTESIAN_POINT('',(-1.E-1,1.75E-1,-2.25E0));
#1584=LINE('',#1583,#1582);
#1585=CURVE_STYLE('',#47,POSITIVE_LENGTH_MEASURE(2.E-2),#8);
#1586=PRESENTATION_STYLE_ASSIGNMENT((#1585));
#1587=STYLED_ITEM('',(#1586),#1584);
#1588=DIRECTION('',(0.E0,-1.E0,0.E0));
#1589=VECTOR('',#1588,1.75E-1);
#1590=CARTESIAN_POINT('',(-1.E-1,1.75E-1,-1.95E0));
#1591=LINE('',#1590,#1589);
#1592=CURVE_STYLE('',#47,POSITIVE_LENGTH_MEASURE(2.E-2),#8);
#1593=PRESENTATION_STYLE_ASSIGNMENT((#1592));
#1594=STYLED_ITEM('',(#1593),#1591);
#1595=DIRECTION('',(0.E0,1.E0,0.E0));
#1596=VECTOR('',#1595,1.75E-1);
#1597=CARTESIAN_POINT('',(1.E-1,0.E0,-2.25E0));
#1598=LINE('',#1597,#1596);
#1599=CURVE_STYLE('',#47,POSITIVE_LENGTH_MEASURE(2.E-2),#8);
#1600=PRESENTATION_STYLE_ASSIGNMENT((#1599));
#1601=STYLED_ITEM('',(#1600),#1598);
#1602=DIRECTION('',(0.E0,-1.E0,0.E0));
#1603=VECTOR('',#1602,1.75E-1);
#1604=CARTESIAN_POINT('',(1.E-1,1.75E-1,-1.95E0));
#1605=LINE('',#1604,#1603);
#1606=CURVE_STYLE('',#47,POSITIVE_LENGTH_MEASURE(2.E-2),#8);
#1607=PRESENTATION_STYLE_ASSIGNMENT((#1606));
#1608=STYLED_ITEM('',(#1607),#1605);
#1609=DIRECTION('',(0.E0,0.E0,1.E0));
#1610=VECTOR('',#1609,3.E-1);
#1611=CARTESIAN_POINT('',(-1.E-1,1.75E-1,-2.25E0));
#1612=LINE('',#1611,#1610);
#1613=CURVE_STYLE('',#47,POSITIVE_LENGTH_MEASURE(2.E-2),#8);
#1614=PRESENTATION_STYLE_ASSIGNMENT((#1613));
#1615=STYLED_ITEM('',(#1614),#1612);
#1616=CARTESIAN_POINT('',(0.E0,1.75E-1,-1.95E0));
#1617=DIRECTION('',(0.E0,1.E0,0.E0));
#1618=DIRECTION('',(-1.E0,0.E0,0.E0));
#1619=AXIS2_PLACEMENT_3D('',#1616,#1617,#1618);
#1621=CURVE_STYLE('',#47,POSITIVE_LENGTH_MEASURE(2.E-2),#8);
#1622=PRESENTATION_STYLE_ASSIGNMENT((#1621));
#1623=STYLED_ITEM('',(#1622),#1620);
#1624=DIRECTION('',(0.E0,0.E0,-1.E0));
#1625=VECTOR('',#1624,3.E-1);
#1626=CARTESIAN_POINT('',(1.E-1,1.75E-1,-1.95E0));
#1627=LINE('',#1626,#1625);
#1628=CURVE_STYLE('',#47,POSITIVE_LENGTH_MEASURE(2.E-2),#8);
#1629=PRESENTATION_STYLE_ASSIGNMENT((#1628));
#1630=STYLED_ITEM('',(#1629),#1627);
#1631=DIRECTION('',(0.E0,-1.E0,0.E0));
#1632=VECTOR('',#1631,1.75E-1);
#1633=CARTESIAN_POINT('',(3.E-1,1.75E-1,-2.25E0));
#1634=LINE('',#1633,#1632);
#1635=CURVE_STYLE('',#47,POSITIVE_LENGTH_MEASURE(2.E-2),#8);
#1636=PRESENTATION_STYLE_ASSIGNMENT((#1635));
#1637=STYLED_ITEM('',(#1636),#1634);
#1638=DIRECTION('',(0.E0,-1.E0,0.E0));
#1639=VECTOR('',#1638,1.75E-1);
#1640=CARTESIAN_POINT('',(3.E-1,1.75E-1,-1.95E0));
#1641=LINE('',#1640,#1639);
#1642=CURVE_STYLE('',#47,POSITIVE_LENGTH_MEASURE(2.E-2),#8);
#1643=PRESENTATION_STYLE_ASSIGNMENT((#1642));
#1644=STYLED_ITEM('',(#1643),#1641);
#1645=DIRECTION('',(0.E0,1.E0,0.E0));
#1646=VECTOR('',#1645,1.75E-1);
#1647=CARTESIAN_POINT('',(5.E-1,0.E0,-2.25E0));
#1648=LINE('',#1647,#1646);
#1649=CURVE_STYLE('',#47,POSITIVE_LENGTH_MEASURE(2.E-2),#8);
#1650=PRESENTATION_STYLE_ASSIGNMENT((#1649));
#1651=STYLED_ITEM('',(#1650),#1648);
#1652=DIRECTION('',(0.E0,-1.E0,0.E0));
#1653=VECTOR('',#1652,1.75E-1);
#1654=CARTESIAN_POINT('',(5.E-1,1.75E-1,-1.95E0));
#1655=LINE('',#1654,#1653);
#1656=CURVE_STYLE('',#47,POSITIVE_LENGTH_MEASURE(2.E-2),#8);
#1657=PRESENTATION_STYLE_ASSIGNMENT((#1656));
#1658=STYLED_ITEM('',(#1657),#1655);
#1659=DIRECTION('',(0.E0,0.E0,1.E0));
#1660=VECTOR('',#1659,3.E-1);
#1661=CARTESIAN_POINT('',(3.E-1,1.75E-1,-2.25E0));
#1662=LINE('',#1661,#1660);
#1663=CURVE_STYLE('',#47,POSITIVE_LENGTH_MEASURE(2.E-2),#8);
#1664=PRESENTATION_STYLE_ASSIGNMENT((#1663));
#1665=STYLED_ITEM('',(#1664),#1662);
#1666=CARTESIAN_POINT('',(4.E-1,1.75E-1,-1.95E0));
#1667=DIRECTION('',(0.E0,1.E0,0.E0));
#1668=DIRECTION('',(-1.E0,0.E0,0.E0));
#1669=AXIS2_PLACEMENT_3D('',#1666,#1667,#1668);
#1671=CURVE_STYLE('',#47,POSITIVE_LENGTH_MEASURE(2.E-2),#8);
#1672=PRESENTATION_STYLE_ASSIGNMENT((#1671));
#1673=STYLED_ITEM('',(#1672),#1670);
#1674=DIRECTION('',(0.E0,0.E0,-1.E0));
#1675=VECTOR('',#1674,3.E-1);
#1676=CARTESIAN_POINT('',(5.E-1,1.75E-1,-1.95E0));
#1677=LINE('',#1676,#1675);
#1678=CURVE_STYLE('',#47,POSITIVE_LENGTH_MEASURE(2.E-2),#8);
#1679=PRESENTATION_STYLE_ASSIGNMENT((#1678));
#1680=STYLED_ITEM('',(#1679),#1677);
#1681=DIRECTION('',(0.E0,-1.E0,0.E0));
#1682=VECTOR('',#1681,1.75E-1);
#1683=CARTESIAN_POINT('',(7.E-1,1.75E-1,-2.25E0));
#1684=LINE('',#1683,#1682);
#1685=CURVE_STYLE('',#47,POSITIVE_LENGTH_MEASURE(2.E-2),#8);
#1686=PRESENTATION_STYLE_ASSIGNMENT((#1685));
#1687=STYLED_ITEM('',(#1686),#1684);
#1688=DIRECTION('',(0.E0,-1.E0,0.E0));
#1689=VECTOR('',#1688,1.75E-1);
#1690=CARTESIAN_POINT('',(7.E-1,1.75E-1,-1.95E0));
#1691=LINE('',#1690,#1689);
#1692=CURVE_STYLE('',#47,POSITIVE_LENGTH_MEASURE(2.E-2),#8);
#1693=PRESENTATION_STYLE_ASSIGNMENT((#1692));
#1694=STYLED_ITEM('',(#1693),#1691);
#1695=DIRECTION('',(0.E0,1.E0,0.E0));
#1696=VECTOR('',#1695,1.75E-1);
#1697=CARTESIAN_POINT('',(9.E-1,0.E0,-2.25E0));
#1698=LINE('',#1697,#1696);
#1699=CURVE_STYLE('',#47,POSITIVE_LENGTH_MEASURE(2.E-2),#8);
#1700=PRESENTATION_STYLE_ASSIGNMENT((#1699));
#1701=STYLED_ITEM('',(#1700),#1698);
#1702=DIRECTION('',(0.E0,-1.E0,0.E0));
#1703=VECTOR('',#1702,1.75E-1);
#1704=CARTESIAN_POINT('',(9.E-1,1.75E-1,-1.95E0));
#1705=LINE('',#1704,#1703);
#1706=CURVE_STYLE('',#47,POSITIVE_LENGTH_MEASURE(2.E-2),#8);
#1707=PRESENTATION_STYLE_ASSIGNMENT((#1706));
#1708=STYLED_ITEM('',(#1707),#1705);
#1709=DIRECTION('',(0.E0,0.E0,1.E0));
#1710=VECTOR('',#1709,3.E-1);
#1711=CARTESIAN_POINT('',(7.E-1,1.75E-1,-2.25E0));
#1712=LINE('',#1711,#1710);
#1713=CURVE_STYLE('',#47,POSITIVE_LENGTH_MEASURE(2.E-2),#8);
#1714=PRESENTATION_STYLE_ASSIGNMENT((#1713));
#1715=STYLED_ITEM('',(#1714),#1712);
#1716=CARTESIAN_POINT('',(8.E-1,1.75E-1,-1.95E0));
#1717=DIRECTION('',(0.E0,1.E0,0.E0));
#1718=DIRECTION('',(-1.E0,0.E0,0.E0));
#1719=AXIS2_PLACEMENT_3D('',#1716,#1717,#1718);
#1721=CURVE_STYLE('',#47,POSITIVE_LENGTH_MEASURE(2.E-2),#8);
#1722=PRESENTATION_STYLE_ASSIGNMENT((#1721));
#1723=STYLED_ITEM('',(#1722),#1720);
#1724=DIRECTION('',(0.E0,0.E0,-1.E0));
#1725=VECTOR('',#1724,3.E-1);
#1726=CARTESIAN_POINT('',(9.E-1,1.75E-1,-1.95E0));
#1727=LINE('',#1726,#1725);
#1728=CURVE_STYLE('',#47,POSITIVE_LENGTH_MEASURE(2.E-2),#8);
#1729=PRESENTATION_STYLE_ASSIGNMENT((#1728));
#1730=STYLED_ITEM('',(#1729),#1727);
#1731=DIRECTION('',(0.E0,0.E0,-1.E0));
#1732=VECTOR('',#1731,2.E-1);
#1733=CARTESIAN_POINT('',(1.75E0,1.75E-1,1.7E0));
#1734=LINE('',#1733,#1732);
#1735=CURVE_STYLE('',#47,POSITIVE_LENGTH_MEASURE(2.E-2),#8);
#1736=PRESENTATION_STYLE_ASSIGNMENT((#1735));
#1737=STYLED_ITEM('',(#1736),#1734);
#1738=DIRECTION('',(0.E0,1.E0,0.E0));
#1739=VECTOR('',#1738,9.75E-1);
#1740=CARTESIAN_POINT('',(1.75E0,0.E0,2.25E0));
#1741=LINE('',#1740,#1739);
#1742=CURVE_STYLE('',#47,POSITIVE_LENGTH_MEASURE(2.E-2),#8);
#1743=PRESENTATION_STYLE_ASSIGNMENT((#1742));
#1744=STYLED_ITEM('',(#1743),#1741);
#1745=DIRECTION('',(0.E0,0.E0,-1.E0));
#1746=VECTOR('',#1745,2.E-1);
#1747=CARTESIAN_POINT('',(1.75E0,1.75E-1,-1.5E0));
#1748=LINE('',#1747,#1746);
#1749=CURVE_STYLE('',#47,POSITIVE_LENGTH_MEASURE(2.E-2),#8);
#1750=PRESENTATION_STYLE_ASSIGNMENT((#1749));
#1751=STYLED_ITEM('',(#1750),#1748);
#1752=DIRECTION('',(0.E0,0.E0,-1.E0));
#1753=VECTOR('',#1752,2.E-1);
#1754=CARTESIAN_POINT('',(1.75E0,1.75E-1,-1.1E0));
#1755=LINE('',#1754,#1753);
#1756=CURVE_STYLE('',#47,POSITIVE_LENGTH_MEASURE(2.E-2),#8);
#1757=PRESENTATION_STYLE_ASSIGNMENT((#1756));
#1758=STYLED_ITEM('',(#1757),#1755);
#1759=DIRECTION('',(0.E0,0.E0,-1.E0));
#1760=VECTOR('',#1759,2.E-1);
#1761=CARTESIAN_POINT('',(1.75E0,1.75E-1,-7.E-1));
#1762=LINE('',#1761,#1760);
#1763=CURVE_STYLE('',#47,POSITIVE_LENGTH_MEASURE(2.E-2),#8);
#1764=PRESENTATION_STYLE_ASSIGNMENT((#1763));
#1765=STYLED_ITEM('',(#1764),#1762);
#1766=DIRECTION('',(0.E0,0.E0,-1.E0));
#1767=VECTOR('',#1766,2.E-1);
#1768=CARTESIAN_POINT('',(1.75E0,1.75E-1,-3.E-1));
#1769=LINE('',#1768,#1767);
#1770=CURVE_STYLE('',#47,POSITIVE_LENGTH_MEASURE(2.E-2),#8);
#1771=PRESENTATION_STYLE_ASSIGNMENT((#1770));
#1772=STYLED_ITEM('',(#1771),#1769);
#1773=DIRECTION('',(0.E0,0.E0,-1.E0));
#1774=VECTOR('',#1773,2.E-1);
#1775=CARTESIAN_POINT('',(1.75E0,1.75E-1,1.E-1));
#1776=LINE('',#1775,#1774);
#1777=CURVE_STYLE('',#47,POSITIVE_LENGTH_MEASURE(2.E-2),#8);
#1778=PRESENTATION_STYLE_ASSIGNMENT((#1777));
#1779=STYLED_ITEM('',(#1778),#1776);
#1780=DIRECTION('',(0.E0,0.E0,-1.E0));
#1781=VECTOR('',#1780,2.E-1);
#1782=CARTESIAN_POINT('',(1.75E0,1.75E-1,5.E-1));
#1783=LINE('',#1782,#1781);
#1784=CURVE_STYLE('',#47,POSITIVE_LENGTH_MEASURE(2.E-2),#8);
#1785=PRESENTATION_STYLE_ASSIGNMENT((#1784));
#1786=STYLED_ITEM('',(#1785),#1783);
#1787=DIRECTION('',(0.E0,0.E0,-1.E0));
#1788=VECTOR('',#1787,2.E-1);
#1789=CARTESIAN_POINT('',(1.75E0,1.75E-1,9.E-1));
#1790=LINE('',#1789,#1788);
#1791=CURVE_STYLE('',#47,POSITIVE_LENGTH_MEASURE(2.E-2),#8);
#1792=PRESENTATION_STYLE_ASSIGNMENT((#1791));
#1793=STYLED_ITEM('',(#1792),#1790);
#1794=DIRECTION('',(0.E0,0.E0,-1.E0));
#1795=VECTOR('',#1794,2.E-1);
#1796=CARTESIAN_POINT('',(1.75E0,1.75E-1,1.3E0));
#1797=LINE('',#1796,#1795);
#1798=CURVE_STYLE('',#47,POSITIVE_LENGTH_MEASURE(2.E-2),#8);
#1799=PRESENTATION_STYLE_ASSIGNMENT((#1798));
#1800=STYLED_ITEM('',(#1799),#1797);
#1801=DIRECTION('',(0.E0,-1.E0,0.E0));
#1802=VECTOR('',#1801,1.75E-1);
#1803=CARTESIAN_POINT('',(1.75E0,1.75E-1,1.5E0));
#1804=LINE('',#1803,#1802);
#1805=CURVE_STYLE('',#47,POSITIVE_LENGTH_MEASURE(2.E-2),#8);
#1806=PRESENTATION_STYLE_ASSIGNMENT((#1805));
#1807=STYLED_ITEM('',(#1806),#1804);
#1808=DIRECTION('',(0.E0,-1.E0,0.E0));
#1809=VECTOR('',#1808,1.75E-1);
#1810=CARTESIAN_POINT('',(1.45E0,1.75E-1,1.5E0));
#1811=LINE('',#1810,#1809);
#1812=CURVE_STYLE('',#47,POSITIVE_LENGTH_MEASURE(2.E-2),#8);
#1813=PRESENTATION_STYLE_ASSIGNMENT((#1812));
#1814=STYLED_ITEM('',(#1813),#1811);
#1815=DIRECTION('',(0.E0,1.E0,0.E0));
#1816=VECTOR('',#1815,1.75E-1);
#1817=CARTESIAN_POINT('',(1.75E0,0.E0,1.7E0));
#1818=LINE('',#1817,#1816);
#1819=CURVE_STYLE('',#47,POSITIVE_LENGTH_MEASURE(2.E-2),#8);
#1820=PRESENTATION_STYLE_ASSIGNMENT((#1819));
#1821=STYLED_ITEM('',(#1820),#1818);
#1822=DIRECTION('',(0.E0,-1.E0,0.E0));
#1823=VECTOR('',#1822,1.75E-1);
#1824=CARTESIAN_POINT('',(1.45E0,1.75E-1,1.7E0));
#1825=LINE('',#1824,#1823);
#1826=CURVE_STYLE('',#47,POSITIVE_LENGTH_MEASURE(2.E-2),#8);
#1827=PRESENTATION_STYLE_ASSIGNMENT((#1826));
#1828=STYLED_ITEM('',(#1827),#1825);
#1829=DIRECTION('',(-1.E0,0.E0,0.E0));
#1830=VECTOR('',#1829,3.E-1);
#1831=CARTESIAN_POINT('',(1.75E0,1.75E-1,1.5E0));
#1832=LINE('',#1831,#1830);
#1833=CURVE_STYLE('',#47,POSITIVE_LENGTH_MEASURE(2.E-2),#8);
#1834=PRESENTATION_STYLE_ASSIGNMENT((#1833));
#1835=STYLED_ITEM('',(#1834),#1832);
#1836=CARTESIAN_POINT('',(1.45E0,1.75E-1,1.6E0));
#1837=DIRECTION('',(0.E0,1.E0,0.E0));
#1838=DIRECTION('',(0.E0,0.E0,-1.E0));
#1839=AXIS2_PLACEMENT_3D('',#1836,#1837,#1838);
#1841=CURVE_STYLE('',#47,POSITIVE_LENGTH_MEASURE(2.E-2),#8);
#1842=PRESENTATION_STYLE_ASSIGNMENT((#1841));
#1843=STYLED_ITEM('',(#1842),#1840);
#1844=DIRECTION('',(1.E0,0.E0,0.E0));
#1845=VECTOR('',#1844,3.E-1);
#1846=CARTESIAN_POINT('',(1.45E0,1.75E-1,1.7E0));
#1847=LINE('',#1846,#1845);
#1848=CURVE_STYLE('',#47,POSITIVE_LENGTH_MEASURE(2.E-2),#8);
#1849=PRESENTATION_STYLE_ASSIGNMENT((#1848));
#1850=STYLED_ITEM('',(#1849),#1847);
#1851=DIRECTION('',(1.E0,0.E0,0.E0));
#1852=VECTOR('',#1851,2.E-1);
#1853=CARTESIAN_POINT('',(-9.E-1,1.75E-1,2.25E0));
#1854=LINE('',#1853,#1852);
#1855=CURVE_STYLE('',#47,POSITIVE_LENGTH_MEASURE(2.E-2),#8);
#1856=PRESENTATION_STYLE_ASSIGNMENT((#1855));
#1857=STYLED_ITEM('',(#1856),#1854);
#1858=DIRECTION('',(0.E0,1.E0,0.E0));
#1859=VECTOR('',#1858,9.75E-1);
#1860=CARTESIAN_POINT('',(-1.75E0,0.E0,2.25E0));
#1861=LINE('',#1860,#1859);
#1862=CURVE_STYLE('',#47,POSITIVE_LENGTH_MEASURE(2.E-2),#8);
#1863=PRESENTATION_STYLE_ASSIGNMENT((#1862));
#1864=STYLED_ITEM('',(#1863),#1861);
#1865=DIRECTION('',(1.E0,0.E0,0.E0));
#1866=VECTOR('',#1865,2.E-1);
#1867=CARTESIAN_POINT('',(7.E-1,1.75E-1,2.25E0));
#1868=LINE('',#1867,#1866);
#1869=CURVE_STYLE('',#47,POSITIVE_LENGTH_MEASURE(2.E-2),#8);
#1870=PRESENTATION_STYLE_ASSIGNMENT((#1869));
#1871=STYLED_ITEM('',(#1870),#1868);
#1872=DIRECTION('',(1.E0,0.E0,0.E0));
#1873=VECTOR('',#1872,2.E-1);
#1874=CARTESIAN_POINT('',(3.E-1,1.75E-1,2.25E0));
#1875=LINE('',#1874,#1873);
#1876=CURVE_STYLE('',#47,POSITIVE_LENGTH_MEASURE(2.E-2),#8);
#1877=PRESENTATION_STYLE_ASSIGNMENT((#1876));
#1878=STYLED_ITEM('',(#1877),#1875);
#1879=DIRECTION('',(1.E0,0.E0,0.E0));
#1880=VECTOR('',#1879,2.E-1);
#1881=CARTESIAN_POINT('',(-1.E-1,1.75E-1,2.25E0));
#1882=LINE('',#1881,#1880);
#1883=CURVE_STYLE('',#47,POSITIVE_LENGTH_MEASURE(2.E-2),#8);
#1884=PRESENTATION_STYLE_ASSIGNMENT((#1883));
#1885=STYLED_ITEM('',(#1884),#1882);
#1886=DIRECTION('',(1.E0,0.E0,0.E0));
#1887=VECTOR('',#1886,2.E-1);
#1888=CARTESIAN_POINT('',(-5.E-1,1.75E-1,2.25E0));
#1889=LINE('',#1888,#1887);
#1890=CURVE_STYLE('',#47,POSITIVE_LENGTH_MEASURE(2.E-2),#8);
#1891=PRESENTATION_STYLE_ASSIGNMENT((#1890));
#1892=STYLED_ITEM('',(#1891),#1889);
#1893=DIRECTION('',(0.E0,0.E0,1.E0));
#1894=VECTOR('',#1893,3.E-1);
#1895=CARTESIAN_POINT('',(-7.E-1,1.75E-1,1.95E0));
#1896=LINE('',#1895,#1894);
#1897=CURVE_STYLE('',#47,POSITIVE_LENGTH_MEASURE(2.E-2),#8);
#1898=PRESENTATION_STYLE_ASSIGNMENT((#1897));
#1899=STYLED_ITEM('',(#1898),#1896);
#1900=CARTESIAN_POINT('',(-8.E-1,1.75E-1,1.95E0));
#1901=DIRECTION('',(0.E0,-1.E0,0.E0));
#1902=DIRECTION('',(-1.E0,0.E0,0.E0));
#1903=AXIS2_PLACEMENT_3D('',#1900,#1901,#1902);
#1905=CURVE_STYLE('',#47,POSITIVE_LENGTH_MEASURE(2.E-2),#8);
#1906=PRESENTATION_STYLE_ASSIGNMENT((#1905));
#1907=STYLED_ITEM('',(#1906),#1904);
#1908=DIRECTION('',(0.E0,0.E0,-1.E0));
#1909=VECTOR('',#1908,3.E-1);
#1910=CARTESIAN_POINT('',(-9.E-1,1.75E-1,2.25E0));
#1911=LINE('',#1910,#1909);
#1912=CURVE_STYLE('',#47,POSITIVE_LENGTH_MEASURE(2.E-2),#8);
#1913=PRESENTATION_STYLE_ASSIGNMENT((#1912));
#1914=STYLED_ITEM('',(#1913),#1911);
#1915=DIRECTION('',(0.E0,1.E0,0.E0));
#1916=VECTOR('',#1915,1.75E-1);
#1917=CARTESIAN_POINT('',(-7.E-1,0.E0,1.95E0));
#1918=LINE('',#1917,#1916);
#1919=CURVE_STYLE('',#47,POSITIVE_LENGTH_MEASURE(2.E-2),#8);
#1920=PRESENTATION_STYLE_ASSIGNMENT((#1919));
#1921=STYLED_ITEM('',(#1920),#1918);
#1922=DIRECTION('',(0.E0,-1.E0,0.E0));
#1923=VECTOR('',#1922,1.75E-1);
#1924=CARTESIAN_POINT('',(-7.E-1,1.75E-1,2.25E0));
#1925=LINE('',#1924,#1923);
#1926=CURVE_STYLE('',#47,POSITIVE_LENGTH_MEASURE(2.E-2),#8);
#1927=PRESENTATION_STYLE_ASSIGNMENT((#1926));
#1928=STYLED_ITEM('',(#1927),#1925);
#1929=DIRECTION('',(0.E0,1.E0,0.E0));
#1930=VECTOR('',#1929,1.75E-1);
#1931=CARTESIAN_POINT('',(-9.E-1,0.E0,1.95E0));
#1932=LINE('',#1931,#1930);
#1933=CURVE_STYLE('',#47,POSITIVE_LENGTH_MEASURE(2.E-2),#8);
#1934=PRESENTATION_STYLE_ASSIGNMENT((#1933));
#1935=STYLED_ITEM('',(#1934),#1932);
#1936=DIRECTION('',(0.E0,1.E0,0.E0));
#1937=VECTOR('',#1936,1.75E-1);
#1938=CARTESIAN_POINT('',(-9.E-1,0.E0,2.25E0));
#1939=LINE('',#1938,#1937);
#1940=CURVE_STYLE('',#47,POSITIVE_LENGTH_MEASURE(2.E-2),#8);
#1941=PRESENTATION_STYLE_ASSIGNMENT((#1940));
#1942=STYLED_ITEM('',(#1941),#1939);
#1943=DIRECTION('',(0.E0,0.E0,1.E0));
#1944=VECTOR('',#1943,4.5E0);
#1945=CARTESIAN_POINT('',(-1.75E0,9.75E-1,-2.25E0));
#1946=LINE('',#1945,#1944);
#1947=CURVE_STYLE('',#47,POSITIVE_LENGTH_MEASURE(2.E-2),#8);
#1948=PRESENTATION_STYLE_ASSIGNMENT((#1947));
#1949=STYLED_ITEM('',(#1948),#1946);
#1950=DIRECTION('',(-1.E0,0.E0,0.E0));
#1951=VECTOR('',#1950,3.5E0);
#1952=CARTESIAN_POINT('',(1.75E0,9.75E-1,-2.25E0));
#1953=LINE('',#1952,#1951);
#1954=CURVE_STYLE('',#47,POSITIVE_LENGTH_MEASURE(2.E-2),#8);
#1955=PRESENTATION_STYLE_ASSIGNMENT((#1954));
#1956=STYLED_ITEM('',(#1955),#1953);
#1957=DIRECTION('',(0.E0,0.E0,-1.E0));
#1958=VECTOR('',#1957,4.5E0);
#1959=CARTESIAN_POINT('',(1.75E0,9.75E-1,2.25E0));
#1960=LINE('',#1959,#1958);
#1961=CURVE_STYLE('',#47,POSITIVE_LENGTH_MEASURE(2.E-2),#8);
#1962=PRESENTATION_STYLE_ASSIGNMENT((#1961));
#1963=STYLED_ITEM('',(#1962),#1960);
#1964=DIRECTION('',(1.E0,0.E0,0.E0));
#1965=VECTOR('',#1964,3.5E0);
#1966=CARTESIAN_POINT('',(-1.75E0,9.75E-1,2.25E0));
#1967=LINE('',#1966,#1965);
#1968=CURVE_STYLE('',#47,POSITIVE_LENGTH_MEASURE(2.E-2),#8);
#1969=PRESENTATION_STYLE_ASSIGNMENT((#1968));
#1970=STYLED_ITEM('',(#1969),#1967);
#1971=DIRECTION('',(0.E0,1.E0,0.E0));
#1972=VECTOR('',#1971,1.75E-1);
#1973=CARTESIAN_POINT('',(9.E-1,0.E0,1.95E0));
#1974=LINE('',#1973,#1972);
#1975=CURVE_STYLE('',#47,POSITIVE_LENGTH_MEASURE(2.E-2),#8);
#1976=PRESENTATION_STYLE_ASSIGNMENT((#1975));
#1977=STYLED_ITEM('',(#1976),#1974);
#1978=DIRECTION('',(0.E0,-1.E0,0.E0));
#1979=VECTOR('',#1978,1.75E-1);
#1980=CARTESIAN_POINT('',(9.E-1,1.75E-1,2.25E0));
#1981=LINE('',#1980,#1979);
#1982=CURVE_STYLE('',#47,POSITIVE_LENGTH_MEASURE(2.E-2),#8);
#1983=PRESENTATION_STYLE_ASSIGNMENT((#1982));
#1984=STYLED_ITEM('',(#1983),#1981);
#1985=DIRECTION('',(0.E0,1.E0,0.E0));
#1986=VECTOR('',#1985,1.75E-1);
#1987=CARTESIAN_POINT('',(7.E-1,0.E0,1.95E0));
#1988=LINE('',#1987,#1986);
#1989=CURVE_STYLE('',#47,POSITIVE_LENGTH_MEASURE(2.E-2),#8);
#1990=PRESENTATION_STYLE_ASSIGNMENT((#1989));
#1991=STYLED_ITEM('',(#1990),#1988);
#1992=DIRECTION('',(0.E0,1.E0,0.E0));
#1993=VECTOR('',#1992,1.75E-1);
#1994=CARTESIAN_POINT('',(7.E-1,0.E0,2.25E0));
#1995=LINE('',#1994,#1993);
#1996=CURVE_STYLE('',#47,POSITIVE_LENGTH_MEASURE(2.E-2),#8);
#1997=PRESENTATION_STYLE_ASSIGNMENT((#1996));
#1998=STYLED_ITEM('',(#1997),#1995);
#1999=DIRECTION('',(0.E0,0.E0,1.E0));
#2000=VECTOR('',#1999,3.E-1);
#2001=CARTESIAN_POINT('',(9.E-1,1.75E-1,1.95E0));
#2002=LINE('',#2001,#2000);
#2003=CURVE_STYLE('',#47,POSITIVE_LENGTH_MEASURE(2.E-2),#8);
#2004=PRESENTATION_STYLE_ASSIGNMENT((#2003));
#2005=STYLED_ITEM('',(#2004),#2002);
#2006=CARTESIAN_POINT('',(8.E-1,1.75E-1,1.95E0));
#2007=DIRECTION('',(0.E0,-1.E0,0.E0));
#2008=DIRECTION('',(-1.E0,0.E0,0.E0));
#2009=AXIS2_PLACEMENT_3D('',#2006,#2007,#2008);
#2011=CURVE_STYLE('',#47,POSITIVE_LENGTH_MEASURE(2.E-2),#8);
#2012=PRESENTATION_STYLE_ASSIGNMENT((#2011));
#2013=STYLED_ITEM('',(#2012),#2010);
#2014=DIRECTION('',(0.E0,0.E0,-1.E0));
#2015=VECTOR('',#2014,3.E-1);
#2016=CARTESIAN_POINT('',(7.E-1,1.75E-1,2.25E0));
#2017=LINE('',#2016,#2015);
#2018=CURVE_STYLE('',#47,POSITIVE_LENGTH_MEASURE(2.E-2),#8);
#2019=PRESENTATION_STYLE_ASSIGNMENT((#2018));
#2020=STYLED_ITEM('',(#2019),#2017);
#2021=DIRECTION('',(0.E0,1.E0,0.E0));
#2022=VECTOR('',#2021,1.75E-1);
#2023=CARTESIAN_POINT('',(5.E-1,0.E0,1.95E0));
#2024=LINE('',#2023,#2022);
#2025=CURVE_STYLE('',#47,POSITIVE_LENGTH_MEASURE(2.E-2),#8);
#2026=PRESENTATION_STYLE_ASSIGNMENT((#2025));
#2027=STYLED_ITEM('',(#2026),#2024);
#2028=DIRECTION('',(0.E0,-1.E0,0.E0));
#2029=VECTOR('',#2028,1.75E-1);
#2030=CARTESIAN_POINT('',(5.E-1,1.75E-1,2.25E0));
#2031=LINE('',#2030,#2029);
#2032=CURVE_STYLE('',#47,POSITIVE_LENGTH_MEASURE(2.E-2),#8);
#2033=PRESENTATION_STYLE_ASSIGNMENT((#2032));
#2034=STYLED_ITEM('',(#2033),#2031);
#2035=DIRECTION('',(0.E0,1.E0,0.E0));
#2036=VECTOR('',#2035,1.75E-1);
#2037=CARTESIAN_POINT('',(3.E-1,0.E0,1.95E0));
#2038=LINE('',#2037,#2036);
#2039=CURVE_STYLE('',#47,POSITIVE_LENGTH_MEASURE(2.E-2),#8);
#2040=PRESENTATION_STYLE_ASSIGNMENT((#2039));
#2041=STYLED_ITEM('',(#2040),#2038);
#2042=DIRECTION('',(0.E0,1.E0,0.E0));
#2043=VECTOR('',#2042,1.75E-1);
#2044=CARTESIAN_POINT('',(3.E-1,0.E0,2.25E0));
#2045=LINE('',#2044,#2043);
#2046=CURVE_STYLE('',#47,POSITIVE_LENGTH_MEASURE(2.E-2),#8);
#2047=PRESENTATION_STYLE_ASSIGNMENT((#2046));
#2048=STYLED_ITEM('',(#2047),#2045);
#2049=DIRECTION('',(0.E0,0.E0,1.E0));
#2050=VECTOR('',#2049,3.E-1);
#2051=CARTESIAN_POINT('',(5.E-1,1.75E-1,1.95E0));
#2052=LINE('',#2051,#2050);
#2053=CURVE_STYLE('',#47,POSITIVE_LENGTH_MEASURE(2.E-2),#8);
#2054=PRESENTATION_STYLE_ASSIGNMENT((#2053));
#2055=STYLED_ITEM('',(#2054),#2052);
#2056=CARTESIAN_POINT('',(4.E-1,1.75E-1,1.95E0));
#2057=DIRECTION('',(0.E0,-1.E0,0.E0));
#2058=DIRECTION('',(-1.E0,0.E0,0.E0));
#2059=AXIS2_PLACEMENT_3D('',#2056,#2057,#2058);
#2061=CURVE_STYLE('',#47,POSITIVE_LENGTH_MEASURE(2.E-2),#8);
#2062=PRESENTATION_STYLE_ASSIGNMENT((#2061));
#2063=STYLED_ITEM('',(#2062),#2060);
#2064=DIRECTION('',(0.E0,0.E0,-1.E0));
#2065=VECTOR('',#2064,3.E-1);
#2066=CARTESIAN_POINT('',(3.E-1,1.75E-1,2.25E0));
#2067=LINE('',#2066,#2065);
#2068=CURVE_STYLE('',#47,POSITIVE_LENGTH_MEASURE(2.E-2),#8);
#2069=PRESENTATION_STYLE_ASSIGNMENT((#2068));
#2070=STYLED_ITEM('',(#2069),#2067);
#2071=DIRECTION('',(0.E0,1.E0,0.E0));
#2072=VECTOR('',#2071,1.75E-1);
#2073=CARTESIAN_POINT('',(1.E-1,0.E0,1.95E0));
#2074=LINE('',#2073,#2072);
#2075=CURVE_STYLE('',#47,POSITIVE_LENGTH_MEASURE(2.E-2),#8);
#2076=PRESENTATION_STYLE_ASSIGNMENT((#2075));
#2077=STYLED_ITEM('',(#2076),#2074);
#2078=DIRECTION('',(0.E0,-1.E0,0.E0));
#2079=VECTOR('',#2078,1.75E-1);
#2080=CARTESIAN_POINT('',(1.E-1,1.75E-1,2.25E0));
#2081=LINE('',#2080,#2079);
#2082=CURVE_STYLE('',#47,POSITIVE_LENGTH_MEASURE(2.E-2),#8);
#2083=PRESENTATION_STYLE_ASSIGNMENT((#2082));
#2084=STYLED_ITEM('',(#2083),#2081);
#2085=DIRECTION('',(0.E0,1.E0,0.E0));
#2086=VECTOR('',#2085,1.75E-1);
#2087=CARTESIAN_POINT('',(-1.E-1,0.E0,1.95E0));
#2088=LINE('',#2087,#2086);
#2089=CURVE_STYLE('',#47,POSITIVE_LENGTH_MEASURE(2.E-2),#8);
#2090=PRESENTATION_STYLE_ASSIGNMENT((#2089));
#2091=STYLED_ITEM('',(#2090),#2088);
#2092=DIRECTION('',(0.E0,1.E0,0.E0));
#2093=VECTOR('',#2092,1.75E-1);
#2094=CARTESIAN_POINT('',(-1.E-1,0.E0,2.25E0));
#2095=LINE('',#2094,#2093);
#2096=CURVE_STYLE('',#47,POSITIVE_LENGTH_MEASURE(2.E-2),#8);
#2097=PRESENTATION_STYLE_ASSIGNMENT((#2096));
#2098=STYLED_ITEM('',(#2097),#2095);
#2099=DIRECTION('',(0.E0,0.E0,1.E0));
#2100=VECTOR('',#2099,3.E-1);
#2101=CARTESIAN_POINT('',(1.E-1,1.75E-1,1.95E0));
#2102=LINE('',#2101,#2100);
#2103=CURVE_STYLE('',#47,POSITIVE_LENGTH_MEASURE(2.E-2),#8);
#2104=PRESENTATION_STYLE_ASSIGNMENT((#2103));
#2105=STYLED_ITEM('',(#2104),#2102);
#2106=CARTESIAN_POINT('',(0.E0,1.75E-1,1.95E0));
#2107=DIRECTION('',(0.E0,-1.E0,0.E0));
#2108=DIRECTION('',(-1.E0,0.E0,0.E0));
#2109=AXIS2_PLACEMENT_3D('',#2106,#2107,#2108);
#2111=CURVE_STYLE('',#47,POSITIVE_LENGTH_MEASURE(2.E-2),#8);
#2112=PRESENTATION_STYLE_ASSIGNMENT((#2111));
#2113=STYLED_ITEM('',(#2112),#2110);
#2114=DIRECTION('',(0.E0,0.E0,-1.E0));
#2115=VECTOR('',#2114,3.E-1);
#2116=CARTESIAN_POINT('',(-1.E-1,1.75E-1,2.25E0));
#2117=LINE('',#2116,#2115);
#2118=CURVE_STYLE('',#47,POSITIVE_LENGTH_MEASURE(2.E-2),#8);
#2119=PRESENTATION_STYLE_ASSIGNMENT((#2118));
#2120=STYLED_ITEM('',(#2119),#2117);
#2121=DIRECTION('',(0.E0,1.E0,0.E0));
#2122=VECTOR('',#2121,1.75E-1);
#2123=CARTESIAN_POINT('',(-3.E-1,0.E0,1.95E0));
#2124=LINE('',#2123,#2122);
#2125=CURVE_STYLE('',#47,POSITIVE_LENGTH_MEASURE(2.E-2),#8);
#2126=PRESENTATION_STYLE_ASSIGNMENT((#2125));
#2127=STYLED_ITEM('',(#2126),#2124);
#2128=DIRECTION('',(0.E0,-1.E0,0.E0));
#2129=VECTOR('',#2128,1.75E-1);
#2130=CARTESIAN_POINT('',(-3.E-1,1.75E-1,2.25E0));
#2131=LINE('',#2130,#2129);
#2132=CURVE_STYLE('',#47,POSITIVE_LENGTH_MEASURE(2.E-2),#8);
#2133=PRESENTATION_STYLE_ASSIGNMENT((#2132));
#2134=STYLED_ITEM('',(#2133),#2131);
#2135=DIRECTION('',(0.E0,1.E0,0.E0));
#2136=VECTOR('',#2135,1.75E-1);
#2137=CARTESIAN_POINT('',(-5.E-1,0.E0,1.95E0));
#2138=LINE('',#2137,#2136);
#2139=CURVE_STYLE('',#47,POSITIVE_LENGTH_MEASURE(2.E-2),#8);
#2140=PRESENTATION_STYLE_ASSIGNMENT((#2139));
#2141=STYLED_ITEM('',(#2140),#2138);
#2142=DIRECTION('',(0.E0,1.E0,0.E0));
#2143=VECTOR('',#2142,1.75E-1);
#2144=CARTESIAN_POINT('',(-5.E-1,0.E0,2.25E0));
#2145=LINE('',#2144,#2143);
#2146=CURVE_STYLE('',#47,POSITIVE_LENGTH_MEASURE(2.E-2),#8);
#2147=PRESENTATION_STYLE_ASSIGNMENT((#2146));
#2148=STYLED_ITEM('',(#2147),#2145);
#2149=DIRECTION('',(0.E0,0.E0,1.E0));
#2150=VECTOR('',#2149,3.E-1);
#2151=CARTESIAN_POINT('',(-3.E-1,1.75E-1,1.95E0));
#2152=LINE('',#2151,#2150);
#2153=CURVE_STYLE('',#47,POSITIVE_LENGTH_MEASURE(2.E-2),#8);
#2154=PRESENTATION_STYLE_ASSIGNMENT((#2153));
#2155=STYLED_ITEM('',(#2154),#2152);
#2156=CARTESIAN_POINT('',(-4.E-1,1.75E-1,1.95E0));
#2157=DIRECTION('',(0.E0,-1.E0,0.E0));
#2158=DIRECTION('',(-1.E0,0.E0,0.E0));
#2159=AXIS2_PLACEMENT_3D('',#2156,#2157,#2158);
#2161=CURVE_STYLE('',#47,POSITIVE_LENGTH_MEASURE(2.E-2),#8);
#2162=PRESENTATION_STYLE_ASSIGNMENT((#2161));
#2163=STYLED_ITEM('',(#2162),#2160);
#2164=DIRECTION('',(0.E0,0.E0,-1.E0));
#2165=VECTOR('',#2164,3.E-1);
#2166=CARTESIAN_POINT('',(-5.E-1,1.75E-1,2.25E0));
#2167=LINE('',#2166,#2165);
#2168=CURVE_STYLE('',#47,POSITIVE_LENGTH_MEASURE(2.E-2),#8);
#2169=PRESENTATION_STYLE_ASSIGNMENT((#2168));
#2170=STYLED_ITEM('',(#2169),#2167);
#2171=DIRECTION('',(0.E0,-1.E0,0.E0));
#2172=VECTOR('',#2171,1.75E-1);
#2173=CARTESIAN_POINT('',(1.75E0,1.75E-1,-1.7E0));
#2174=LINE('',#2173,#2172);
#2175=CURVE_STYLE('',#47,POSITIVE_LENGTH_MEASURE(2.E-2),#8);
#2176=PRESENTATION_STYLE_ASSIGNMENT((#2175));
#2177=STYLED_ITEM('',(#2176),#2174);
#2178=DIRECTION('',(0.E0,-1.E0,0.E0));
#2179=VECTOR('',#2178,1.75E-1);
#2180=CARTESIAN_POINT('',(1.45E0,1.75E-1,-1.7E0));
#2181=LINE('',#2180,#2179);
#2182=CURVE_STYLE('',#47,POSITIVE_LENGTH_MEASURE(2.E-2),#8);
#2183=PRESENTATION_STYLE_ASSIGNMENT((#2182));
#2184=STYLED_ITEM('',(#2183),#2181);
#2185=DIRECTION('',(0.E0,1.E0,0.E0));
#2186=VECTOR('',#2185,1.75E-1);
#2187=CARTESIAN_POINT('',(1.75E0,0.E0,-1.5E0));
#2188=LINE('',#2187,#2186);
#2189=CURVE_STYLE('',#47,POSITIVE_LENGTH_MEASURE(2.E-2),#8);
#2190=PRESENTATION_STYLE_ASSIGNMENT((#2189));
#2191=STYLED_ITEM('',(#2190),#2188);
#2192=DIRECTION('',(0.E0,-1.E0,0.E0));
#2193=VECTOR('',#2192,1.75E-1);
#2194=CARTESIAN_POINT('',(1.45E0,1.75E-1,-1.5E0));
#2195=LINE('',#2194,#2193);
#2196=CURVE_STYLE('',#47,POSITIVE_LENGTH_MEASURE(2.E-2),#8);
#2197=PRESENTATION_STYLE_ASSIGNMENT((#2196));
#2198=STYLED_ITEM('',(#2197),#2195);
#2199=DIRECTION('',(-1.E0,0.E0,0.E0));
#2200=VECTOR('',#2199,3.E-1);
#2201=CARTESIAN_POINT('',(1.75E0,1.75E-1,-1.7E0));
#2202=LINE('',#2201,#2200);
#2203=CURVE_STYLE('',#47,POSITIVE_LENGTH_MEASURE(2.E-2),#8);
#2204=PRESENTATION_STYLE_ASSIGNMENT((#2203));
#2205=STYLED_ITEM('',(#2204),#2202);
#2206=CARTESIAN_POINT('',(1.45E0,1.75E-1,-1.6E0));
#2207=DIRECTION('',(0.E0,1.E0,0.E0));
#2208=DIRECTION('',(0.E0,0.E0,-1.E0));
#2209=AXIS2_PLACEMENT_3D('',#2206,#2207,#2208);
#2211=CURVE_STYLE('',#47,POSITIVE_LENGTH_MEASURE(2.E-2),#8);
#2212=PRESENTATION_STYLE_ASSIGNMENT((#2211));
#2213=STYLED_ITEM('',(#2212),#2210);
#2214=DIRECTION('',(1.E0,0.E0,0.E0));
#2215=VECTOR('',#2214,3.E-1);
#2216=CARTESIAN_POINT('',(1.45E0,1.75E-1,-1.5E0));
#2217=LINE('',#2216,#2215);
#2218=CURVE_STYLE('',#47,POSITIVE_LENGTH_MEASURE(2.E-2),#8);
#2219=PRESENTATION_STYLE_ASSIGNMENT((#2218));
#2220=STYLED_ITEM('',(#2219),#2217);
#2221=DIRECTION('',(0.E0,-1.E0,0.E0));
#2222=VECTOR('',#2221,1.75E-1);
#2223=CARTESIAN_POINT('',(1.75E0,1.75E-1,-1.3E0));
#2224=LINE('',#2223,#2222);
#2225=CURVE_STYLE('',#47,POSITIVE_LENGTH_MEASURE(2.E-2),#8);
#2226=PRESENTATION_STYLE_ASSIGNMENT((#2225));
#2227=STYLED_ITEM('',(#2226),#2224);
#2228=DIRECTION('',(0.E0,-1.E0,0.E0));
#2229=VECTOR('',#2228,1.75E-1);
#2230=CARTESIAN_POINT('',(1.45E0,1.75E-1,-1.3E0));
#2231=LINE('',#2230,#2229);
#2232=CURVE_STYLE('',#47,POSITIVE_LENGTH_MEASURE(2.E-2),#8);
#2233=PRESENTATION_STYLE_ASSIGNMENT((#2232));
#2234=STYLED_ITEM('',(#2233),#2231);
#2235=DIRECTION('',(0.E0,1.E0,0.E0));
#2236=VECTOR('',#2235,1.75E-1);
#2237=CARTESIAN_POINT('',(1.75E0,0.E0,-1.1E0));
#2238=LINE('',#2237,#2236);
#2239=CURVE_STYLE('',#47,POSITIVE_LENGTH_MEASURE(2.E-2),#8);
#2240=PRESENTATION_STYLE_ASSIGNMENT((#2239));
#2241=STYLED_ITEM('',(#2240),#2238);
#2242=DIRECTION('',(0.E0,-1.E0,0.E0));
#2243=VECTOR('',#2242,1.75E-1);
#2244=CARTESIAN_POINT('',(1.45E0,1.75E-1,-1.1E0));
#2245=LINE('',#2244,#2243);
#2246=CURVE_STYLE('',#47,POSITIVE_LENGTH_MEASURE(2.E-2),#8);
#2247=PRESENTATION_STYLE_ASSIGNMENT((#2246));
#2248=STYLED_ITEM('',(#2247),#2245);
#2249=DIRECTION('',(-1.E0,0.E0,0.E0));
#2250=VECTOR('',#2249,3.E-1);
#2251=CARTESIAN_POINT('',(1.75E0,1.75E-1,-1.3E0));
#2252=LINE('',#2251,#2250);
#2253=CURVE_STYLE('',#47,POSITIVE_LENGTH_MEASURE(2.E-2),#8);
#2254=PRESENTATION_STYLE_ASSIGNMENT((#2253));
#2255=STYLED_ITEM('',(#2254),#2252);
#2256=CARTESIAN_POINT('',(1.45E0,1.75E-1,-1.2E0));
#2257=DIRECTION('',(0.E0,1.E0,0.E0));
#2258=DIRECTION('',(-1.554312234475E-14,0.E0,-1.E0));
#2259=AXIS2_PLACEMENT_3D('',#2256,#2257,#2258);
#2261=CURVE_STYLE('',#47,POSITIVE_LENGTH_MEASURE(2.E-2),#8);
#2262=PRESENTATION_STYLE_ASSIGNMENT((#2261));
#2263=STYLED_ITEM('',(#2262),#2260);
#2264=DIRECTION('',(1.E0,0.E0,0.E0));
#2265=VECTOR('',#2264,3.E-1);
#2266=CARTESIAN_POINT('',(1.45E0,1.75E-1,-1.1E0));
#2267=LINE('',#2266,#2265);
#2268=CURVE_STYLE('',#47,POSITIVE_LENGTH_MEASURE(2.E-2),#8);
#2269=PRESENTATION_STYLE_ASSIGNMENT((#2268));
#2270=STYLED_ITEM('',(#2269),#2267);
#2271=DIRECTION('',(0.E0,-1.E0,0.E0));
#2272=VECTOR('',#2271,1.75E-1);
#2273=CARTESIAN_POINT('',(1.75E0,1.75E-1,-9.E-1));
#2274=LINE('',#2273,#2272);
#2275=CURVE_STYLE('',#47,POSITIVE_LENGTH_MEASURE(2.E-2),#8);
#2276=PRESENTATION_STYLE_ASSIGNMENT((#2275));
#2277=STYLED_ITEM('',(#2276),#2274);
#2278=DIRECTION('',(0.E0,-1.E0,0.E0));
#2279=VECTOR('',#2278,1.75E-1);
#2280=CARTESIAN_POINT('',(1.45E0,1.75E-1,-9.E-1));
#2281=LINE('',#2280,#2279);
#2282=CURVE_STYLE('',#47,POSITIVE_LENGTH_MEASURE(2.E-2),#8);
#2283=PRESENTATION_STYLE_ASSIGNMENT((#2282));
#2284=STYLED_ITEM('',(#2283),#2281);
#2285=DIRECTION('',(0.E0,1.E0,0.E0));
#2286=VECTOR('',#2285,1.75E-1);
#2287=CARTESIAN_POINT('',(1.75E0,0.E0,-7.E-1));
#2288=LINE('',#2287,#2286);
#2289=CURVE_STYLE('',#47,POSITIVE_LENGTH_MEASURE(2.E-2),#8);
#2290=PRESENTATION_STYLE_ASSIGNMENT((#2289));
#2291=STYLED_ITEM('',(#2290),#2288);
#2292=DIRECTION('',(0.E0,-1.E0,0.E0));
#2293=VECTOR('',#2292,1.75E-1);
#2294=CARTESIAN_POINT('',(1.45E0,1.75E-1,-7.E-1));
#2295=LINE('',#2294,#2293);
#2296=CURVE_STYLE('',#47,POSITIVE_LENGTH_MEASURE(2.E-2),#8);
#2297=PRESENTATION_STYLE_ASSIGNMENT((#2296));
#2298=STYLED_ITEM('',(#2297),#2295);
#2299=DIRECTION('',(-1.E0,0.E0,0.E0));
#2300=VECTOR('',#2299,3.E-1);
#2301=CARTESIAN_POINT('',(1.75E0,1.75E-1,-9.E-1));
#2302=LINE('',#2301,#2300);
#2303=CURVE_STYLE('',#47,POSITIVE_LENGTH_MEASURE(2.E-2),#8);
#2304=PRESENTATION_STYLE_ASSIGNMENT((#2303));
#2305=STYLED_ITEM('',(#2304),#2302);
#2306=CARTESIAN_POINT('',(1.45E0,1.75E-1,-8.E-1));
#2307=DIRECTION('',(0.E0,1.E0,0.E0));
#2308=DIRECTION('',(0.E0,0.E0,-1.E0));
#2309=AXIS2_PLACEMENT_3D('',#2306,#2307,#2308);
#2311=CURVE_STYLE('',#47,POSITIVE_LENGTH_MEASURE(2.E-2),#8);
#2312=PRESENTATION_STYLE_ASSIGNMENT((#2311));
#2313=STYLED_ITEM('',(#2312),#2310);
#2314=DIRECTION('',(1.E0,0.E0,0.E0));
#2315=VECTOR('',#2314,3.E-1);
#2316=CARTESIAN_POINT('',(1.45E0,1.75E-1,-7.E-1));
#2317=LINE('',#2316,#2315);
#2318=CURVE_STYLE('',#47,POSITIVE_LENGTH_MEASURE(2.E-2),#8);
#2319=PRESENTATION_STYLE_ASSIGNMENT((#2318));
#2320=STYLED_ITEM('',(#2319),#2317);
#2321=DIRECTION('',(0.E0,-1.E0,0.E0));
#2322=VECTOR('',#2321,1.75E-1);
#2323=CARTESIAN_POINT('',(1.75E0,1.75E-1,-5.E-1));
#2324=LINE('',#2323,#2322);
#2325=CURVE_STYLE('',#47,POSITIVE_LENGTH_MEASURE(2.E-2),#8);
#2326=PRESENTATION_STYLE_ASSIGNMENT((#2325));
#2327=STYLED_ITEM('',(#2326),#2324);
#2328=DIRECTION('',(0.E0,-1.E0,0.E0));
#2329=VECTOR('',#2328,1.75E-1);
#2330=CARTESIAN_POINT('',(1.45E0,1.75E-1,-5.E-1));
#2331=LINE('',#2330,#2329);
#2332=CURVE_STYLE('',#47,POSITIVE_LENGTH_MEASURE(2.E-2),#8);
#2333=PRESENTATION_STYLE_ASSIGNMENT((#2332));
#2334=STYLED_ITEM('',(#2333),#2331);
#2335=DIRECTION('',(0.E0,1.E0,0.E0));
#2336=VECTOR('',#2335,1.75E-1);
#2337=CARTESIAN_POINT('',(1.75E0,0.E0,-3.E-1));
#2338=LINE('',#2337,#2336);
#2339=CURVE_STYLE('',#47,POSITIVE_LENGTH_MEASURE(2.E-2),#8);
#2340=PRESENTATION_STYLE_ASSIGNMENT((#2339));
#2341=STYLED_ITEM('',(#2340),#2338);
#2342=DIRECTION('',(0.E0,-1.E0,0.E0));
#2343=VECTOR('',#2342,1.75E-1);
#2344=CARTESIAN_POINT('',(1.45E0,1.75E-1,-3.E-1));
#2345=LINE('',#2344,#2343);
#2346=CURVE_STYLE('',#47,POSITIVE_LENGTH_MEASURE(2.E-2),#8);
#2347=PRESENTATION_STYLE_ASSIGNMENT((#2346));
#2348=STYLED_ITEM('',(#2347),#2345);
#2349=DIRECTION('',(-1.E0,0.E0,0.E0));
#2350=VECTOR('',#2349,3.E-1);
#2351=CARTESIAN_POINT('',(1.75E0,1.75E-1,-5.E-1));
#2352=LINE('',#2351,#2350);
#2353=CURVE_STYLE('',#47,POSITIVE_LENGTH_MEASURE(2.E-2),#8);
#2354=PRESENTATION_STYLE_ASSIGNMENT((#2353));
#2355=STYLED_ITEM('',(#2354),#2352);
#2356=CARTESIAN_POINT('',(1.45E0,1.75E-1,-4.E-1));
#2357=DIRECTION('',(0.E0,1.E0,0.E0));
#2358=DIRECTION('',(0.E0,0.E0,-1.E0));
#2359=AXIS2_PLACEMENT_3D('',#2356,#2357,#2358);
#2361=CURVE_STYLE('',#47,POSITIVE_LENGTH_MEASURE(2.E-2),#8);
#2362=PRESENTATION_STYLE_ASSIGNMENT((#2361));
#2363=STYLED_ITEM('',(#2362),#2360);
#2364=DIRECTION('',(1.E0,0.E0,0.E0));
#2365=VECTOR('',#2364,3.E-1);
#2366=CARTESIAN_POINT('',(1.45E0,1.75E-1,-3.E-1));
#2367=LINE('',#2366,#2365);
#2368=CURVE_STYLE('',#47,POSITIVE_LENGTH_MEASURE(2.E-2),#8);
#2369=PRESENTATION_STYLE_ASSIGNMENT((#2368));
#2370=STYLED_ITEM('',(#2369),#2367);
#2371=DIRECTION('',(0.E0,-1.E0,0.E0));
#2372=VECTOR('',#2371,1.75E-1);
#2373=CARTESIAN_POINT('',(1.75E0,1.75E-1,-1.E-1));
#2374=LINE('',#2373,#2372);
#2375=CURVE_STYLE('',#47,POSITIVE_LENGTH_MEASURE(2.E-2),#8);
#2376=PRESENTATION_STYLE_ASSIGNMENT((#2375));
#2377=STYLED_ITEM('',(#2376),#2374);
#2378=DIRECTION('',(0.E0,-1.E0,0.E0));
#2379=VECTOR('',#2378,1.75E-1);
#2380=CARTESIAN_POINT('',(1.45E0,1.75E-1,-1.E-1));
#2381=LINE('',#2380,#2379);
#2382=CURVE_STYLE('',#47,POSITIVE_LENGTH_MEASURE(2.E-2),#8);
#2383=PRESENTATION_STYLE_ASSIGNMENT((#2382));
#2384=STYLED_ITEM('',(#2383),#2381);
#2385=DIRECTION('',(0.E0,1.E0,0.E0));
#2386=VECTOR('',#2385,1.75E-1);
#2387=CARTESIAN_POINT('',(1.75E0,0.E0,1.E-1));
#2388=LINE('',#2387,#2386);
#2389=CURVE_STYLE('',#47,POSITIVE_LENGTH_MEASURE(2.E-2),#8);
#2390=PRESENTATION_STYLE_ASSIGNMENT((#2389));
#2391=STYLED_ITEM('',(#2390),#2388);
#2392=DIRECTION('',(0.E0,-1.E0,0.E0));
#2393=VECTOR('',#2392,1.75E-1);
#2394=CARTESIAN_POINT('',(1.45E0,1.75E-1,1.E-1));
#2395=LINE('',#2394,#2393);
#2396=CURVE_STYLE('',#47,POSITIVE_LENGTH_MEASURE(2.E-2),#8);
#2397=PRESENTATION_STYLE_ASSIGNMENT((#2396));
#2398=STYLED_ITEM('',(#2397),#2395);
#2399=DIRECTION('',(-1.E0,0.E0,0.E0));
#2400=VECTOR('',#2399,3.E-1);
#2401=CARTESIAN_POINT('',(1.75E0,1.75E-1,-1.E-1));
#2402=LINE('',#2401,#2400);
#2403=CURVE_STYLE('',#47,POSITIVE_LENGTH_MEASURE(2.E-2),#8);
#2404=PRESENTATION_STYLE_ASSIGNMENT((#2403));
#2405=STYLED_ITEM('',(#2404),#2402);
#2406=CARTESIAN_POINT('',(1.45E0,1.75E-1,0.E0));
#2407=DIRECTION('',(0.E0,1.E0,0.E0));
#2408=DIRECTION('',(0.E0,0.E0,-1.E0));
#2409=AXIS2_PLACEMENT_3D('',#2406,#2407,#2408);
#2411=CURVE_STYLE('',#47,POSITIVE_LENGTH_MEASURE(2.E-2),#8);
#2412=PRESENTATION_STYLE_ASSIGNMENT((#2411));
#2413=STYLED_ITEM('',(#2412),#2410);
#2414=DIRECTION('',(1.E0,0.E0,0.E0));
#2415=VECTOR('',#2414,3.E-1);
#2416=CARTESIAN_POINT('',(1.45E0,1.75E-1,1.E-1));
#2417=LINE('',#2416,#2415);
#2418=CURVE_STYLE('',#47,POSITIVE_LENGTH_MEASURE(2.E-2),#8);
#2419=PRESENTATION_STYLE_ASSIGNMENT((#2418));
#2420=STYLED_ITEM('',(#2419),#2417);
#2421=DIRECTION('',(0.E0,-1.E0,0.E0));
#2422=VECTOR('',#2421,1.75E-1);
#2423=CARTESIAN_POINT('',(1.75E0,1.75E-1,3.E-1));
#2424=LINE('',#2423,#2422);
#2425=CURVE_STYLE('',#47,POSITIVE_LENGTH_MEASURE(2.E-2),#8);
#2426=PRESENTATION_STYLE_ASSIGNMENT((#2425));
#2427=STYLED_ITEM('',(#2426),#2424);
#2428=DIRECTION('',(0.E0,-1.E0,0.E0));
#2429=VECTOR('',#2428,1.75E-1);
#2430=CARTESIAN_POINT('',(1.45E0,1.75E-1,3.E-1));
#2431=LINE('',#2430,#2429);
#2432=CURVE_STYLE('',#47,POSITIVE_LENGTH_MEASURE(2.E-2),#8);
#2433=PRESENTATION_STYLE_ASSIGNMENT((#2432));
#2434=STYLED_ITEM('',(#2433),#2431);
#2435=DIRECTION('',(0.E0,1.E0,0.E0));
#2436=VECTOR('',#2435,1.75E-1);
#2437=CARTESIAN_POINT('',(1.75E0,0.E0,5.E-1));
#2438=LINE('',#2437,#2436);
#2439=CURVE_STYLE('',#47,POSITIVE_LENGTH_MEASURE(2.E-2),#8);
#2440=PRESENTATION_STYLE_ASSIGNMENT((#2439));
#2441=STYLED_ITEM('',(#2440),#2438);
#2442=DIRECTION('',(0.E0,-1.E0,0.E0));
#2443=VECTOR('',#2442,1.75E-1);
#2444=CARTESIAN_POINT('',(1.45E0,1.75E-1,5.E-1));
#2445=LINE('',#2444,#2443);
#2446=CURVE_STYLE('',#47,POSITIVE_LENGTH_MEASURE(2.E-2),#8);
#2447=PRESENTATION_STYLE_ASSIGNMENT((#2446));
#2448=STYLED_ITEM('',(#2447),#2445);
#2449=DIRECTION('',(-1.E0,0.E0,0.E0));
#2450=VECTOR('',#2449,3.E-1);
#2451=CARTESIAN_POINT('',(1.75E0,1.75E-1,3.E-1));
#2452=LINE('',#2451,#2450);
#2453=CURVE_STYLE('',#47,POSITIVE_LENGTH_MEASURE(2.E-2),#8);
#2454=PRESENTATION_STYLE_ASSIGNMENT((#2453));
#2455=STYLED_ITEM('',(#2454),#2452);
#2456=CARTESIAN_POINT('',(1.45E0,1.75E-1,4.E-1));
#2457=DIRECTION('',(0.E0,1.E0,0.E0));
#2458=DIRECTION('',(0.E0,0.E0,-1.E0));
#2459=AXIS2_PLACEMENT_3D('',#2456,#2457,#2458);
#2461=CURVE_STYLE('',#47,POSITIVE_LENGTH_MEASURE(2.E-2),#8);
#2462=PRESENTATION_STYLE_ASSIGNMENT((#2461));
#2463=STYLED_ITEM('',(#2462),#2460);
#2464=DIRECTION('',(1.E0,0.E0,0.E0));
#2465=VECTOR('',#2464,3.E-1);
#2466=CARTESIAN_POINT('',(1.45E0,1.75E-1,5.E-1));
#2467=LINE('',#2466,#2465);
#2468=CURVE_STYLE('',#47,POSITIVE_LENGTH_MEASURE(2.E-2),#8);
#2469=PRESENTATION_STYLE_ASSIGNMENT((#2468));
#2470=STYLED_ITEM('',(#2469),#2467);
#2471=DIRECTION('',(0.E0,-1.E0,0.E0));
#2472=VECTOR('',#2471,1.75E-1);
#2473=CARTESIAN_POINT('',(1.75E0,1.75E-1,7.E-1));
#2474=LINE('',#2473,#2472);
#2475=CURVE_STYLE('',#47,POSITIVE_LENGTH_MEASURE(2.E-2),#8);
#2476=PRESENTATION_STYLE_ASSIGNMENT((#2475));
#2477=STYLED_ITEM('',(#2476),#2474);
#2478=DIRECTION('',(0.E0,-1.E0,0.E0));
#2479=VECTOR('',#2478,1.75E-1);
#2480=CARTESIAN_POINT('',(1.45E0,1.75E-1,7.E-1));
#2481=LINE('',#2480,#2479);
#2482=CURVE_STYLE('',#47,POSITIVE_LENGTH_MEASURE(2.E-2),#8);
#2483=PRESENTATION_STYLE_ASSIGNMENT((#2482));
#2484=STYLED_ITEM('',(#2483),#2481);
#2485=DIRECTION('',(0.E0,1.E0,0.E0));
#2486=VECTOR('',#2485,1.75E-1);
#2487=CARTESIAN_POINT('',(1.75E0,0.E0,9.E-1));
#2488=LINE('',#2487,#2486);
#2489=CURVE_STYLE('',#47,POSITIVE_LENGTH_MEASURE(2.E-2),#8);
#2490=PRESENTATION_STYLE_ASSIGNMENT((#2489));
#2491=STYLED_ITEM('',(#2490),#2488);
#2492=DIRECTION('',(0.E0,-1.E0,0.E0));
#2493=VECTOR('',#2492,1.75E-1);
#2494=CARTESIAN_POINT('',(1.45E0,1.75E-1,9.E-1));
#2495=LINE('',#2494,#2493);
#2496=CURVE_STYLE('',#47,POSITIVE_LENGTH_MEASURE(2.E-2),#8);
#2497=PRESENTATION_STYLE_ASSIGNMENT((#2496));
#2498=STYLED_ITEM('',(#2497),#2495);
#2499=DIRECTION('',(-1.E0,0.E0,0.E0));
#2500=VECTOR('',#2499,3.E-1);
#2501=CARTESIAN_POINT('',(1.75E0,1.75E-1,7.E-1));
#2502=LINE('',#2501,#2500);
#2503=CURVE_STYLE('',#47,POSITIVE_LENGTH_MEASURE(2.E-2),#8);
#2504=PRESENTATION_STYLE_ASSIGNMENT((#2503));
#2505=STYLED_ITEM('',(#2504),#2502);
#2506=CARTESIAN_POINT('',(1.45E0,1.75E-1,8.E-1));
#2507=DIRECTION('',(0.E0,1.E0,0.E0));
#2508=DIRECTION('',(0.E0,0.E0,-1.E0));
#2509=AXIS2_PLACEMENT_3D('',#2506,#2507,#2508);
#2511=CURVE_STYLE('',#47,POSITIVE_LENGTH_MEASURE(2.E-2),#8);
#2512=PRESENTATION_STYLE_ASSIGNMENT((#2511));
#2513=STYLED_ITEM('',(#2512),#2510);
#2514=DIRECTION('',(1.E0,0.E0,0.E0));
#2515=VECTOR('',#2514,3.E-1);
#2516=CARTESIAN_POINT('',(1.45E0,1.75E-1,9.E-1));
#2517=LINE('',#2516,#2515);
#2518=CURVE_STYLE('',#47,POSITIVE_LENGTH_MEASURE(2.E-2),#8);
#2519=PRESENTATION_STYLE_ASSIGNMENT((#2518));
#2520=STYLED_ITEM('',(#2519),#2517);
#2521=DIRECTION('',(0.E0,-1.E0,0.E0));
#2522=VECTOR('',#2521,1.75E-1);
#2523=CARTESIAN_POINT('',(1.75E0,1.75E-1,1.1E0));
#2524=LINE('',#2523,#2522);
#2525=CURVE_STYLE('',#47,POSITIVE_LENGTH_MEASURE(2.E-2),#8);
#2526=PRESENTATION_STYLE_ASSIGNMENT((#2525));
#2527=STYLED_ITEM('',(#2526),#2524);
#2528=DIRECTION('',(0.E0,-1.E0,0.E0));
#2529=VECTOR('',#2528,1.75E-1);
#2530=CARTESIAN_POINT('',(1.45E0,1.75E-1,1.1E0));
#2531=LINE('',#2530,#2529);
#2532=CURVE_STYLE('',#47,POSITIVE_LENGTH_MEASURE(2.E-2),#8);
#2533=PRESENTATION_STYLE_ASSIGNMENT((#2532));
#2534=STYLED_ITEM('',(#2533),#2531);
#2535=DIRECTION('',(0.E0,1.E0,0.E0));
#2536=VECTOR('',#2535,1.75E-1);
#2537=CARTESIAN_POINT('',(1.75E0,0.E0,1.3E0));
#2538=LINE('',#2537,#2536);
#2539=CURVE_STYLE('',#47,POSITIVE_LENGTH_MEASURE(2.E-2),#8);
#2540=PRESENTATION_STYLE_ASSIGNMENT((#2539));
#2541=STYLED_ITEM('',(#2540),#2538);
#2542=DIRECTION('',(0.E0,-1.E0,0.E0));
#2543=VECTOR('',#2542,1.75E-1);
#2544=CARTESIAN_POINT('',(1.45E0,1.75E-1,1.3E0));
#2545=LINE('',#2544,#2543);
#2546=CURVE_STYLE('',#47,POSITIVE_LENGTH_MEASURE(2.E-2),#8);
#2547=PRESENTATION_STYLE_ASSIGNMENT((#2546));
#2548=STYLED_ITEM('',(#2547),#2545);
#2549=DIRECTION('',(-1.E0,0.E0,0.E0));
#2550=VECTOR('',#2549,3.E-1);
#2551=CARTESIAN_POINT('',(1.75E0,1.75E-1,1.1E0));
#2552=LINE('',#2551,#2550);
#2553=CURVE_STYLE('',#47,POSITIVE_LENGTH_MEASURE(2.E-2),#8);
#2554=PRESENTATION_STYLE_ASSIGNMENT((#2553));
#2555=STYLED_ITEM('',(#2554),#2552);
#2556=CARTESIAN_POINT('',(1.45E0,1.75E-1,1.2E0));
#2557=DIRECTION('',(0.E0,1.E0,0.E0));
#2558=DIRECTION('',(0.E0,0.E0,-1.E0));
#2559=AXIS2_PLACEMENT_3D('',#2556,#2557,#2558);
#2561=CURVE_STYLE('',#47,POSITIVE_LENGTH_MEASURE(2.E-2),#8);
#2562=PRESENTATION_STYLE_ASSIGNMENT((#2561));
#2563=STYLED_ITEM('',(#2562),#2560);
#2564=DIRECTION('',(1.E0,0.E0,0.E0));
#2565=VECTOR('',#2564,3.E-1);
#2566=CARTESIAN_POINT('',(1.45E0,1.75E-1,1.3E0));
#2567=LINE('',#2566,#2565);
#2568=CURVE_STYLE('',#47,POSITIVE_LENGTH_MEASURE(2.E-2),#8);
#2569=PRESENTATION_STYLE_ASSIGNMENT((#2568));
#2570=STYLED_ITEM('',(#2569),#2567);
#2571=DIRECTION('',(0.E0,1.E0,0.E0));
#2572=VECTOR('',#2571,6.E-2);
#2573=CARTESIAN_POINT('',(-7.E-1,0.E0,-1.55E0));
#2574=LINE('',#2573,#2572);
#2575=CURVE_STYLE('',#47,POSITIVE_LENGTH_MEASURE(2.E-2),#8);
#2576=PRESENTATION_STYLE_ASSIGNMENT((#2575));
#2577=STYLED_ITEM('',(#2576),#2574);
#2578=DIRECTION('',(-7.071067811865E-1,0.E0,7.071067811865E-1));
#2579=VECTOR('',#2578,4.949747468306E-1);
#2580=CARTESIAN_POINT('',(-7.E-1,6.E-2,-1.55E0));
#2581=LINE('',#2580,#2579);
#2582=CURVE_STYLE('',#47,POSITIVE_LENGTH_MEASURE(2.E-2),#8);
#2583=PRESENTATION_STYLE_ASSIGNMENT((#2582));
#2584=STYLED_ITEM('',(#2583),#2581);
#2585=DIRECTION('',(0.E0,-1.E0,0.E0));
#2586=VECTOR('',#2585,6.E-2);
#2587=CARTESIAN_POINT('',(-1.05E0,6.E-2,1.55E0));
#2588=LINE('',#2587,#2586);
#2589=CURVE_STYLE('',#47,POSITIVE_LENGTH_MEASURE(2.E-2),#8);
#2590=PRESENTATION_STYLE_ASSIGNMENT((#2589));
#2591=STYLED_ITEM('',(#2590),#2588);
#2592=DIRECTION('',(0.E0,1.E0,0.E0));
#2593=VECTOR('',#2592,6.E-2);
#2594=CARTESIAN_POINT('',(-1.05E0,0.E0,-1.2E0));
#2595=LINE('',#2594,#2593);
#2596=CURVE_STYLE('',#47,POSITIVE_LENGTH_MEASURE(2.E-2),#8);
#2597=PRESENTATION_STYLE_ASSIGNMENT((#2596));
#2598=STYLED_ITEM('',(#2597),#2595);
#2599=DIRECTION('',(0.E0,-1.E0,0.E0));
#2600=VECTOR('',#2599,6.E-2);
#2601=CARTESIAN_POINT('',(1.05E0,6.E-2,1.55E0));
#2602=LINE('',#2601,#2600);
#2603=CURVE_STYLE('',#47,POSITIVE_LENGTH_MEASURE(2.E-2),#8);
#2604=PRESENTATION_STYLE_ASSIGNMENT((#2603));
#2605=STYLED_ITEM('',(#2604),#2602);
#2606=DIRECTION('',(0.E0,-1.E0,0.E0));
#2607=VECTOR('',#2606,6.E-2);
#2608=CARTESIAN_POINT('',(1.05E0,6.E-2,-1.55E0));
#2609=LINE('',#2608,#2607);
#2610=CURVE_STYLE('',#47,POSITIVE_LENGTH_MEASURE(2.E-2),#8);
#2611=PRESENTATION_STYLE_ASSIGNMENT((#2610));
#2612=STYLED_ITEM('',(#2611),#2609);
#2613=DIRECTION('',(0.E0,0.E0,1.E0));
#2614=VECTOR('',#2613,3.3E0);
#2615=CARTESIAN_POINT('',(-1.15E0,6.E-2,-1.65E0));
#2616=LINE('',#2615,#2614);
#2617=CURVE_STYLE('',#47,POSITIVE_LENGTH_MEASURE(2.E-2),#8);
#2618=PRESENTATION_STYLE_ASSIGNMENT((#2617));
#2619=STYLED_ITEM('',(#2618),#2616);
#2620=DIRECTION('',(-1.E0,0.E0,0.E0));
#2621=VECTOR('',#2620,2.3E0);
#2622=CARTESIAN_POINT('',(1.15E0,6.E-2,-1.65E0));
#2623=LINE('',#2622,#2621);
#2624=CURVE_STYLE('',#47,POSITIVE_LENGTH_MEASURE(2.E-2),#8);
#2625=PRESENTATION_STYLE_ASSIGNMENT((#2624));
#2626=STYLED_ITEM('',(#2625),#2623);
#2627=DIRECTION('',(0.E0,0.E0,-1.E0));
#2628=VECTOR('',#2627,3.3E0);
#2629=CARTESIAN_POINT('',(1.15E0,6.E-2,1.65E0));
#2630=LINE('',#2629,#2628);
#2631=CURVE_STYLE('',#47,POSITIVE_LENGTH_MEASURE(2.E-2),#8);
#2632=PRESENTATION_STYLE_ASSIGNMENT((#2631));
#2633=STYLED_ITEM('',(#2632),#2630);
#2634=DIRECTION('',(1.E0,0.E0,0.E0));
#2635=VECTOR('',#2634,2.3E0);
#2636=CARTESIAN_POINT('',(-1.15E0,6.E-2,1.65E0));
#2637=LINE('',#2636,#2635);
#2638=CURVE_STYLE('',#47,POSITIVE_LENGTH_MEASURE(2.E-2),#8);
#2639=PRESENTATION_STYLE_ASSIGNMENT((#2638));
#2640=STYLED_ITEM('',(#2639),#2637);
#2641=DIRECTION('',(0.E0,0.E0,-1.E0));
#2642=VECTOR('',#2641,2.75E0);
#2643=CARTESIAN_POINT('',(-1.05E0,6.E-2,1.55E0));
#2644=LINE('',#2643,#2642);
#2645=CURVE_STYLE('',#47,POSITIVE_LENGTH_MEASURE(2.E-2),#8);
#2646=PRESENTATION_STYLE_ASSIGNMENT((#2645));
#2647=STYLED_ITEM('',(#2646),#2644);
#2648=DIRECTION('',(-1.E0,0.E0,0.E0));
#2649=VECTOR('',#2648,2.1E0);
#2650=CARTESIAN_POINT('',(1.05E0,6.E-2,1.55E0));
#2651=LINE('',#2650,#2649);
#2652=CURVE_STYLE('',#47,POSITIVE_LENGTH_MEASURE(2.E-2),#8);
#2653=PRESENTATION_STYLE_ASSIGNMENT((#2652));
#2654=STYLED_ITEM('',(#2653),#2651);
#2655=DIRECTION('',(0.E0,0.E0,1.E0));
#2656=VECTOR('',#2655,3.1E0);
#2657=CARTESIAN_POINT('',(1.05E0,6.E-2,-1.55E0));
#2658=LINE('',#2657,#2656);
#2659=CURVE_STYLE('',#47,POSITIVE_LENGTH_MEASURE(2.E-2),#8);
#2660=PRESENTATION_STYLE_ASSIGNMENT((#2659));
#2661=STYLED_ITEM('',(#2660),#2658);
#2662=DIRECTION('',(1.E0,0.E0,0.E0));
#2663=VECTOR('',#2662,1.75E0);
#2664=CARTESIAN_POINT('',(-7.E-1,6.E-2,-1.55E0));
#2665=LINE('',#2664,#2663);
#2666=CURVE_STYLE('',#47,POSITIVE_LENGTH_MEASURE(2.E-2),#8);
#2667=PRESENTATION_STYLE_ASSIGNMENT((#2666));
#2668=STYLED_ITEM('',(#2667),#2665);
#2669=DIRECTION('',(0.E0,-1.E0,0.E0));
#2670=VECTOR('',#2669,1.15E-1);
#2671=CARTESIAN_POINT('',(-1.15E0,1.75E-1,1.65E0));
#2672=LINE('',#2671,#2670);
#2673=CURVE_STYLE('',#47,POSITIVE_LENGTH_MEASURE(2.E-2),#8);
#2674=PRESENTATION_STYLE_ASSIGNMENT((#2673));
#2675=STYLED_ITEM('',(#2674),#2672);
#2676=DIRECTION('',(0.E0,-1.E0,0.E0));
#2677=VECTOR('',#2676,1.15E-1);
#2678=CARTESIAN_POINT('',(1.15E0,1.75E-1,1.65E0));
#2679=LINE('',#2678,#2677);
#2680=CURVE_STYLE('',#47,POSITIVE_LENGTH_MEASURE(2.E-2),#8);
#2681=PRESENTATION_STYLE_ASSIGNMENT((#2680));
#2682=STYLED_ITEM('',(#2681),#2679);
#2683=DIRECTION('',(0.E0,1.E0,0.E0));
#2684=VECTOR('',#2683,1.15E-1);
#2685=CARTESIAN_POINT('',(-1.15E0,6.E-2,-1.65E0));
#2686=LINE('',#2685,#2684);
#2687=CURVE_STYLE('',#47,POSITIVE_LENGTH_MEASURE(2.E-2),#8);
#2688=PRESENTATION_STYLE_ASSIGNMENT((#2687));
#2689=STYLED_ITEM('',(#2688),#2686);
#2690=DIRECTION('',(0.E0,-1.E0,0.E0));
#2691=VECTOR('',#2690,1.15E-1);
#2692=CARTESIAN_POINT('',(1.15E0,1.75E-1,-1.65E0));
#2693=LINE('',#2692,#2691);
#2694=CURVE_STYLE('',#47,POSITIVE_LENGTH_MEASURE(2.E-2),#8);
#2695=PRESENTATION_STYLE_ASSIGNMENT((#2694));
#2696=STYLED_ITEM('',(#2695),#2693);
#2697=DIRECTION('',(0.E0,0.E0,1.E0));
#2698=VECTOR('',#2697,3.3E0);
#2699=CARTESIAN_POINT('',(-1.15E0,1.75E-1,-1.65E0));
#2700=LINE('',#2699,#2698);
#2701=CURVE_STYLE('',#47,POSITIVE_LENGTH_MEASURE(2.E-2),#8);
#2702=PRESENTATION_STYLE_ASSIGNMENT((#2701));
#2703=STYLED_ITEM('',(#2702),#2700);
#2704=DIRECTION('',(1.E0,0.E0,0.E0));
#2705=VECTOR('',#2704,2.3E0);
#2706=CARTESIAN_POINT('',(-1.15E0,1.75E-1,1.65E0));
#2707=LINE('',#2706,#2705);
#2708=CURVE_STYLE('',#47,POSITIVE_LENGTH_MEASURE(2.E-2),#8);
#2709=PRESENTATION_STYLE_ASSIGNMENT((#2708));
#2710=STYLED_ITEM('',(#2709),#2707);
#2711=DIRECTION('',(0.E0,0.E0,-1.E0));
#2712=VECTOR('',#2711,3.3E0);
#2713=CARTESIAN_POINT('',(1.15E0,1.75E-1,1.65E0));
#2714=LINE('',#2713,#2712);
#2715=CURVE_STYLE('',#47,POSITIVE_LENGTH_MEASURE(2.E-2),#8);
#2716=PRESENTATION_STYLE_ASSIGNMENT((#2715));
#2717=STYLED_ITEM('',(#2716),#2714);
#2718=DIRECTION('',(-1.E0,0.E0,0.E0));
#2719=VECTOR('',#2718,2.3E0);
#2720=CARTESIAN_POINT('',(1.15E0,1.75E-1,-1.65E0));
#2721=LINE('',#2720,#2719);
#2722=CURVE_STYLE('',#47,POSITIVE_LENGTH_MEASURE(2.E-2),#8);
#2723=PRESENTATION_STYLE_ASSIGNMENT((#2722));
#2724=STYLED_ITEM('',(#2723),#2721);
#2725=CARTESIAN_POINT('',(-1.75E0,9.75E-1,-2.25E0));
#2726=CARTESIAN_POINT('',(-1.75E0,9.75E-1,2.25E0));
#2727=VERTEX_POINT('',#2725);
#2728=VERTEX_POINT('',#2726);
#2729=CARTESIAN_POINT('',(1.75E0,9.75E-1,2.25E0));
#2730=VERTEX_POINT('',#2729);
#2731=CARTESIAN_POINT('',(1.75E0,9.75E-1,-2.25E0));
#2732=VERTEX_POINT('',#2731);
#2733=CARTESIAN_POINT('',(-1.75E0,0.E0,-2.25E0));
#2734=VERTEX_POINT('',#2733);
#2735=CARTESIAN_POINT('',(-1.75E0,0.E0,2.25E0));
#2736=VERTEX_POINT('',#2735);
#2737=CARTESIAN_POINT('',(1.75E0,0.E0,2.25E0));
#2738=VERTEX_POINT('',#2737);
#2739=CARTESIAN_POINT('',(1.75E0,0.E0,-2.25E0));
#2740=VERTEX_POINT('',#2739);
#2741=CARTESIAN_POINT('',(-1.75E0,0.E0,-1.7E0));
#2742=VERTEX_POINT('',#2741);
#2743=CARTESIAN_POINT('',(-1.75E0,0.E0,-1.5E0));
#2744=CARTESIAN_POINT('',(-1.75E0,0.E0,-1.3E0));
#2745=VERTEX_POINT('',#2743);
#2746=VERTEX_POINT('',#2744);
#2747=CARTESIAN_POINT('',(-1.75E0,0.E0,-1.1E0));
#2748=CARTESIAN_POINT('',(-1.75E0,0.E0,-9.E-1));
#2749=VERTEX_POINT('',#2747);
#2750=VERTEX_POINT('',#2748);
#2751=CARTESIAN_POINT('',(-1.75E0,0.E0,-7.E-1));
#2752=CARTESIAN_POINT('',(-1.75E0,0.E0,-5.E-1));
#2753=VERTEX_POINT('',#2751);
#2754=VERTEX_POINT('',#2752);
#2755=CARTESIAN_POINT('',(-1.75E0,0.E0,-3.E-1));
#2756=CARTESIAN_POINT('',(-1.75E0,0.E0,-1.E-1));
#2757=VERTEX_POINT('',#2755);
#2758=VERTEX_POINT('',#2756);
#2759=CARTESIAN_POINT('',(-1.75E0,0.E0,1.E-1));
#2760=CARTESIAN_POINT('',(-1.75E0,0.E0,3.E-1));
#2761=VERTEX_POINT('',#2759);
#2762=VERTEX_POINT('',#2760);
#2763=CARTESIAN_POINT('',(-9.E-1,0.E0,2.25E0));
#2764=VERTEX_POINT('',#2763);
#2765=CARTESIAN_POINT('',(-7.E-1,0.E0,2.25E0));
#2766=CARTESIAN_POINT('',(-5.E-1,0.E0,2.25E0));
#2767=VERTEX_POINT('',#2765);
#2768=VERTEX_POINT('',#2766);
#2769=CARTESIAN_POINT('',(-3.E-1,0.E0,2.25E0));
#2770=CARTESIAN_POINT('',(-1.E-1,0.E0,2.25E0));
#2771=VERTEX_POINT('',#2769);
#2772=VERTEX_POINT('',#2770);
#2773=CARTESIAN_POINT('',(1.E-1,0.E0,2.25E0));
#2774=CARTESIAN_POINT('',(3.E-1,0.E0,2.25E0));
#2775=VERTEX_POINT('',#2773);
#2776=VERTEX_POINT('',#2774);
#2777=CARTESIAN_POINT('',(5.E-1,0.E0,2.25E0));
#2778=CARTESIAN_POINT('',(7.E-1,0.E0,2.25E0));
#2779=VERTEX_POINT('',#2777);
#2780=VERTEX_POINT('',#2778);
#2781=CARTESIAN_POINT('',(9.E-1,0.E0,2.25E0));
#2782=VERTEX_POINT('',#2781);
#2783=CARTESIAN_POINT('',(1.75E0,0.E0,1.7E0));
#2784=VERTEX_POINT('',#2783);
#2785=CARTESIAN_POINT('',(1.75E0,0.E0,1.5E0));
#2786=CARTESIAN_POINT('',(1.75E0,0.E0,1.3E0));
#2787=VERTEX_POINT('',#2785);
#2788=VERTEX_POINT('',#2786);
#2789=CARTESIAN_POINT('',(1.75E0,0.E0,1.1E0));
#2790=CARTESIAN_POINT('',(1.75E0,0.E0,9.E-1));
#2791=VERTEX_POINT('',#2789);
#2792=VERTEX_POINT('',#2790);
#2793=CARTESIAN_POINT('',(1.75E0,0.E0,7.E-1));
#2794=CARTESIAN_POINT('',(1.75E0,0.E0,5.E-1));
#2795=VERTEX_POINT('',#2793);
#2796=VERTEX_POINT('',#2794);
#2797=CARTESIAN_POINT('',(1.75E0,0.E0,3.E-1));
#2798=CARTESIAN_POINT('',(1.75E0,0.E0,1.E-1));
#2799=VERTEX_POINT('',#2797);
#2800=VERTEX_POINT('',#2798);
#2801=CARTESIAN_POINT('',(1.75E0,0.E0,-1.E-1));
#2802=CARTESIAN_POINT('',(1.75E0,0.E0,-3.E-1));
#2803=VERTEX_POINT('',#2801);
#2804=VERTEX_POINT('',#2802);
#2805=CARTESIAN_POINT('',(9.E-1,0.E0,-2.25E0));
#2806=VERTEX_POINT('',#2805);
#2807=CARTESIAN_POINT('',(7.E-1,0.E0,-2.25E0));
#2808=CARTESIAN_POINT('',(5.E-1,0.E0,-2.25E0));
#2809=VERTEX_POINT('',#2807);
#2810=VERTEX_POINT('',#2808);
#2811=CARTESIAN_POINT('',(3.E-1,0.E0,-2.25E0));
#2812=CARTESIAN_POINT('',(1.E-1,0.E0,-2.25E0));
#2813=VERTEX_POINT('',#2811);
#2814=VERTEX_POINT('',#2812);
#2815=CARTESIAN_POINT('',(-1.E-1,0.E0,-2.25E0));
#2816=CARTESIAN_POINT('',(-3.E-1,0.E0,-2.25E0));
#2817=VERTEX_POINT('',#2815);
#2818=VERTEX_POINT('',#2816);
#2819=CARTESIAN_POINT('',(-5.E-1,0.E0,-2.25E0));
#2820=CARTESIAN_POINT('',(-7.E-1,0.E0,-2.25E0));
#2821=VERTEX_POINT('',#2819);
#2822=VERTEX_POINT('',#2820);
#2823=CARTESIAN_POINT('',(-9.E-1,0.E0,-2.25E0));
#2824=VERTEX_POINT('',#2823);
#2825=CARTESIAN_POINT('',(-1.15E0,6.E-2,-1.65E0));
#2826=CARTESIAN_POINT('',(-1.15E0,6.E-2,1.65E0));
#2827=VERTEX_POINT('',#2825);
#2828=VERTEX_POINT('',#2826);
#2829=CARTESIAN_POINT('',(1.15E0,6.E-2,1.65E0));
#2830=VERTEX_POINT('',#2829);
#2831=CARTESIAN_POINT('',(1.45E0,0.E0,1.5E0));
#2832=VERTEX_POINT('',#2831);
#2833=CARTESIAN_POINT('',(1.45E0,0.E0,1.7E0));
#2834=VERTEX_POINT('',#2833);
#2835=CARTESIAN_POINT('',(1.45E0,0.E0,1.1E0));
#2836=VERTEX_POINT('',#2835);
#2837=CARTESIAN_POINT('',(1.45E0,0.E0,1.3E0));
#2838=VERTEX_POINT('',#2837);
#2839=CARTESIAN_POINT('',(1.45E0,0.E0,7.E-1));
#2840=VERTEX_POINT('',#2839);
#2841=CARTESIAN_POINT('',(1.45E0,0.E0,9.E-1));
#2842=VERTEX_POINT('',#2841);
#2843=CARTESIAN_POINT('',(1.45E0,0.E0,3.E-1));
#2844=VERTEX_POINT('',#2843);
#2845=CARTESIAN_POINT('',(1.45E0,0.E0,5.E-1));
#2846=VERTEX_POINT('',#2845);
#2847=CARTESIAN_POINT('',(1.45E0,0.E0,-1.E-1));
#2848=VERTEX_POINT('',#2847);
#2849=CARTESIAN_POINT('',(1.45E0,0.E0,1.E-1));
#2850=VERTEX_POINT('',#2849);
#2851=CARTESIAN_POINT('',(1.05E0,6.E-2,1.55E0));
#2852=CARTESIAN_POINT('',(-1.05E0,6.E-2,1.55E0));
#2853=VERTEX_POINT('',#2851);
#2854=VERTEX_POINT('',#2852);
#2855=CARTESIAN_POINT('',(1.05E0,6.E-2,-1.55E0));
#2856=VERTEX_POINT('',#2855);
#2857=CARTESIAN_POINT('',(1.05E0,0.E0,-1.55E0));
#2858=CARTESIAN_POINT('',(-7.E-1,0.E0,-1.55E0));
#2859=VERTEX_POINT('',#2857);
#2860=VERTEX_POINT('',#2858);
#2861=CARTESIAN_POINT('',(-1.05E0,0.E0,-1.2E0));
#2862=CARTESIAN_POINT('',(-1.05E0,0.E0,1.55E0));
#2863=VERTEX_POINT('',#2861);
#2864=VERTEX_POINT('',#2862);
#2865=CARTESIAN_POINT('',(1.05E0,0.E0,1.55E0));
#2866=VERTEX_POINT('',#2865);
#2867=CARTESIAN_POINT('',(1.15E0,6.E-2,-1.65E0));
#2868=VERTEX_POINT('',#2867);
#2869=CARTESIAN_POINT('',(-1.15E0,1.75E-1,-1.65E0));
#2870=CARTESIAN_POINT('',(-1.15E0,1.75E-1,1.65E0));
#2871=VERTEX_POINT('',#2869);
#2872=VERTEX_POINT('',#2870);
#2873=CARTESIAN_POINT('',(1.15E0,1.75E-1,1.65E0));
#2874=VERTEX_POINT('',#2873);
#2875=CARTESIAN_POINT('',(1.15E0,1.75E-1,-1.65E0));
#2876=VERTEX_POINT('',#2875);
#2877=CARTESIAN_POINT('',(1.45E0,1.75E-1,1.5E0));
#2878=CARTESIAN_POINT('',(1.45E0,1.75E-1,1.7E0));
#2879=VERTEX_POINT('',#2877);
#2880=VERTEX_POINT('',#2878);
#2881=CARTESIAN_POINT('',(1.45E0,1.75E-1,1.1E0));
#2882=CARTESIAN_POINT('',(1.45E0,1.75E-1,1.3E0));
#2883=VERTEX_POINT('',#2881);
#2884=VERTEX_POINT('',#2882);
#2885=CARTESIAN_POINT('',(1.45E0,1.75E-1,7.E-1));
#2886=CARTESIAN_POINT('',(1.45E0,1.75E-1,9.E-1));
#2887=VERTEX_POINT('',#2885);
#2888=VERTEX_POINT('',#2886);
#2889=CARTESIAN_POINT('',(1.45E0,1.75E-1,3.E-1));
#2890=CARTESIAN_POINT('',(1.45E0,1.75E-1,5.E-1));
#2891=VERTEX_POINT('',#2889);
#2892=VERTEX_POINT('',#2890);
#2893=CARTESIAN_POINT('',(1.45E0,1.75E-1,-1.E-1));
#2894=CARTESIAN_POINT('',(1.45E0,1.75E-1,1.E-1));
#2895=VERTEX_POINT('',#2893);
#2896=VERTEX_POINT('',#2894);
#2897=CARTESIAN_POINT('',(1.75E0,1.75E-1,1.5E0));
#2898=VERTEX_POINT('',#2897);
#2899=CARTESIAN_POINT('',(1.75E0,1.75E-1,1.7E0));
#2900=VERTEX_POINT('',#2899);
#2901=CARTESIAN_POINT('',(1.75E0,1.75E-1,1.1E0));
#2902=VERTEX_POINT('',#2901);
#2903=CARTESIAN_POINT('',(1.75E0,1.75E-1,1.3E0));
#2904=VERTEX_POINT('',#2903);
#2905=CARTESIAN_POINT('',(1.75E0,1.75E-1,7.E-1));
#2906=VERTEX_POINT('',#2905);
#2907=CARTESIAN_POINT('',(1.75E0,1.75E-1,9.E-1));
#2908=VERTEX_POINT('',#2907);
#2909=CARTESIAN_POINT('',(1.75E0,1.75E-1,3.E-1));
#2910=VERTEX_POINT('',#2909);
#2911=CARTESIAN_POINT('',(1.75E0,1.75E-1,5.E-1));
#2912=VERTEX_POINT('',#2911);
#2913=CARTESIAN_POINT('',(1.75E0,1.75E-1,-1.E-1));
#2914=VERTEX_POINT('',#2913);
#2915=CARTESIAN_POINT('',(1.75E0,1.75E-1,1.E-1));
#2916=VERTEX_POINT('',#2915);
#2917=CARTESIAN_POINT('',(-1.75E0,0.E0,1.5E0));
#2918=CARTESIAN_POINT('',(-1.45E0,0.E0,1.5E0));
#2919=VERTEX_POINT('',#2917);
#2920=VERTEX_POINT('',#2918);
#2921=CARTESIAN_POINT('',(-1.45E0,0.E0,1.7E0));
#2922=VERTEX_POINT('',#2921);
#2923=CARTESIAN_POINT('',(-1.75E0,0.E0,1.7E0));
#2924=VERTEX_POINT('',#2923);
#2925=CARTESIAN_POINT('',(-1.75E0,0.E0,1.1E0));
#2926=CARTESIAN_POINT('',(-1.45E0,0.E0,1.1E0));
#2927=VERTEX_POINT('',#2925);
#2928=VERTEX_POINT('',#2926);
#2929=CARTESIAN_POINT('',(-1.45E0,0.E0,1.3E0));
#2930=VERTEX_POINT('',#2929);
#2931=CARTESIAN_POINT('',(-1.75E0,0.E0,1.3E0));
#2932=VERTEX_POINT('',#2931);
#2933=CARTESIAN_POINT('',(-1.75E0,0.E0,7.E-1));
#2934=CARTESIAN_POINT('',(-1.45E0,0.E0,7.E-1));
#2935=VERTEX_POINT('',#2933);
#2936=VERTEX_POINT('',#2934);
#2937=CARTESIAN_POINT('',(-1.45E0,0.E0,9.E-1));
#2938=VERTEX_POINT('',#2937);
#2939=CARTESIAN_POINT('',(-1.75E0,0.E0,9.E-1));
#2940=VERTEX_POINT('',#2939);
#2941=CARTESIAN_POINT('',(-1.45E0,0.E0,3.E-1));
#2942=VERTEX_POINT('',#2941);
#2943=CARTESIAN_POINT('',(-1.45E0,0.E0,5.E-1));
#2944=VERTEX_POINT('',#2943);
#2945=CARTESIAN_POINT('',(-1.75E0,0.E0,5.E-1));
#2946=VERTEX_POINT('',#2945);
#2947=CARTESIAN_POINT('',(-1.45E0,0.E0,-1.E-1));
#2948=VERTEX_POINT('',#2947);
#2949=CARTESIAN_POINT('',(-1.45E0,0.E0,1.E-1));
#2950=VERTEX_POINT('',#2949);
#2951=CARTESIAN_POINT('',(-1.45E0,1.75E-1,1.5E0));
#2952=CARTESIAN_POINT('',(-1.45E0,1.75E-1,1.7E0));
#2953=VERTEX_POINT('',#2951);
#2954=VERTEX_POINT('',#2952);
#2955=CARTESIAN_POINT('',(-1.45E0,1.75E-1,1.1E0));
#2956=CARTESIAN_POINT('',(-1.45E0,1.75E-1,1.3E0));
#2957=VERTEX_POINT('',#2955);
#2958=VERTEX_POINT('',#2956);
#2959=CARTESIAN_POINT('',(-1.45E0,1.75E-1,7.E-1));
#2960=CARTESIAN_POINT('',(-1.45E0,1.75E-1,9.E-1));
#2961=VERTEX_POINT('',#2959);
#2962=VERTEX_POINT('',#2960);
#2963=CARTESIAN_POINT('',(-1.45E0,1.75E-1,3.E-1));
#2964=CARTESIAN_POINT('',(-1.45E0,1.75E-1,5.E-1));
#2965=VERTEX_POINT('',#2963);
#2966=VERTEX_POINT('',#2964);
#2967=CARTESIAN_POINT('',(-1.45E0,1.75E-1,-1.E-1));
#2968=CARTESIAN_POINT('',(-1.45E0,1.75E-1,1.E-1));
#2969=VERTEX_POINT('',#2967);
#2970=VERTEX_POINT('',#2968);
#2971=CARTESIAN_POINT('',(-1.75E0,1.75E-1,1.7E0));
#2972=CARTESIAN_POINT('',(-1.75E0,1.75E-1,1.5E0));
#2973=VERTEX_POINT('',#2971);
#2974=VERTEX_POINT('',#2972);
#2975=CARTESIAN_POINT('',(-1.75E0,1.75E-1,1.3E0));
#2976=CARTESIAN_POINT('',(-1.75E0,1.75E-1,1.1E0));
#2977=VERTEX_POINT('',#2975);
#2978=VERTEX_POINT('',#2976);
#2979=CARTESIAN_POINT('',(-1.75E0,1.75E-1,9.E-1));
#2980=CARTESIAN_POINT('',(-1.75E0,1.75E-1,7.E-1));
#2981=VERTEX_POINT('',#2979);
#2982=VERTEX_POINT('',#2980);
#2983=CARTESIAN_POINT('',(-1.75E0,1.75E-1,1.E-1));
#2984=CARTESIAN_POINT('',(-1.75E0,1.75E-1,-1.E-1));
#2985=VERTEX_POINT('',#2983);
#2986=VERTEX_POINT('',#2984);
#2987=CARTESIAN_POINT('',(-1.75E0,1.75E-1,3.E-1));
#2988=VERTEX_POINT('',#2987);
#2989=CARTESIAN_POINT('',(-1.75E0,1.75E-1,5.E-1));
#2990=VERTEX_POINT('',#2989);
#2991=CARTESIAN_POINT('',(1.75E0,0.E0,-5.E-1));
#2992=CARTESIAN_POINT('',(1.45E0,0.E0,-5.E-1));
#2993=VERTEX_POINT('',#2991);
#2994=VERTEX_POINT('',#2992);
#2995=CARTESIAN_POINT('',(1.45E0,0.E0,-3.E-1));
#2996=VERTEX_POINT('',#2995);
#2997=CARTESIAN_POINT('',(1.75E0,0.E0,-9.E-1));
#2998=CARTESIAN_POINT('',(1.45E0,0.E0,-9.E-1));
#2999=VERTEX_POINT('',#2997);
#3000=VERTEX_POINT('',#2998);
#3001=CARTESIAN_POINT('',(1.45E0,0.E0,-7.E-1));
#3002=VERTEX_POINT('',#3001);
#3003=CARTESIAN_POINT('',(1.75E0,0.E0,-7.E-1));
#3004=VERTEX_POINT('',#3003);
#3005=CARTESIAN_POINT('',(1.75E0,0.E0,-1.3E0));
#3006=CARTESIAN_POINT('',(1.45E0,0.E0,-1.3E0));
#3007=VERTEX_POINT('',#3005);
#3008=VERTEX_POINT('',#3006);
#3009=CARTESIAN_POINT('',(1.45E0,0.E0,-1.1E0));
#3010=VERTEX_POINT('',#3009);
#3011=CARTESIAN_POINT('',(1.75E0,0.E0,-1.1E0));
#3012=VERTEX_POINT('',#3011);
#3013=CARTESIAN_POINT('',(1.75E0,0.E0,-1.7E0));
#3014=CARTESIAN_POINT('',(1.45E0,0.E0,-1.7E0));
#3015=VERTEX_POINT('',#3013);
#3016=VERTEX_POINT('',#3014);
#3017=CARTESIAN_POINT('',(1.45E0,0.E0,-1.5E0));
#3018=VERTEX_POINT('',#3017);
#3019=CARTESIAN_POINT('',(1.75E0,0.E0,-1.5E0));
#3020=VERTEX_POINT('',#3019);
#3021=CARTESIAN_POINT('',(-1.45E0,0.E0,-5.E-1));
#3022=VERTEX_POINT('',#3021);
#3023=CARTESIAN_POINT('',(-1.45E0,0.E0,-3.E-1));
#3024=VERTEX_POINT('',#3023);
#3025=CARTESIAN_POINT('',(-1.45E0,0.E0,-9.E-1));
#3026=VERTEX_POINT('',#3025);
#3027=CARTESIAN_POINT('',(-1.45E0,0.E0,-7.E-1));
#3028=VERTEX_POINT('',#3027);
#3029=CARTESIAN_POINT('',(-1.45E0,0.E0,-1.3E0));
#3030=VERTEX_POINT('',#3029);
#3031=CARTESIAN_POINT('',(-1.45E0,0.E0,-1.1E0));
#3032=VERTEX_POINT('',#3031);
#3033=CARTESIAN_POINT('',(-1.45E0,0.E0,-1.7E0));
#3034=VERTEX_POINT('',#3033);
#3035=CARTESIAN_POINT('',(-1.45E0,0.E0,-1.5E0));
#3036=VERTEX_POINT('',#3035);
#3037=CARTESIAN_POINT('',(1.45E0,1.75E-1,-5.E-1));
#3038=CARTESIAN_POINT('',(1.45E0,1.75E-1,-3.E-1));
#3039=VERTEX_POINT('',#3037);
#3040=VERTEX_POINT('',#3038);
#3041=CARTESIAN_POINT('',(1.45E0,1.75E-1,-9.E-1));
#3042=CARTESIAN_POINT('',(1.45E0,1.75E-1,-7.E-1));
#3043=VERTEX_POINT('',#3041);
#3044=VERTEX_POINT('',#3042);
#3045=CARTESIAN_POINT('',(1.45E0,1.75E-1,-1.3E0));
#3046=CARTESIAN_POINT('',(1.45E0,1.75E-1,-1.1E0));
#3047=VERTEX_POINT('',#3045);
#3048=VERTEX_POINT('',#3046);
#3049=CARTESIAN_POINT('',(1.45E0,1.75E-1,-1.7E0));
#3050=CARTESIAN_POINT('',(1.45E0,1.75E-1,-1.5E0));
#3051=VERTEX_POINT('',#3049);
#3052=VERTEX_POINT('',#3050);
#3053=CARTESIAN_POINT('',(-1.45E0,1.75E-1,-5.E-1));
#3054=CARTESIAN_POINT('',(-1.45E0,1.75E-1,-3.E-1));
#3055=VERTEX_POINT('',#3053);
#3056=VERTEX_POINT('',#3054);
#3057=CARTESIAN_POINT('',(-1.45E0,1.75E-1,-9.E-1));
#3058=CARTESIAN_POINT('',(-1.45E0,1.75E-1,-7.E-1));
#3059=VERTEX_POINT('',#3057);
#3060=VERTEX_POINT('',#3058);
#3061=CARTESIAN_POINT('',(-1.45E0,1.75E-1,-1.3E0));
#3062=CARTESIAN_POINT('',(-1.45E0,1.75E-1,-1.1E0));
#3063=VERTEX_POINT('',#3061);
#3064=VERTEX_POINT('',#3062);
#3065=CARTESIAN_POINT('',(-1.45E0,1.75E-1,-1.7E0));
#3066=CARTESIAN_POINT('',(-1.45E0,1.75E-1,-1.5E0));
#3067=VERTEX_POINT('',#3065);
#3068=VERTEX_POINT('',#3066);
#3069=CARTESIAN_POINT('',(-1.75E0,1.75E-1,-3.E-1));
#3070=CARTESIAN_POINT('',(-1.75E0,1.75E-1,-5.E-1));
#3071=VERTEX_POINT('',#3069);
#3072=VERTEX_POINT('',#3070);
#3073=CARTESIAN_POINT('',(-1.75E0,1.75E-1,-7.E-1));
#3074=CARTESIAN_POINT('',(-1.75E0,1.75E-1,-9.E-1));
#3075=VERTEX_POINT('',#3073);
#3076=VERTEX_POINT('',#3074);
#3077=CARTESIAN_POINT('',(-1.75E0,1.75E-1,-1.1E0));
#3078=CARTESIAN_POINT('',(-1.75E0,1.75E-1,-1.3E0));
#3079=VERTEX_POINT('',#3077);
#3080=VERTEX_POINT('',#3078);
#3081=CARTESIAN_POINT('',(-1.75E0,1.75E-1,-1.5E0));
#3082=CARTESIAN_POINT('',(-1.75E0,1.75E-1,-1.7E0));
#3083=VERTEX_POINT('',#3081);
#3084=VERTEX_POINT('',#3082);
#3085=CARTESIAN_POINT('',(1.75E0,1.75E-1,-3.E-1));
#3086=CARTESIAN_POINT('',(1.75E0,1.75E-1,-5.E-1));
#3087=VERTEX_POINT('',#3085);
#3088=VERTEX_POINT('',#3086);
#3089=CARTESIAN_POINT('',(1.75E0,1.75E-1,-7.E-1));
#3090=CARTESIAN_POINT('',(1.75E0,1.75E-1,-9.E-1));
#3091=VERTEX_POINT('',#3089);
#3092=VERTEX_POINT('',#3090);
#3093=CARTESIAN_POINT('',(1.75E0,1.75E-1,-1.1E0));
#3094=CARTESIAN_POINT('',(1.75E0,1.75E-1,-1.3E0));
#3095=VERTEX_POINT('',#3093);
#3096=VERTEX_POINT('',#3094);
#3097=CARTESIAN_POINT('',(1.75E0,1.75E-1,-1.5E0));
#3098=CARTESIAN_POINT('',(1.75E0,1.75E-1,-1.7E0));
#3099=VERTEX_POINT('',#3097);
#3100=VERTEX_POINT('',#3098);
#3101=CARTESIAN_POINT('',(-9.E-1,0.E0,-1.95E0));
#3102=VERTEX_POINT('',#3101);
#3103=CARTESIAN_POINT('',(-7.E-1,0.E0,-1.95E0));
#3104=VERTEX_POINT('',#3103);
#3105=CARTESIAN_POINT('',(-5.E-1,0.E0,-1.95E0));
#3106=VERTEX_POINT('',#3105);
#3107=CARTESIAN_POINT('',(-3.E-1,0.E0,-1.95E0));
#3108=VERTEX_POINT('',#3107);
#3109=CARTESIAN_POINT('',(-1.E-1,0.E0,-1.95E0));
#3110=VERTEX_POINT('',#3109);
#3111=CARTESIAN_POINT('',(1.E-1,0.E0,-1.95E0));
#3112=VERTEX_POINT('',#3111);
#3113=CARTESIAN_POINT('',(3.E-1,0.E0,-1.95E0));
#3114=VERTEX_POINT('',#3113);
#3115=CARTESIAN_POINT('',(5.E-1,0.E0,-1.95E0));
#3116=VERTEX_POINT('',#3115);
#3117=CARTESIAN_POINT('',(7.E-1,0.E0,-1.95E0));
#3118=VERTEX_POINT('',#3117);
#3119=CARTESIAN_POINT('',(9.E-1,0.E0,-1.95E0));
#3120=VERTEX_POINT('',#3119);
#3121=CARTESIAN_POINT('',(-9.E-1,0.E0,1.95E0));
#3122=VERTEX_POINT('',#3121);
#3123=CARTESIAN_POINT('',(-7.E-1,0.E0,1.95E0));
#3124=VERTEX_POINT('',#3123);
#3125=CARTESIAN_POINT('',(-5.E-1,0.E0,1.95E0));
#3126=VERTEX_POINT('',#3125);
#3127=CARTESIAN_POINT('',(-3.E-1,0.E0,1.95E0));
#3128=VERTEX_POINT('',#3127);
#3129=CARTESIAN_POINT('',(-1.E-1,0.E0,1.95E0));
#3130=VERTEX_POINT('',#3129);
#3131=CARTESIAN_POINT('',(1.E-1,0.E0,1.95E0));
#3132=VERTEX_POINT('',#3131);
#3133=CARTESIAN_POINT('',(3.E-1,0.E0,1.95E0));
#3134=VERTEX_POINT('',#3133);
#3135=CARTESIAN_POINT('',(5.E-1,0.E0,1.95E0));
#3136=VERTEX_POINT('',#3135);
#3137=CARTESIAN_POINT('',(7.E-1,0.E0,1.95E0));
#3138=VERTEX_POINT('',#3137);
#3139=CARTESIAN_POINT('',(9.E-1,0.E0,1.95E0));
#3140=VERTEX_POINT('',#3139);
#3141=CARTESIAN_POINT('',(-9.E-1,1.75E-1,-1.95E0));
#3142=CARTESIAN_POINT('',(-7.E-1,1.75E-1,-1.95E0));
#3143=VERTEX_POINT('',#3141);
#3144=VERTEX_POINT('',#3142);
#3145=CARTESIAN_POINT('',(-5.E-1,1.75E-1,-1.95E0));
#3146=CARTESIAN_POINT('',(-3.E-1,1.75E-1,-1.95E0));
#3147=VERTEX_POINT('',#3145);
#3148=VERTEX_POINT('',#3146);
#3149=CARTESIAN_POINT('',(-1.E-1,1.75E-1,-1.95E0));
#3150=CARTESIAN_POINT('',(1.E-1,1.75E-1,-1.95E0));
#3151=VERTEX_POINT('',#3149);
#3152=VERTEX_POINT('',#3150);
#3153=CARTESIAN_POINT('',(3.E-1,1.75E-1,-1.95E0));
#3154=CARTESIAN_POINT('',(5.E-1,1.75E-1,-1.95E0));
#3155=VERTEX_POINT('',#3153);
#3156=VERTEX_POINT('',#3154);
#3157=CARTESIAN_POINT('',(7.E-1,1.75E-1,-1.95E0));
#3158=CARTESIAN_POINT('',(9.E-1,1.75E-1,-1.95E0));
#3159=VERTEX_POINT('',#3157);
#3160=VERTEX_POINT('',#3158);
#3161=CARTESIAN_POINT('',(-9.E-1,1.75E-1,1.95E0));
#3162=CARTESIAN_POINT('',(-7.E-1,1.75E-1,1.95E0));
#3163=VERTEX_POINT('',#3161);
#3164=VERTEX_POINT('',#3162);
#3165=CARTESIAN_POINT('',(-5.E-1,1.75E-1,1.95E0));
#3166=CARTESIAN_POINT('',(-3.E-1,1.75E-1,1.95E0));
#3167=VERTEX_POINT('',#3165);
#3168=VERTEX_POINT('',#3166);
#3169=CARTESIAN_POINT('',(-1.E-1,1.75E-1,1.95E0));
#3170=CARTESIAN_POINT('',(1.E-1,1.75E-1,1.95E0));
#3171=VERTEX_POINT('',#3169);
#3172=VERTEX_POINT('',#3170);
#3173=CARTESIAN_POINT('',(3.E-1,1.75E-1,1.95E0));
#3174=CARTESIAN_POINT('',(5.E-1,1.75E-1,1.95E0));
#3175=VERTEX_POINT('',#3173);
#3176=VERTEX_POINT('',#3174);
#3177=CARTESIAN_POINT('',(7.E-1,1.75E-1,1.95E0));
#3178=CARTESIAN_POINT('',(9.E-1,1.75E-1,1.95E0));
#3179=VERTEX_POINT('',#3177);
#3180=VERTEX_POINT('',#3178);
#3181=CARTESIAN_POINT('',(-9.E-1,1.75E-1,2.25E0));
#3182=CARTESIAN_POINT('',(-7.E-1,1.75E-1,2.25E0));
#3183=VERTEX_POINT('',#3181);
#3184=VERTEX_POINT('',#3182);
#3185=CARTESIAN_POINT('',(-5.E-1,1.75E-1,2.25E0));
#3186=CARTESIAN_POINT('',(-3.E-1,1.75E-1,2.25E0));
#3187=VERTEX_POINT('',#3185);
#3188=VERTEX_POINT('',#3186);
#3189=CARTESIAN_POINT('',(-1.E-1,1.75E-1,2.25E0));
#3190=CARTESIAN_POINT('',(1.E-1,1.75E-1,2.25E0));
#3191=VERTEX_POINT('',#3189);
#3192=VERTEX_POINT('',#3190);
#3193=CARTESIAN_POINT('',(3.E-1,1.75E-1,2.25E0));
#3194=CARTESIAN_POINT('',(5.E-1,1.75E-1,2.25E0));
#3195=VERTEX_POINT('',#3193);
#3196=VERTEX_POINT('',#3194);
#3197=CARTESIAN_POINT('',(7.E-1,1.75E-1,2.25E0));
#3198=CARTESIAN_POINT('',(9.E-1,1.75E-1,2.25E0));
#3199=VERTEX_POINT('',#3197);
#3200=VERTEX_POINT('',#3198);
#3201=CARTESIAN_POINT('',(-9.E-1,1.75E-1,-2.25E0));
#3202=CARTESIAN_POINT('',(-7.E-1,1.75E-1,-2.25E0));
#3203=VERTEX_POINT('',#3201);
#3204=VERTEX_POINT('',#3202);
#3205=CARTESIAN_POINT('',(-5.E-1,1.75E-1,-2.25E0));
#3206=CARTESIAN_POINT('',(-3.E-1,1.75E-1,-2.25E0));
#3207=VERTEX_POINT('',#3205);
#3208=VERTEX_POINT('',#3206);
#3209=CARTESIAN_POINT('',(-1.E-1,1.75E-1,-2.25E0));
#3210=CARTESIAN_POINT('',(1.E-1,1.75E-1,-2.25E0));
#3211=VERTEX_POINT('',#3209);
#3212=VERTEX_POINT('',#3210);
#3213=CARTESIAN_POINT('',(7.E-1,1.75E-1,-2.25E0));
#3214=CARTESIAN_POINT('',(9.E-1,1.75E-1,-2.25E0));
#3215=VERTEX_POINT('',#3213);
#3216=VERTEX_POINT('',#3214);
#3217=CARTESIAN_POINT('',(3.E-1,1.75E-1,-2.25E0));
#3218=VERTEX_POINT('',#3217);
#3219=CARTESIAN_POINT('',(5.E-1,1.75E-1,-2.25E0));
#3220=VERTEX_POINT('',#3219);
#3221=CARTESIAN_POINT('',(-7.E-1,6.E-2,-1.55E0));
#3222=VERTEX_POINT('',#3221);
#3223=CARTESIAN_POINT('',(-1.05E0,6.E-2,-1.2E0));
#3224=VERTEX_POINT('',#3223);
#3225=CARTESIAN_POINT('',(0.E0,0.E0,0.E0));
#3226=DIRECTION('',(0.E0,1.E0,0.E0));
#3227=DIRECTION('',(1.E0,0.E0,0.E0));
#3228=AXIS2_PLACEMENT_3D('',#3225,#3226,#3227);
#3229=PLANE('',#3228);
#3231=ORIENTED_EDGE('',*,*,#3230,.T.);
#3233=ORIENTED_EDGE('',*,*,#3232,.T.);
#3235=ORIENTED_EDGE('',*,*,#3234,.T.);
#3237=ORIENTED_EDGE('',*,*,#3236,.F.);
#3239=ORIENTED_EDGE('',*,*,#3238,.T.);
#3241=ORIENTED_EDGE('',*,*,#3240,.T.);
#3243=ORIENTED_EDGE('',*,*,#3242,.T.);
#3245=ORIENTED_EDGE('',*,*,#3244,.F.);
#3247=ORIENTED_EDGE('',*,*,#3246,.T.);
#3249=ORIENTED_EDGE('',*,*,#3248,.T.);
#3251=ORIENTED_EDGE('',*,*,#3250,.T.);
#3253=ORIENTED_EDGE('',*,*,#3252,.F.);
#3255=ORIENTED_EDGE('',*,*,#3254,.T.);
#3257=ORIENTED_EDGE('',*,*,#3256,.T.);
#3259=ORIENTED_EDGE('',*,*,#3258,.T.);
#3261=ORIENTED_EDGE('',*,*,#3260,.F.);
#3263=ORIENTED_EDGE('',*,*,#3262,.T.);
#3265=ORIENTED_EDGE('',*,*,#3264,.T.);
#3267=ORIENTED_EDGE('',*,*,#3266,.T.);
#3269=ORIENTED_EDGE('',*,*,#3268,.F.);
#3271=ORIENTED_EDGE('',*,*,#3270,.T.);
#3273=ORIENTED_EDGE('',*,*,#3272,.T.);
#3275=ORIENTED_EDGE('',*,*,#3274,.T.);
#3277=ORIENTED_EDGE('',*,*,#3276,.F.);
#3279=ORIENTED_EDGE('',*,*,#3278,.T.);
#3281=ORIENTED_EDGE('',*,*,#3280,.T.);
#3283=ORIENTED_EDGE('',*,*,#3282,.T.);
#3285=ORIENTED_EDGE('',*,*,#3284,.F.);
#3287=ORIENTED_EDGE('',*,*,#3286,.T.);
#3289=ORIENTED_EDGE('',*,*,#3288,.T.);
#3291=ORIENTED_EDGE('',*,*,#3290,.T.);
#3293=ORIENTED_EDGE('',*,*,#3292,.F.);
#3295=ORIENTED_EDGE('',*,*,#3294,.T.);
#3297=ORIENTED_EDGE('',*,*,#3296,.T.);
#3299=ORIENTED_EDGE('',*,*,#3298,.T.);
#3301=ORIENTED_EDGE('',*,*,#3300,.F.);
#3303=ORIENTED_EDGE('',*,*,#3302,.T.);
#3305=ORIENTED_EDGE('',*,*,#3304,.T.);
#3307=ORIENTED_EDGE('',*,*,#3306,.T.);
#3309=ORIENTED_EDGE('',*,*,#3308,.T.);
#3311=ORIENTED_EDGE('',*,*,#3310,.F.);
#3313=ORIENTED_EDGE('',*,*,#3312,.T.);
#3315=ORIENTED_EDGE('',*,*,#3314,.T.);
#3317=ORIENTED_EDGE('',*,*,#3316,.T.);
#3319=ORIENTED_EDGE('',*,*,#3318,.F.);
#3321=ORIENTED_EDGE('',*,*,#3320,.T.);
#3323=ORIENTED_EDGE('',*,*,#3322,.T.);
#3325=ORIENTED_EDGE('',*,*,#3324,.T.);
#3327=ORIENTED_EDGE('',*,*,#3326,.F.);
#3329=ORIENTED_EDGE('',*,*,#3328,.T.);
#3331=ORIENTED_EDGE('',*,*,#3330,.T.);
#3333=ORIENTED_EDGE('',*,*,#3332,.T.);
#3335=ORIENTED_EDGE('',*,*,#3334,.F.);
#3337=ORIENTED_EDGE('',*,*,#3336,.T.);
#3339=ORIENTED_EDGE('',*,*,#3338,.T.);
#3341=ORIENTED_EDGE('',*,*,#3340,.T.);
#3343=ORIENTED_EDGE('',*,*,#3342,.F.);
#3345=ORIENTED_EDGE('',*,*,#3344,.T.);
#3347=ORIENTED_EDGE('',*,*,#3346,.T.);
#3349=ORIENTED_EDGE('',*,*,#3348,.T.);
#3351=ORIENTED_EDGE('',*,*,#3350,.F.);
#3353=ORIENTED_EDGE('',*,*,#3352,.F.);
#3355=ORIENTED_EDGE('',*,*,#3354,.T.);
#3357=ORIENTED_EDGE('',*,*,#3356,.T.);
#3359=ORIENTED_EDGE('',*,*,#3358,.F.);
#3361=ORIENTED_EDGE('',*,*,#3360,.F.);
#3363=ORIENTED_EDGE('',*,*,#3362,.T.);
#3365=ORIENTED_EDGE('',*,*,#3364,.T.);
#3367=ORIENTED_EDGE('',*,*,#3366,.F.);
#3369=ORIENTED_EDGE('',*,*,#3368,.F.);
#3371=ORIENTED_EDGE('',*,*,#3370,.T.);
#3373=ORIENTED_EDGE('',*,*,#3372,.T.);
#3375=ORIENTED_EDGE('',*,*,#3374,.F.);
#3377=ORIENTED_EDGE('',*,*,#3376,.F.);
#3379=ORIENTED_EDGE('',*,*,#3378,.T.);
#3381=ORIENTED_EDGE('',*,*,#3380,.T.);
#3383=ORIENTED_EDGE('',*,*,#3382,.F.);
#3385=ORIENTED_EDGE('',*,*,#3384,.F.);
#3387=ORIENTED_EDGE('',*,*,#3386,.T.);
#3389=ORIENTED_EDGE('',*,*,#3388,.T.);
#3391=ORIENTED_EDGE('',*,*,#3390,.F.);
#3393=ORIENTED_EDGE('',*,*,#3392,.F.);
#3395=ORIENTED_EDGE('',*,*,#3394,.T.);
#3397=ORIENTED_EDGE('',*,*,#3396,.T.);
#3399=ORIENTED_EDGE('',*,*,#3398,.F.);
#3401=ORIENTED_EDGE('',*,*,#3400,.F.);
#3403=ORIENTED_EDGE('',*,*,#3402,.T.);
#3405=ORIENTED_EDGE('',*,*,#3404,.T.);
#3407=ORIENTED_EDGE('',*,*,#3406,.F.);
#3409=ORIENTED_EDGE('',*,*,#3408,.F.);
#3411=ORIENTED_EDGE('',*,*,#3410,.T.);
#3413=ORIENTED_EDGE('',*,*,#3412,.T.);
#3415=ORIENTED_EDGE('',*,*,#3414,.F.);
#3417=ORIENTED_EDGE('',*,*,#3416,.F.);
#3419=ORIENTED_EDGE('',*,*,#3418,.T.);
#3421=ORIENTED_EDGE('',*,*,#3420,.T.);
#3423=ORIENTED_EDGE('',*,*,#3422,.T.);
#3425=ORIENTED_EDGE('',*,*,#3424,.F.);
#3427=ORIENTED_EDGE('',*,*,#3426,.F.);
#3429=ORIENTED_EDGE('',*,*,#3428,.T.);
#3431=ORIENTED_EDGE('',*,*,#3430,.T.);
#3433=ORIENTED_EDGE('',*,*,#3432,.F.);
#3435=ORIENTED_EDGE('',*,*,#3434,.F.);
#3437=ORIENTED_EDGE('',*,*,#3436,.T.);
#3439=ORIENTED_EDGE('',*,*,#3438,.T.);
#3441=ORIENTED_EDGE('',*,*,#3440,.F.);
#3443=ORIENTED_EDGE('',*,*,#3442,.F.);
#3445=ORIENTED_EDGE('',*,*,#3444,.T.);
#3447=ORIENTED_EDGE('',*,*,#3446,.T.);
#3449=ORIENTED_EDGE('',*,*,#3448,.F.);
#3451=ORIENTED_EDGE('',*,*,#3450,.F.);
#3453=ORIENTED_EDGE('',*,*,#3452,.T.);
#3455=ORIENTED_EDGE('',*,*,#3454,.T.);
#3457=ORIENTED_EDGE('',*,*,#3456,.F.);
#3459=ORIENTED_EDGE('',*,*,#3458,.F.);
#3461=ORIENTED_EDGE('',*,*,#3460,.T.);
#3462=EDGE_LOOP('',(#3231,#3233,#3235,#3237,#3239,#3241,#3243,#3245,#3247,#3249,
#3251,#3253,#3255,#3257,#3259,#3261,#3263,#3265,#3267,#3269,#3271,#3273,#3275,
#3277,#3279,#3281,#3283,#3285,#3287,#3289,#3291,#3293,#3295,#3297,#3299,#3301,
#3303,#3305,#3307,#3309,#3311,#3313,#3315,#3317,#3319,#3321,#3323,#3325,#3327,
#3329,#3331,#3333,#3335,#3337,#3339,#3341,#3343,#3345,#3347,#3349,#3351,#3353,
#3355,#3357,#3359,#3361,#3363,#3365,#3367,#3369,#3371,#3373,#3375,#3377,#3379,
#3381,#3383,#3385,#3387,#3389,#3391,#3393,#3395,#3397,#3399,#3401,#3403,#3405,
#3407,#3409,#3411,#3413,#3415,#3417,#3419,#3421,#3423,#3425,#3427,#3429,#3431,
#3433,#3435,#3437,#3439,#3441,#3443,#3445,#3447,#3449,#3451,#3453,#3455,#3457,
#3459,#3461));
#3463=FACE_OUTER_BOUND('',#3462,.F.);
#3465=ORIENTED_EDGE('',*,*,#3464,.F.);
#3467=ORIENTED_EDGE('',*,*,#3466,.F.);
#3469=ORIENTED_EDGE('',*,*,#3468,.F.);
#3471=ORIENTED_EDGE('',*,*,#3470,.F.);
#3473=ORIENTED_EDGE('',*,*,#3472,.F.);
#3474=EDGE_LOOP('',(#3465,#3467,#3469,#3471,#3473));
#3475=FACE_BOUND('',#3474,.F.);
#3476=ADVANCED_FACE('',(#3463,#3475),#3229,.F.);
#3477=CARTESIAN_POINT('',(-1.75E0,0.E0,-2.25E0));
#3478=DIRECTION('',(-1.E0,0.E0,0.E0));
#3479=DIRECTION('',(0.E0,0.E0,1.E0));
#3480=AXIS2_PLACEMENT_3D('',#3477,#3478,#3479);
#3481=PLANE('',#3480);
#3483=ORIENTED_EDGE('',*,*,#3482,.T.);
#3485=ORIENTED_EDGE('',*,*,#3484,.F.);
#3486=ORIENTED_EDGE('',*,*,#3294,.F.);
#3488=ORIENTED_EDGE('',*,*,#3487,.F.);
#3490=ORIENTED_EDGE('',*,*,#3489,.T.);
#3492=ORIENTED_EDGE('',*,*,#3491,.F.);
#3493=ORIENTED_EDGE('',*,*,#3286,.F.);
#3495=ORIENTED_EDGE('',*,*,#3494,.F.);
#3497=ORIENTED_EDGE('',*,*,#3496,.T.);
#3499=ORIENTED_EDGE('',*,*,#3498,.F.);
#3500=ORIENTED_EDGE('',*,*,#3278,.F.);
#3502=ORIENTED_EDGE('',*,*,#3501,.F.);
#3504=ORIENTED_EDGE('',*,*,#3503,.T.);
#3506=ORIENTED_EDGE('',*,*,#3505,.F.);
#3507=ORIENTED_EDGE('',*,*,#3270,.F.);
#3509=ORIENTED_EDGE('',*,*,#3508,.F.);
#3511=ORIENTED_EDGE('',*,*,#3510,.T.);
#3513=ORIENTED_EDGE('',*,*,#3512,.F.);
#3514=ORIENTED_EDGE('',*,*,#3262,.F.);
#3516=ORIENTED_EDGE('',*,*,#3515,.F.);
#3518=ORIENTED_EDGE('',*,*,#3517,.T.);
#3520=ORIENTED_EDGE('',*,*,#3519,.F.);
#3521=ORIENTED_EDGE('',*,*,#3254,.F.);
#3523=ORIENTED_EDGE('',*,*,#3522,.F.);
#3525=ORIENTED_EDGE('',*,*,#3524,.T.);
#3527=ORIENTED_EDGE('',*,*,#3526,.F.);
#3528=ORIENTED_EDGE('',*,*,#3246,.F.);
#3530=ORIENTED_EDGE('',*,*,#3529,.F.);
#3532=ORIENTED_EDGE('',*,*,#3531,.T.);
#3534=ORIENTED_EDGE('',*,*,#3533,.F.);
#3535=ORIENTED_EDGE('',*,*,#3238,.F.);
#3537=ORIENTED_EDGE('',*,*,#3536,.F.);
#3539=ORIENTED_EDGE('',*,*,#3538,.T.);
#3541=ORIENTED_EDGE('',*,*,#3540,.F.);
#3542=ORIENTED_EDGE('',*,*,#3230,.F.);
#3544=ORIENTED_EDGE('',*,*,#3543,.T.);
#3546=ORIENTED_EDGE('',*,*,#3545,.T.);
#3548=ORIENTED_EDGE('',*,*,#3547,.F.);
#3549=ORIENTED_EDGE('',*,*,#3302,.F.);
#3551=ORIENTED_EDGE('',*,*,#3550,.F.);
#3552=EDGE_LOOP('',(#3483,#3485,#3486,#3488,#3490,#3492,#3493,#3495,#3497,#3499,
#3500,#3502,#3504,#3506,#3507,#3509,#3511,#3513,#3514,#3516,#3518,#3520,#3521,
#3523,#3525,#3527,#3528,#3530,#3532,#3534,#3535,#3537,#3539,#3541,#3542,#3544,
#3546,#3548,#3549,#3551));
#3553=FACE_OUTER_BOUND('',#3552,.F.);
#3554=ADVANCED_FACE('',(#3553),#3481,.T.);
#3555=CARTESIAN_POINT('',(0.E0,1.75E-1,0.E0));
#3556=DIRECTION('',(0.E0,-1.E0,0.E0));
#3557=DIRECTION('',(-1.E0,0.E0,0.E0));
#3558=AXIS2_PLACEMENT_3D('',#3555,#3556,#3557);
#3559=PLANE('',#3558);
#3560=ORIENTED_EDGE('',*,*,#3482,.F.);
#3562=ORIENTED_EDGE('',*,*,#3561,.F.);
#3564=ORIENTED_EDGE('',*,*,#3563,.F.);
#3566=ORIENTED_EDGE('',*,*,#3565,.F.);
#3567=EDGE_LOOP('',(#3560,#3562,#3564,#3566));
#3568=FACE_OUTER_BOUND('',#3567,.F.);
#3569=ADVANCED_FACE('',(#3568),#3559,.T.);
#3570=CARTESIAN_POINT('',(-1.45E0,-4.E-2,1.7E0));
#3571=DIRECTION('',(0.E0,0.E0,-1.E0));
#3572=DIRECTION('',(-1.E0,0.E0,0.E0));
#3573=AXIS2_PLACEMENT_3D('',#3570,#3571,#3572);
#3574=PLANE('',#3573);
#3576=ORIENTED_EDGE('',*,*,#3575,.T.);
#3577=ORIENTED_EDGE('',*,*,#3561,.T.);
#3578=ORIENTED_EDGE('',*,*,#3550,.T.);
#3579=ORIENTED_EDGE('',*,*,#3300,.T.);
#3580=EDGE_LOOP('',(#3576,#3577,#3578,#3579));
#3581=FACE_OUTER_BOUND('',#3580,.F.);
#3582=ADVANCED_FACE('',(#3581),#3574,.T.);
#3583=CARTESIAN_POINT('',(-1.45E0,-4.E-2,1.6E0));
#3584=DIRECTION('',(0.E0,-1.E0,0.E0));
#3585=DIRECTION('',(-1.E0,0.E0,0.E0));
#3586=AXIS2_PLACEMENT_3D('',#3583,#3584,#3585);
#3587=CYLINDRICAL_SURFACE('',#3586,1.E-1);
#3589=ORIENTED_EDGE('',*,*,#3588,.T.);
#3590=ORIENTED_EDGE('',*,*,#3563,.T.);
#3591=ORIENTED_EDGE('',*,*,#3575,.F.);
#3592=ORIENTED_EDGE('',*,*,#3298,.F.);
#3593=EDGE_LOOP('',(#3589,#3590,#3591,#3592));
#3594=FACE_OUTER_BOUND('',#3593,.F.);
#3595=ADVANCED_FACE('',(#3594),#3587,.F.);
#3596=CARTESIAN_POINT('',(-1.75E0,-4.E-2,1.5E0));
#3597=DIRECTION('',(0.E0,0.E0,1.E0));
#3598=DIRECTION('',(1.E0,0.E0,0.E0));
#3599=AXIS2_PLACEMENT_3D('',#3596,#3597,#3598);
#3600=PLANE('',#3599);
#3601=ORIENTED_EDGE('',*,*,#3484,.T.);
#3602=ORIENTED_EDGE('',*,*,#3565,.T.);
#3603=ORIENTED_EDGE('',*,*,#3588,.F.);
#3604=ORIENTED_EDGE('',*,*,#3296,.F.);
#3605=EDGE_LOOP('',(#3601,#3602,#3603,#3604));
#3606=FACE_OUTER_BOUND('',#3605,.F.);
#3607=ADVANCED_FACE('',(#3606),#3600,.T.);
#3608=CARTESIAN_POINT('',(-1.45E0,-4.E-2,1.3E0));
#3609=DIRECTION('',(0.E0,0.E0,-1.E0));
#3610=DIRECTION('',(-1.E0,0.E0,0.E0));
#3611=AXIS2_PLACEMENT_3D('',#3608,#3609,#3610);
#3612=PLANE('',#3611);
#3614=ORIENTED_EDGE('',*,*,#3613,.T.);
#3616=ORIENTED_EDGE('',*,*,#3615,.T.);
#3617=ORIENTED_EDGE('',*,*,#3487,.T.);
#3618=ORIENTED_EDGE('',*,*,#3292,.T.);
#3619=EDGE_LOOP('',(#3614,#3616,#3617,#3618));
#3620=FACE_OUTER_BOUND('',#3619,.F.);
#3621=ADVANCED_FACE('',(#3620),#3612,.T.);
#3622=CARTESIAN_POINT('',(-1.45E0,-4.E-2,1.2E0));
#3623=DIRECTION('',(0.E0,-1.E0,0.E0));
#3624=DIRECTION('',(-1.E0,0.E0,0.E0));
#3625=AXIS2_PLACEMENT_3D('',#3622,#3623,#3624);
#3626=CYLINDRICAL_SURFACE('',#3625,1.E-1);
#3628=ORIENTED_EDGE('',*,*,#3627,.T.);
#3630=ORIENTED_EDGE('',*,*,#3629,.T.);
#3631=ORIENTED_EDGE('',*,*,#3613,.F.);
#3632=ORIENTED_EDGE('',*,*,#3290,.F.);
#3633=EDGE_LOOP('',(#3628,#3630,#3631,#3632));
#3634=FACE_OUTER_BOUND('',#3633,.F.);
#3635=ADVANCED_FACE('',(#3634),#3626,.F.);
#3636=CARTESIAN_POINT('',(-1.75E0,-4.E-2,1.1E0));
#3637=DIRECTION('',(0.E0,0.E0,1.E0));
#3638=DIRECTION('',(1.E0,0.E0,0.E0));
#3639=AXIS2_PLACEMENT_3D('',#3636,#3637,#3638);
#3640=PLANE('',#3639);
#3641=ORIENTED_EDGE('',*,*,#3491,.T.);
#3643=ORIENTED_EDGE('',*,*,#3642,.T.);
#3644=ORIENTED_EDGE('',*,*,#3627,.F.);
#3645=ORIENTED_EDGE('',*,*,#3288,.F.);
#3646=EDGE_LOOP('',(#3641,#3643,#3644,#3645));
#3647=FACE_OUTER_BOUND('',#3646,.F.);
#3648=ADVANCED_FACE('',(#3647),#3640,.T.);
#3649=CARTESIAN_POINT('',(0.E0,1.75E-1,0.E0));
#3650=DIRECTION('',(0.E0,-1.E0,0.E0));
#3651=DIRECTION('',(-1.E0,0.E0,0.E0));
#3652=AXIS2_PLACEMENT_3D('',#3649,#3650,#3651);
#3653=PLANE('',#3652);
#3654=ORIENTED_EDGE('',*,*,#3489,.F.);
#3655=ORIENTED_EDGE('',*,*,#3615,.F.);
#3656=ORIENTED_EDGE('',*,*,#3629,.F.);
#3657=ORIENTED_EDGE('',*,*,#3642,.F.);
#3658=EDGE_LOOP('',(#3654,#3655,#3656,#3657));
#3659=FACE_OUTER_BOUND('',#3658,.F.);
#3660=ADVANCED_FACE('',(#3659),#3653,.T.);
#3661=CARTESIAN_POINT('',(-1.45E0,-4.E-2,9.E-1));
#3662=DIRECTION('',(0.E0,0.E0,-1.E0));
#3663=DIRECTION('',(-1.E0,0.E0,0.E0));
#3664=AXIS2_PLACEMENT_3D('',#3661,#3662,#3663);
#3665=PLANE('',#3664);
#3667=ORIENTED_EDGE('',*,*,#3666,.T.);
#3669=ORIENTED_EDGE('',*,*,#3668,.T.);
#3670=ORIENTED_EDGE('',*,*,#3494,.T.);
#3671=ORIENTED_EDGE('',*,*,#3284,.T.);
#3672=EDGE_LOOP('',(#3667,#3669,#3670,#3671));
#3673=FACE_OUTER_BOUND('',#3672,.F.);
#3674=ADVANCED_FACE('',(#3673),#3665,.T.);
#3675=CARTESIAN_POINT('',(-1.45E0,-4.E-2,8.E-1));
#3676=DIRECTION('',(0.E0,-1.E0,0.E0));
#3677=DIRECTION('',(-1.E0,0.E0,0.E0));
#3678=AXIS2_PLACEMENT_3D('',#3675,#3676,#3677);
#3679=CYLINDRICAL_SURFACE('',#3678,1.E-1);
#3681=ORIENTED_EDGE('',*,*,#3680,.T.);
#3683=ORIENTED_EDGE('',*,*,#3682,.T.);
#3684=ORIENTED_EDGE('',*,*,#3666,.F.);
#3685=ORIENTED_EDGE('',*,*,#3282,.F.);
#3686=EDGE_LOOP('',(#3681,#3683,#3684,#3685));
#3687=FACE_OUTER_BOUND('',#3686,.F.);
#3688=ADVANCED_FACE('',(#3687),#3679,.F.);
#3689=CARTESIAN_POINT('',(-1.75E0,-4.E-2,7.E-1));
#3690=DIRECTION('',(0.E0,0.E0,1.E0));
#3691=DIRECTION('',(1.E0,0.E0,0.E0));
#3692=AXIS2_PLACEMENT_3D('',#3689,#3690,#3691);
#3693=PLANE('',#3692);
#3694=ORIENTED_EDGE('',*,*,#3498,.T.);
#3696=ORIENTED_EDGE('',*,*,#3695,.T.);
#3697=ORIENTED_EDGE('',*,*,#3680,.F.);
#3698=ORIENTED_EDGE('',*,*,#3280,.F.);
#3699=EDGE_LOOP('',(#3694,#3696,#3697,#3698));
#3700=FACE_OUTER_BOUND('',#3699,.F.);
#3701=ADVANCED_FACE('',(#3700),#3693,.T.);
#3702=CARTESIAN_POINT('',(0.E0,1.75E-1,0.E0));
#3703=DIRECTION('',(0.E0,-1.E0,0.E0));
#3704=DIRECTION('',(-1.E0,0.E0,0.E0));
#3705=AXIS2_PLACEMENT_3D('',#3702,#3703,#3704);
#3706=PLANE('',#3705);
#3707=ORIENTED_EDGE('',*,*,#3496,.F.);
#3708=ORIENTED_EDGE('',*,*,#3668,.F.);
#3709=ORIENTED_EDGE('',*,*,#3682,.F.);
#3710=ORIENTED_EDGE('',*,*,#3695,.F.);
#3711=EDGE_LOOP('',(#3707,#3708,#3709,#3710));
#3712=FACE_OUTER_BOUND('',#3711,.F.);
#3713=ADVANCED_FACE('',(#3712),#3706,.T.);
#3714=CARTESIAN_POINT('',(-1.45E0,-4.E-2,5.E-1));
#3715=DIRECTION('',(0.E0,0.E0,-1.E0));
#3716=DIRECTION('',(-1.E0,0.E0,0.E0));
#3717=AXIS2_PLACEMENT_3D('',#3714,#3715,#3716);
#3718=PLANE('',#3717);
#3720=ORIENTED_EDGE('',*,*,#3719,.T.);
#3722=ORIENTED_EDGE('',*,*,#3721,.T.);
#3723=ORIENTED_EDGE('',*,*,#3501,.T.);
#3724=ORIENTED_EDGE('',*,*,#3276,.T.);
#3725=EDGE_LOOP('',(#3720,#3722,#3723,#3724));
#3726=FACE_OUTER_BOUND('',#3725,.F.);
#3727=ADVANCED_FACE('',(#3726),#3718,.T.);
#3728=CARTESIAN_POINT('',(-1.45E0,-4.E-2,4.E-1));
#3729=DIRECTION('',(0.E0,-1.E0,0.E0));
#3730=DIRECTION('',(-1.E0,0.E0,0.E0));
#3731=AXIS2_PLACEMENT_3D('',#3728,#3729,#3730);
#3732=CYLINDRICAL_SURFACE('',#3731,1.E-1);
#3734=ORIENTED_EDGE('',*,*,#3733,.T.);
#3736=ORIENTED_EDGE('',*,*,#3735,.T.);
#3737=ORIENTED_EDGE('',*,*,#3719,.F.);
#3738=ORIENTED_EDGE('',*,*,#3274,.F.);
#3739=EDGE_LOOP('',(#3734,#3736,#3737,#3738));
#3740=FACE_OUTER_BOUND('',#3739,.F.);
#3741=ADVANCED_FACE('',(#3740),#3732,.F.);
#3742=CARTESIAN_POINT('',(-1.75E0,-4.E-2,3.E-1));
#3743=DIRECTION('',(0.E0,0.E0,1.E0));
#3744=DIRECTION('',(1.E0,0.E0,0.E0));
#3745=AXIS2_PLACEMENT_3D('',#3742,#3743,#3744);
#3746=PLANE('',#3745);
#3747=ORIENTED_EDGE('',*,*,#3505,.T.);
#3749=ORIENTED_EDGE('',*,*,#3748,.T.);
#3750=ORIENTED_EDGE('',*,*,#3733,.F.);
#3751=ORIENTED_EDGE('',*,*,#3272,.F.);
#3752=EDGE_LOOP('',(#3747,#3749,#3750,#3751));
#3753=FACE_OUTER_BOUND('',#3752,.F.);
#3754=ADVANCED_FACE('',(#3753),#3746,.T.);
#3755=CARTESIAN_POINT('',(0.E0,1.75E-1,0.E0));
#3756=DIRECTION('',(0.E0,-1.E0,0.E0));
#3757=DIRECTION('',(-1.E0,0.E0,0.E0));
#3758=AXIS2_PLACEMENT_3D('',#3755,#3756,#3757);
#3759=PLANE('',#3758);
#3760=ORIENTED_EDGE('',*,*,#3748,.F.);
#3761=ORIENTED_EDGE('',*,*,#3503,.F.);
#3762=ORIENTED_EDGE('',*,*,#3721,.F.);
#3763=ORIENTED_EDGE('',*,*,#3735,.F.);
#3764=EDGE_LOOP('',(#3760,#3761,#3762,#3763));
#3765=FACE_OUTER_BOUND('',#3764,.F.);
#3766=ADVANCED_FACE('',(#3765),#3759,.T.);
#3767=CARTESIAN_POINT('',(-1.45E0,-4.E-2,1.E-1));
#3768=DIRECTION('',(0.E0,0.E0,-1.E0));
#3769=DIRECTION('',(-1.E0,0.E0,0.E0));
#3770=AXIS2_PLACEMENT_3D('',#3767,#3768,#3769);
#3771=PLANE('',#3770);
#3773=ORIENTED_EDGE('',*,*,#3772,.T.);
#3775=ORIENTED_EDGE('',*,*,#3774,.T.);
#3776=ORIENTED_EDGE('',*,*,#3508,.T.);
#3777=ORIENTED_EDGE('',*,*,#3268,.T.);
#3778=EDGE_LOOP('',(#3773,#3775,#3776,#3777));
#3779=FACE_OUTER_BOUND('',#3778,.F.);
#3780=ADVANCED_FACE('',(#3779),#3771,.T.);
#3781=CARTESIAN_POINT('',(-1.45E0,-4.E-2,0.E0));
#3782=DIRECTION('',(0.E0,-1.E0,0.E0));
#3783=DIRECTION('',(-1.E0,0.E0,0.E0));
#3784=AXIS2_PLACEMENT_3D('',#3781,#3782,#3783);
#3785=CYLINDRICAL_SURFACE('',#3784,1.E-1);
#3787=ORIENTED_EDGE('',*,*,#3786,.T.);
#3789=ORIENTED_EDGE('',*,*,#3788,.T.);
#3790=ORIENTED_EDGE('',*,*,#3772,.F.);
#3791=ORIENTED_EDGE('',*,*,#3266,.F.);
#3792=EDGE_LOOP('',(#3787,#3789,#3790,#3791));
#3793=FACE_OUTER_BOUND('',#3792,.F.);
#3794=ADVANCED_FACE('',(#3793),#3785,.F.);
#3795=CARTESIAN_POINT('',(-1.75E0,-4.E-2,-1.E-1));
#3796=DIRECTION('',(0.E0,0.E0,1.E0));
#3797=DIRECTION('',(1.E0,0.E0,0.E0));
#3798=AXIS2_PLACEMENT_3D('',#3795,#3796,#3797);
#3799=PLANE('',#3798);
#3800=ORIENTED_EDGE('',*,*,#3512,.T.);
#3802=ORIENTED_EDGE('',*,*,#3801,.T.);
#3803=ORIENTED_EDGE('',*,*,#3786,.F.);
#3804=ORIENTED_EDGE('',*,*,#3264,.F.);
#3805=EDGE_LOOP('',(#3800,#3802,#3803,#3804));
#3806=FACE_OUTER_BOUND('',#3805,.F.);
#3807=ADVANCED_FACE('',(#3806),#3799,.T.);
#3808=CARTESIAN_POINT('',(0.E0,1.75E-1,0.E0));
#3809=DIRECTION('',(0.E0,-1.E0,0.E0));
#3810=DIRECTION('',(-1.E0,0.E0,0.E0));
#3811=AXIS2_PLACEMENT_3D('',#3808,#3809,#3810);
#3812=PLANE('',#3811);
#3813=ORIENTED_EDGE('',*,*,#3510,.F.);
#3814=ORIENTED_EDGE('',*,*,#3774,.F.);
#3815=ORIENTED_EDGE('',*,*,#3788,.F.);
#3816=ORIENTED_EDGE('',*,*,#3801,.F.);
#3817=EDGE_LOOP('',(#3813,#3814,#3815,#3816));
#3818=FACE_OUTER_BOUND('',#3817,.F.);
#3819=ADVANCED_FACE('',(#3818),#3812,.T.);
#3820=CARTESIAN_POINT('',(-1.45E0,-4.E-2,-3.E-1));
#3821=DIRECTION('',(0.E0,0.E0,-1.E0));
#3822=DIRECTION('',(-1.E0,0.E0,0.E0));
#3823=AXIS2_PLACEMENT_3D('',#3820,#3821,#3822);
#3824=PLANE('',#3823);
#3826=ORIENTED_EDGE('',*,*,#3825,.T.);
#3828=ORIENTED_EDGE('',*,*,#3827,.T.);
#3829=ORIENTED_EDGE('',*,*,#3515,.T.);
#3830=ORIENTED_EDGE('',*,*,#3260,.T.);
#3831=EDGE_LOOP('',(#3826,#3828,#3829,#3830));
#3832=FACE_OUTER_BOUND('',#3831,.F.);
#3833=ADVANCED_FACE('',(#3832),#3824,.T.);
#3834=CARTESIAN_POINT('',(-1.45E0,-4.E-2,-4.E-1));
#3835=DIRECTION('',(0.E0,-1.E0,0.E0));
#3836=DIRECTION('',(-1.E0,0.E0,0.E0));
#3837=AXIS2_PLACEMENT_3D('',#3834,#3835,#3836);
#3838=CYLINDRICAL_SURFACE('',#3837,1.E-1);
#3840=ORIENTED_EDGE('',*,*,#3839,.T.);
#3842=ORIENTED_EDGE('',*,*,#3841,.T.);
#3843=ORIENTED_EDGE('',*,*,#3825,.F.);
#3844=ORIENTED_EDGE('',*,*,#3258,.F.);
#3845=EDGE_LOOP('',(#3840,#3842,#3843,#3844));
#3846=FACE_OUTER_BOUND('',#3845,.F.);
#3847=ADVANCED_FACE('',(#3846),#3838,.F.);
#3848=CARTESIAN_POINT('',(-1.75E0,-4.E-2,-5.E-1));
#3849=DIRECTION('',(0.E0,0.E0,1.E0));
#3850=DIRECTION('',(1.E0,0.E0,0.E0));
#3851=AXIS2_PLACEMENT_3D('',#3848,#3849,#3850);
#3852=PLANE('',#3851);
#3853=ORIENTED_EDGE('',*,*,#3519,.T.);
#3855=ORIENTED_EDGE('',*,*,#3854,.T.);
#3856=ORIENTED_EDGE('',*,*,#3839,.F.);
#3857=ORIENTED_EDGE('',*,*,#3256,.F.);
#3858=EDGE_LOOP('',(#3853,#3855,#3856,#3857));
#3859=FACE_OUTER_BOUND('',#3858,.F.);
#3860=ADVANCED_FACE('',(#3859),#3852,.T.);
#3861=CARTESIAN_POINT('',(0.E0,1.75E-1,0.E0));
#3862=DIRECTION('',(0.E0,-1.E0,0.E0));
#3863=DIRECTION('',(-1.E0,0.E0,0.E0));
#3864=AXIS2_PLACEMENT_3D('',#3861,#3862,#3863);
#3865=PLANE('',#3864);
#3866=ORIENTED_EDGE('',*,*,#3517,.F.);
#3867=ORIENTED_EDGE('',*,*,#3827,.F.);
#3868=ORIENTED_EDGE('',*,*,#3841,.F.);
#3869=ORIENTED_EDGE('',*,*,#3854,.F.);
#3870=EDGE_LOOP('',(#3866,#3867,#3868,#3869));
#3871=FACE_OUTER_BOUND('',#3870,.F.);
#3872=ADVANCED_FACE('',(#3871),#3865,.T.);
#3873=CARTESIAN_POINT('',(-1.45E0,-4.E-2,-7.E-1));
#3874=DIRECTION('',(0.E0,0.E0,-1.E0));
#3875=DIRECTION('',(-1.E0,0.E0,0.E0));
#3876=AXIS2_PLACEMENT_3D('',#3873,#3874,#3875);
#3877=PLANE('',#3876);
#3879=ORIENTED_EDGE('',*,*,#3878,.T.);
#3881=ORIENTED_EDGE('',*,*,#3880,.T.);
#3882=ORIENTED_EDGE('',*,*,#3522,.T.);
#3883=ORIENTED_EDGE('',*,*,#3252,.T.);
#3884=EDGE_LOOP('',(#3879,#3881,#3882,#3883));
#3885=FACE_OUTER_BOUND('',#3884,.F.);
#3886=ADVANCED_FACE('',(#3885),#3877,.T.);
#3887=CARTESIAN_POINT('',(-1.45E0,-4.E-2,-8.E-1));
#3888=DIRECTION('',(0.E0,-1.E0,0.E0));
#3889=DIRECTION('',(-1.E0,0.E0,0.E0));
#3890=AXIS2_PLACEMENT_3D('',#3887,#3888,#3889);
#3891=CYLINDRICAL_SURFACE('',#3890,1.E-1);
#3893=ORIENTED_EDGE('',*,*,#3892,.T.);
#3895=ORIENTED_EDGE('',*,*,#3894,.T.);
#3896=ORIENTED_EDGE('',*,*,#3878,.F.);
#3897=ORIENTED_EDGE('',*,*,#3250,.F.);
#3898=EDGE_LOOP('',(#3893,#3895,#3896,#3897));
#3899=FACE_OUTER_BOUND('',#3898,.F.);
#3900=ADVANCED_FACE('',(#3899),#3891,.F.);
#3901=CARTESIAN_POINT('',(-1.75E0,-4.E-2,-9.E-1));
#3902=DIRECTION('',(0.E0,0.E0,1.E0));
#3903=DIRECTION('',(1.E0,0.E0,0.E0));
#3904=AXIS2_PLACEMENT_3D('',#3901,#3902,#3903);
#3905=PLANE('',#3904);
#3906=ORIENTED_EDGE('',*,*,#3526,.T.);
#3908=ORIENTED_EDGE('',*,*,#3907,.T.);
#3909=ORIENTED_EDGE('',*,*,#3892,.F.);
#3910=ORIENTED_EDGE('',*,*,#3248,.F.);
#3911=EDGE_LOOP('',(#3906,#3908,#3909,#3910));
#3912=FACE_OUTER_BOUND('',#3911,.F.);
#3913=ADVANCED_FACE('',(#3912),#3905,.T.);
#3914=CARTESIAN_POINT('',(0.E0,1.75E-1,0.E0));
#3915=DIRECTION('',(0.E0,-1.E0,0.E0));
#3916=DIRECTION('',(-1.E0,0.E0,0.E0));
#3917=AXIS2_PLACEMENT_3D('',#3914,#3915,#3916);
#3918=PLANE('',#3917);
#3919=ORIENTED_EDGE('',*,*,#3524,.F.);
#3920=ORIENTED_EDGE('',*,*,#3880,.F.);
#3921=ORIENTED_EDGE('',*,*,#3894,.F.);
#3922=ORIENTED_EDGE('',*,*,#3907,.F.);
#3923=EDGE_LOOP('',(#3919,#3920,#3921,#3922));
#3924=FACE_OUTER_BOUND('',#3923,.F.);
#3925=ADVANCED_FACE('',(#3924),#3918,.T.);
#3926=CARTESIAN_POINT('',(-1.45E0,-4.E-2,-1.1E0));
#3927=DIRECTION('',(0.E0,0.E0,-1.E0));
#3928=DIRECTION('',(-1.E0,0.E0,0.E0));
#3929=AXIS2_PLACEMENT_3D('',#3926,#3927,#3928);
#3930=PLANE('',#3929);
#3932=ORIENTED_EDGE('',*,*,#3931,.T.);
#3934=ORIENTED_EDGE('',*,*,#3933,.T.);
#3935=ORIENTED_EDGE('',*,*,#3529,.T.);
#3936=ORIENTED_EDGE('',*,*,#3244,.T.);
#3937=EDGE_LOOP('',(#3932,#3934,#3935,#3936));
#3938=FACE_OUTER_BOUND('',#3937,.F.);
#3939=ADVANCED_FACE('',(#3938),#3930,.T.);
#3940=CARTESIAN_POINT('',(-1.45E0,-4.E-2,-1.2E0));
#3941=DIRECTION('',(0.E0,-1.E0,0.E0));
#3942=DIRECTION('',(-1.E0,0.E0,0.E0));
#3943=AXIS2_PLACEMENT_3D('',#3940,#3941,#3942);
#3944=CYLINDRICAL_SURFACE('',#3943,1.E-1);
#3946=ORIENTED_EDGE('',*,*,#3945,.T.);
#3948=ORIENTED_EDGE('',*,*,#3947,.T.);
#3949=ORIENTED_EDGE('',*,*,#3931,.F.);
#3950=ORIENTED_EDGE('',*,*,#3242,.F.);
#3951=EDGE_LOOP('',(#3946,#3948,#3949,#3950));
#3952=FACE_OUTER_BOUND('',#3951,.F.);
#3953=ADVANCED_FACE('',(#3952),#3944,.F.);
#3954=CARTESIAN_POINT('',(-1.75E0,-4.E-2,-1.3E0));
#3955=DIRECTION('',(0.E0,0.E0,1.E0));
#3956=DIRECTION('',(1.E0,0.E0,0.E0));
#3957=AXIS2_PLACEMENT_3D('',#3954,#3955,#3956);
#3958=PLANE('',#3957);
#3959=ORIENTED_EDGE('',*,*,#3533,.T.);
#3961=ORIENTED_EDGE('',*,*,#3960,.T.);
#3962=ORIENTED_EDGE('',*,*,#3945,.F.);
#3963=ORIENTED_EDGE('',*,*,#3240,.F.);
#3964=EDGE_LOOP('',(#3959,#3961,#3962,#3963));
#3965=FACE_OUTER_BOUND('',#3964,.F.);
#3966=ADVANCED_FACE('',(#3965),#3958,.T.);
#3967=CARTESIAN_POINT('',(0.E0,1.75E-1,0.E0));
#3968=DIRECTION('',(0.E0,-1.E0,0.E0));
#3969=DIRECTION('',(-1.E0,0.E0,0.E0));
#3970=AXIS2_PLACEMENT_3D('',#3967,#3968,#3969);
#3971=PLANE('',#3970);
#3972=ORIENTED_EDGE('',*,*,#3531,.F.);
#3973=ORIENTED_EDGE('',*,*,#3933,.F.);
#3974=ORIENTED_EDGE('',*,*,#3947,.F.);
#3975=ORIENTED_EDGE('',*,*,#3960,.F.);
#3976=EDGE_LOOP('',(#3972,#3973,#3974,#3975));
#3977=FACE_OUTER_BOUND('',#3976,.F.);
#3978=ADVANCED_FACE('',(#3977),#3971,.T.);
#3979=CARTESIAN_POINT('',(-1.45E0,-4.E-2,-1.5E0));
#3980=DIRECTION('',(0.E0,0.E0,-1.E0));
#3981=DIRECTION('',(-1.E0,0.E0,0.E0));
#3982=AXIS2_PLACEMENT_3D('',#3979,#3980,#3981);
#3983=PLANE('',#3982);
#3985=ORIENTED_EDGE('',*,*,#3984,.T.);
#3987=ORIENTED_EDGE('',*,*,#3986,.T.);
#3988=ORIENTED_EDGE('',*,*,#3536,.T.);
#3989=ORIENTED_EDGE('',*,*,#3236,.T.);
#3990=EDGE_LOOP('',(#3985,#3987,#3988,#3989));
#3991=FACE_OUTER_BOUND('',#3990,.F.);
#3992=ADVANCED_FACE('',(#3991),#3983,.T.);
#3993=CARTESIAN_POINT('',(-1.45E0,-4.E-2,-1.6E0));
#3994=DIRECTION('',(0.E0,-1.E0,0.E0));
#3995=DIRECTION('',(-1.E0,0.E0,0.E0));
#3996=AXIS2_PLACEMENT_3D('',#3993,#3994,#3995);
#3997=CYLINDRICAL_SURFACE('',#3996,1.E-1);
#3999=ORIENTED_EDGE('',*,*,#3998,.T.);
#4001=ORIENTED_EDGE('',*,*,#4000,.T.);
#4002=ORIENTED_EDGE('',*,*,#3984,.F.);
#4003=ORIENTED_EDGE('',*,*,#3234,.F.);
#4004=EDGE_LOOP('',(#3999,#4001,#4002,#4003));
#4005=FACE_OUTER_BOUND('',#4004,.F.);
#4006=ADVANCED_FACE('',(#4005),#3997,.F.);
#4007=CARTESIAN_POINT('',(-1.75E0,-4.E-2,-1.7E0));
#4008=DIRECTION('',(0.E0,0.E0,1.E0));
#4009=DIRECTION('',(1.E0,0.E0,0.E0));
#4010=AXIS2_PLACEMENT_3D('',#4007,#4008,#4009);
#4011=PLANE('',#4010);
#4012=ORIENTED_EDGE('',*,*,#3540,.T.);
#4014=ORIENTED_EDGE('',*,*,#4013,.T.);
#4015=ORIENTED_EDGE('',*,*,#3998,.F.);
#4016=ORIENTED_EDGE('',*,*,#3232,.F.);
#4017=EDGE_LOOP('',(#4012,#4014,#4015,#4016));
#4018=FACE_OUTER_BOUND('',#4017,.F.);
#4019=ADVANCED_FACE('',(#4018),#4011,.T.);
#4020=CARTESIAN_POINT('',(0.E0,1.75E-1,0.E0));
#4021=DIRECTION('',(0.E0,-1.E0,0.E0));
#4022=DIRECTION('',(-1.E0,0.E0,0.E0));
#4023=AXIS2_PLACEMENT_3D('',#4020,#4021,#4022);
#4024=PLANE('',#4023);
#4025=ORIENTED_EDGE('',*,*,#3538,.F.);
#4026=ORIENTED_EDGE('',*,*,#3986,.F.);
#4027=ORIENTED_EDGE('',*,*,#4000,.F.);
#4028=ORIENTED_EDGE('',*,*,#4013,.F.);
#4029=EDGE_LOOP('',(#4025,#4026,#4027,#4028));
#4030=FACE_OUTER_BOUND('',#4029,.F.);
#4031=ADVANCED_FACE('',(#4030),#4024,.T.);
#4032=CARTESIAN_POINT('',(1.75E0,0.E0,-2.25E0));
#4033=DIRECTION('',(0.E0,0.E0,-1.E0));
#4034=DIRECTION('',(-1.E0,0.E0,0.E0));
#4035=AXIS2_PLACEMENT_3D('',#4032,#4033,#4034);
#4036=PLANE('',#4035);
#4038=ORIENTED_EDGE('',*,*,#4037,.T.);
#4040=ORIENTED_EDGE('',*,*,#4039,.F.);
#4041=ORIENTED_EDGE('',*,*,#3452,.F.);
#4043=ORIENTED_EDGE('',*,*,#4042,.F.);
#4045=ORIENTED_EDGE('',*,*,#4044,.T.);
#4047=ORIENTED_EDGE('',*,*,#4046,.F.);
#4048=ORIENTED_EDGE('',*,*,#3444,.F.);
#4050=ORIENTED_EDGE('',*,*,#4049,.F.);
#4052=ORIENTED_EDGE('',*,*,#4051,.T.);
#4054=ORIENTED_EDGE('',*,*,#4053,.F.);
#4055=ORIENTED_EDGE('',*,*,#3436,.F.);
#4057=ORIENTED_EDGE('',*,*,#4056,.F.);
#4059=ORIENTED_EDGE('',*,*,#4058,.T.);
#4061=ORIENTED_EDGE('',*,*,#4060,.F.);
#4062=ORIENTED_EDGE('',*,*,#3428,.F.);
#4064=ORIENTED_EDGE('',*,*,#4063,.F.);
#4066=ORIENTED_EDGE('',*,*,#4065,.T.);
#4068=ORIENTED_EDGE('',*,*,#4067,.F.);
#4069=ORIENTED_EDGE('',*,*,#3420,.F.);
#4071=ORIENTED_EDGE('',*,*,#4070,.T.);
#4073=ORIENTED_EDGE('',*,*,#4072,.T.);
#4074=ORIENTED_EDGE('',*,*,#3543,.F.);
#4075=ORIENTED_EDGE('',*,*,#3460,.F.);
#4077=ORIENTED_EDGE('',*,*,#4076,.F.);
#4078=EDGE_LOOP('',(#4038,#4040,#4041,#4043,#4045,#4047,#4048,#4050,#4052,#4054,
#4055,#4057,#4059,#4061,#4062,#4064,#4066,#4068,#4069,#4071,#4073,#4074,#4075,
#4077));
#4079=FACE_OUTER_BOUND('',#4078,.F.);
#4080=ADVANCED_FACE('',(#4079),#4036,.T.);
#4081=CARTESIAN_POINT('',(0.E0,1.75E-1,0.E0));
#4082=DIRECTION('',(0.E0,1.E0,0.E0));
#4083=DIRECTION('',(1.E0,0.E0,0.E0));
#4084=AXIS2_PLACEMENT_3D('',#4081,#4082,#4083);
#4085=PLANE('',#4084);
#4086=ORIENTED_EDGE('',*,*,#4037,.F.);
#4088=ORIENTED_EDGE('',*,*,#4087,.T.);
#4090=ORIENTED_EDGE('',*,*,#4089,.T.);
#4092=ORIENTED_EDGE('',*,*,#4091,.T.);
#4093=EDGE_LOOP('',(#4086,#4088,#4090,#4092));
#4094=FACE_OUTER_BOUND('',#4093,.F.);
#4095=ADVANCED_FACE('',(#4094),#4085,.F.);
#4096=CARTESIAN_POINT('',(-9.E-1,-4.E-2,-2.25E0));
#4097=DIRECTION('',(-1.E0,0.E0,0.E0));
#4098=DIRECTION('',(0.E0,0.E0,1.E0));
#4099=AXIS2_PLACEMENT_3D('',#4096,#4097,#4098);
#4100=PLANE('',#4099);
#4102=ORIENTED_EDGE('',*,*,#4101,.F.);
#4103=ORIENTED_EDGE('',*,*,#4087,.F.);
#4104=ORIENTED_EDGE('',*,*,#4076,.T.);
#4105=ORIENTED_EDGE('',*,*,#3458,.T.);
#4106=EDGE_LOOP('',(#4102,#4103,#4104,#4105));
#4107=FACE_OUTER_BOUND('',#4106,.F.);
#4108=ADVANCED_FACE('',(#4107),#4100,.F.);
#4109=CARTESIAN_POINT('',(-8.E-1,-4.E-2,-1.95E0));
#4110=DIRECTION('',(0.E0,1.E0,0.E0));
#4111=DIRECTION('',(1.E0,0.E0,0.E0));
#4112=AXIS2_PLACEMENT_3D('',#4109,#4110,#4111);
#4113=CYLINDRICAL_SURFACE('',#4112,1.E-1);
#4115=ORIENTED_EDGE('',*,*,#4114,.F.);
#4116=ORIENTED_EDGE('',*,*,#4089,.F.);
#4117=ORIENTED_EDGE('',*,*,#4101,.T.);
#4118=ORIENTED_EDGE('',*,*,#3456,.T.);
#4119=EDGE_LOOP('',(#4115,#4116,#4117,#4118));
#4120=FACE_OUTER_BOUND('',#4119,.F.);
#4121=ADVANCED_FACE('',(#4120),#4113,.F.);
#4122=CARTESIAN_POINT('',(-7.E-1,-4.E-2,-1.95E0));
#4123=DIRECTION('',(1.E0,0.E0,0.E0));
#4124=DIRECTION('',(0.E0,0.E0,-1.E0));
#4125=AXIS2_PLACEMENT_3D('',#4122,#4123,#4124);
#4126=PLANE('',#4125);
#4127=ORIENTED_EDGE('',*,*,#4039,.T.);
#4128=ORIENTED_EDGE('',*,*,#4091,.F.);
#4129=ORIENTED_EDGE('',*,*,#4114,.T.);
#4130=ORIENTED_EDGE('',*,*,#3454,.F.);
#4131=EDGE_LOOP('',(#4127,#4128,#4129,#4130));
#4132=FACE_OUTER_BOUND('',#4131,.F.);
#4133=ADVANCED_FACE('',(#4132),#4126,.F.);
#4134=CARTESIAN_POINT('',(-5.E-1,-4.E-2,-2.25E0));
#4135=DIRECTION('',(-1.E0,0.E0,0.E0));
#4136=DIRECTION('',(0.E0,0.E0,1.E0));
#4137=AXIS2_PLACEMENT_3D('',#4134,#4135,#4136);
#4138=PLANE('',#4137);
#4140=ORIENTED_EDGE('',*,*,#4139,.F.);
#4142=ORIENTED_EDGE('',*,*,#4141,.F.);
#4143=ORIENTED_EDGE('',*,*,#4042,.T.);
#4144=ORIENTED_EDGE('',*,*,#3450,.T.);
#4145=EDGE_LOOP('',(#4140,#4142,#4143,#4144));
#4146=FACE_OUTER_BOUND('',#4145,.F.);
#4147=ADVANCED_FACE('',(#4146),#4138,.F.);
#4148=CARTESIAN_POINT('',(-4.E-1,-4.E-2,-1.95E0));
#4149=DIRECTION('',(0.E0,1.E0,0.E0));
#4150=DIRECTION('',(1.E0,0.E0,0.E0));
#4151=AXIS2_PLACEMENT_3D('',#4148,#4149,#4150);
#4152=CYLINDRICAL_SURFACE('',#4151,1.E-1);
#4154=ORIENTED_EDGE('',*,*,#4153,.F.);
#4156=ORIENTED_EDGE('',*,*,#4155,.F.);
#4157=ORIENTED_EDGE('',*,*,#4139,.T.);
#4158=ORIENTED_EDGE('',*,*,#3448,.T.);
#4159=EDGE_LOOP('',(#4154,#4156,#4157,#4158));
#4160=FACE_OUTER_BOUND('',#4159,.F.);
#4161=ADVANCED_FACE('',(#4160),#4152,.F.);
#4162=CARTESIAN_POINT('',(-3.E-1,-4.E-2,-1.95E0));
#4163=DIRECTION('',(1.E0,0.E0,0.E0));
#4164=DIRECTION('',(0.E0,0.E0,-1.E0));
#4165=AXIS2_PLACEMENT_3D('',#4162,#4163,#4164);
#4166=PLANE('',#4165);
#4167=ORIENTED_EDGE('',*,*,#4046,.T.);
#4169=ORIENTED_EDGE('',*,*,#4168,.F.);
#4170=ORIENTED_EDGE('',*,*,#4153,.T.);
#4171=ORIENTED_EDGE('',*,*,#3446,.F.);
#4172=EDGE_LOOP('',(#4167,#4169,#4170,#4171));
#4173=FACE_OUTER_BOUND('',#4172,.F.);
#4174=ADVANCED_FACE('',(#4173),#4166,.F.);
#4175=CARTESIAN_POINT('',(0.E0,1.75E-1,0.E0));
#4176=DIRECTION('',(0.E0,1.E0,0.E0));
#4177=DIRECTION('',(1.E0,0.E0,0.E0));
#4178=AXIS2_PLACEMENT_3D('',#4175,#4176,#4177);
#4179=PLANE('',#4178);
#4180=ORIENTED_EDGE('',*,*,#4044,.F.);
#4181=ORIENTED_EDGE('',*,*,#4141,.T.);
#4182=ORIENTED_EDGE('',*,*,#4155,.T.);
#4183=ORIENTED_EDGE('',*,*,#4168,.T.);
#4184=EDGE_LOOP('',(#4180,#4181,#4182,#4183));
#4185=FACE_OUTER_BOUND('',#4184,.F.);
#4186=ADVANCED_FACE('',(#4185),#4179,.F.);
#4187=CARTESIAN_POINT('',(-1.E-1,-4.E-2,-2.25E0));
#4188=DIRECTION('',(-1.E0,0.E0,0.E0));
#4189=DIRECTION('',(0.E0,0.E0,1.E0));
#4190=AXIS2_PLACEMENT_3D('',#4187,#4188,#4189);
#4191=PLANE('',#4190);
#4193=ORIENTED_EDGE('',*,*,#4192,.F.);
#4195=ORIENTED_EDGE('',*,*,#4194,.F.);
#4196=ORIENTED_EDGE('',*,*,#4049,.T.);
#4197=ORIENTED_EDGE('',*,*,#3442,.T.);
#4198=EDGE_LOOP('',(#4193,#4195,#4196,#4197));
#4199=FACE_OUTER_BOUND('',#4198,.F.);
#4200=ADVANCED_FACE('',(#4199),#4191,.F.);
#4201=CARTESIAN_POINT('',(0.E0,-4.E-2,-1.95E0));
#4202=DIRECTION('',(0.E0,1.E0,0.E0));
#4203=DIRECTION('',(1.E0,0.E0,0.E0));
#4204=AXIS2_PLACEMENT_3D('',#4201,#4202,#4203);
#4205=CYLINDRICAL_SURFACE('',#4204,1.E-1);
#4207=ORIENTED_EDGE('',*,*,#4206,.F.);
#4209=ORIENTED_EDGE('',*,*,#4208,.F.);
#4210=ORIENTED_EDGE('',*,*,#4192,.T.);
#4211=ORIENTED_EDGE('',*,*,#3440,.T.);
#4212=EDGE_LOOP('',(#4207,#4209,#4210,#4211));
#4213=FACE_OUTER_BOUND('',#4212,.F.);
#4214=ADVANCED_FACE('',(#4213),#4205,.F.);
#4215=CARTESIAN_POINT('',(1.E-1,-4.E-2,-1.95E0));
#4216=DIRECTION('',(1.E0,0.E0,0.E0));
#4217=DIRECTION('',(0.E0,0.E0,-1.E0));
#4218=AXIS2_PLACEMENT_3D('',#4215,#4216,#4217);
#4219=PLANE('',#4218);
#4220=ORIENTED_EDGE('',*,*,#4053,.T.);
#4222=ORIENTED_EDGE('',*,*,#4221,.F.);
#4223=ORIENTED_EDGE('',*,*,#4206,.T.);
#4224=ORIENTED_EDGE('',*,*,#3438,.F.);
#4225=EDGE_LOOP('',(#4220,#4222,#4223,#4224));
#4226=FACE_OUTER_BOUND('',#4225,.F.);
#4227=ADVANCED_FACE('',(#4226),#4219,.F.);
#4228=CARTESIAN_POINT('',(0.E0,1.75E-1,0.E0));
#4229=DIRECTION('',(0.E0,1.E0,0.E0));
#4230=DIRECTION('',(1.E0,0.E0,0.E0));
#4231=AXIS2_PLACEMENT_3D('',#4228,#4229,#4230);
#4232=PLANE('',#4231);
#4233=ORIENTED_EDGE('',*,*,#4051,.F.);
#4234=ORIENTED_EDGE('',*,*,#4194,.T.);
#4235=ORIENTED_EDGE('',*,*,#4208,.T.);
#4236=ORIENTED_EDGE('',*,*,#4221,.T.);
#4237=EDGE_LOOP('',(#4233,#4234,#4235,#4236));
#4238=FACE_OUTER_BOUND('',#4237,.F.);
#4239=ADVANCED_FACE('',(#4238),#4232,.F.);
#4240=CARTESIAN_POINT('',(3.E-1,-4.E-2,-2.25E0));
#4241=DIRECTION('',(-1.E0,0.E0,0.E0));
#4242=DIRECTION('',(0.E0,0.E0,1.E0));
#4243=AXIS2_PLACEMENT_3D('',#4240,#4241,#4242);
#4244=PLANE('',#4243);
#4246=ORIENTED_EDGE('',*,*,#4245,.F.);
#4248=ORIENTED_EDGE('',*,*,#4247,.F.);
#4249=ORIENTED_EDGE('',*,*,#4056,.T.);
#4250=ORIENTED_EDGE('',*,*,#3434,.T.);
#4251=EDGE_LOOP('',(#4246,#4248,#4249,#4250));
#4252=FACE_OUTER_BOUND('',#4251,.F.);
#4253=ADVANCED_FACE('',(#4252),#4244,.F.);
#4254=CARTESIAN_POINT('',(4.E-1,-4.E-2,-1.95E0));
#4255=DIRECTION('',(0.E0,1.E0,0.E0));
#4256=DIRECTION('',(1.E0,0.E0,0.E0));
#4257=AXIS2_PLACEMENT_3D('',#4254,#4255,#4256);
#4258=CYLINDRICAL_SURFACE('',#4257,1.E-1);
#4260=ORIENTED_EDGE('',*,*,#4259,.F.);
#4262=ORIENTED_EDGE('',*,*,#4261,.F.);
#4263=ORIENTED_EDGE('',*,*,#4245,.T.);
#4264=ORIENTED_EDGE('',*,*,#3432,.T.);
#4265=EDGE_LOOP('',(#4260,#4262,#4263,#4264));
#4266=FACE_OUTER_BOUND('',#4265,.F.);
#4267=ADVANCED_FACE('',(#4266),#4258,.F.);
#4268=CARTESIAN_POINT('',(5.E-1,-4.E-2,-1.95E0));
#4269=DIRECTION('',(1.E0,0.E0,0.E0));
#4270=DIRECTION('',(0.E0,0.E0,-1.E0));
#4271=AXIS2_PLACEMENT_3D('',#4268,#4269,#4270);
#4272=PLANE('',#4271);
#4273=ORIENTED_EDGE('',*,*,#4060,.T.);
#4275=ORIENTED_EDGE('',*,*,#4274,.F.);
#4276=ORIENTED_EDGE('',*,*,#4259,.T.);
#4277=ORIENTED_EDGE('',*,*,#3430,.F.);
#4278=EDGE_LOOP('',(#4273,#4275,#4276,#4277));
#4279=FACE_OUTER_BOUND('',#4278,.F.);
#4280=ADVANCED_FACE('',(#4279),#4272,.F.);
#4281=CARTESIAN_POINT('',(0.E0,1.75E-1,0.E0));
#4282=DIRECTION('',(0.E0,1.E0,0.E0));
#4283=DIRECTION('',(1.E0,0.E0,0.E0));
#4284=AXIS2_PLACEMENT_3D('',#4281,#4282,#4283);
#4285=PLANE('',#4284);
#4286=ORIENTED_EDGE('',*,*,#4247,.T.);
#4287=ORIENTED_EDGE('',*,*,#4261,.T.);
#4288=ORIENTED_EDGE('',*,*,#4274,.T.);
#4289=ORIENTED_EDGE('',*,*,#4058,.F.);
#4290=EDGE_LOOP('',(#4286,#4287,#4288,#4289));
#4291=FACE_OUTER_BOUND('',#4290,.F.);
#4292=ADVANCED_FACE('',(#4291),#4285,.F.);
#4293=CARTESIAN_POINT('',(7.E-1,-4.E-2,-2.25E0));
#4294=DIRECTION('',(-1.E0,0.E0,0.E0));
#4295=DIRECTION('',(0.E0,0.E0,1.E0));
#4296=AXIS2_PLACEMENT_3D('',#4293,#4294,#4295);
#4297=PLANE('',#4296);
#4299=ORIENTED_EDGE('',*,*,#4298,.F.);
#4301=ORIENTED_EDGE('',*,*,#4300,.F.);
#4302=ORIENTED_EDGE('',*,*,#4063,.T.);
#4303=ORIENTED_EDGE('',*,*,#3426,.T.);
#4304=EDGE_LOOP('',(#4299,#4301,#4302,#4303));
#4305=FACE_OUTER_BOUND('',#4304,.F.);
#4306=ADVANCED_FACE('',(#4305),#4297,.F.);
#4307=CARTESIAN_POINT('',(8.E-1,-4.E-2,-1.95E0));
#4308=DIRECTION('',(0.E0,1.E0,0.E0));
#4309=DIRECTION('',(1.E0,0.E0,0.E0));
#4310=AXIS2_PLACEMENT_3D('',#4307,#4308,#4309);
#4311=CYLINDRICAL_SURFACE('',#4310,1.E-1);
#4313=ORIENTED_EDGE('',*,*,#4312,.F.);
#4315=ORIENTED_EDGE('',*,*,#4314,.F.);
#4316=ORIENTED_EDGE('',*,*,#4298,.T.);
#4317=ORIENTED_EDGE('',*,*,#3424,.T.);
#4318=EDGE_LOOP('',(#4313,#4315,#4316,#4317));
#4319=FACE_OUTER_BOUND('',#4318,.F.);
#4320=ADVANCED_FACE('',(#4319),#4311,.F.);
#4321=CARTESIAN_POINT('',(9.E-1,-4.E-2,-1.95E0));
#4322=DIRECTION('',(1.E0,0.E0,0.E0));
#4323=DIRECTION('',(0.E0,0.E0,-1.E0));
#4324=AXIS2_PLACEMENT_3D('',#4321,#4322,#4323);
#4325=PLANE('',#4324);
#4326=ORIENTED_EDGE('',*,*,#4067,.T.);
#4328=ORIENTED_EDGE('',*,*,#4327,.F.);
#4329=ORIENTED_EDGE('',*,*,#4312,.T.);
#4330=ORIENTED_EDGE('',*,*,#3422,.F.);
#4331=EDGE_LOOP('',(#4326,#4328,#4329,#4330));
#4332=FACE_OUTER_BOUND('',#4331,.F.);
#4333=ADVANCED_FACE('',(#4332),#4325,.F.);
#4334=CARTESIAN_POINT('',(0.E0,1.75E-1,0.E0));
#4335=DIRECTION('',(0.E0,1.E0,0.E0));
#4336=DIRECTION('',(1.E0,0.E0,0.E0));
#4337=AXIS2_PLACEMENT_3D('',#4334,#4335,#4336);
#4338=PLANE('',#4337);
#4339=ORIENTED_EDGE('',*,*,#4065,.F.);
#4340=ORIENTED_EDGE('',*,*,#4300,.T.);
#4341=ORIENTED_EDGE('',*,*,#4314,.T.);
#4342=ORIENTED_EDGE('',*,*,#4327,.T.);
#4343=EDGE_LOOP('',(#4339,#4340,#4341,#4342));
#4344=FACE_OUTER_BOUND('',#4343,.F.);
#4345=ADVANCED_FACE('',(#4344),#4338,.F.);
#4346=CARTESIAN_POINT('',(1.75E0,0.E0,2.25E0));
#4347=DIRECTION('',(1.E0,0.E0,0.E0));
#4348=DIRECTION('',(0.E0,0.E0,-1.E0));
#4349=AXIS2_PLACEMENT_3D('',#4346,#4347,#4348);
#4350=PLANE('',#4349);
#4352=ORIENTED_EDGE('',*,*,#4351,.F.);
#4354=ORIENTED_EDGE('',*,*,#4353,.F.);
#4356=ORIENTED_EDGE('',*,*,#4355,.F.);
#4357=ORIENTED_EDGE('',*,*,#3346,.F.);
#4359=ORIENTED_EDGE('',*,*,#4358,.T.);
#4361=ORIENTED_EDGE('',*,*,#4360,.T.);
#4362=ORIENTED_EDGE('',*,*,#4070,.F.);
#4363=ORIENTED_EDGE('',*,*,#3418,.F.);
#4365=ORIENTED_EDGE('',*,*,#4364,.F.);
#4367=ORIENTED_EDGE('',*,*,#4366,.F.);
#4369=ORIENTED_EDGE('',*,*,#4368,.F.);
#4370=ORIENTED_EDGE('',*,*,#3410,.F.);
#4372=ORIENTED_EDGE('',*,*,#4371,.F.);
#4374=ORIENTED_EDGE('',*,*,#4373,.F.);
#4376=ORIENTED_EDGE('',*,*,#4375,.F.);
#4377=ORIENTED_EDGE('',*,*,#3402,.F.);
#4379=ORIENTED_EDGE('',*,*,#4378,.F.);
#4381=ORIENTED_EDGE('',*,*,#4380,.F.);
#4383=ORIENTED_EDGE('',*,*,#4382,.F.);
#4384=ORIENTED_EDGE('',*,*,#3394,.F.);
#4386=ORIENTED_EDGE('',*,*,#4385,.F.);
#4388=ORIENTED_EDGE('',*,*,#4387,.F.);
#4390=ORIENTED_EDGE('',*,*,#4389,.F.);
#4391=ORIENTED_EDGE('',*,*,#3386,.F.);
#4393=ORIENTED_EDGE('',*,*,#4392,.F.);
#4395=ORIENTED_EDGE('',*,*,#4394,.F.);
#4397=ORIENTED_EDGE('',*,*,#4396,.F.);
#4398=ORIENTED_EDGE('',*,*,#3378,.F.);
#4400=ORIENTED_EDGE('',*,*,#4399,.F.);
#4402=ORIENTED_EDGE('',*,*,#4401,.F.);
#4404=ORIENTED_EDGE('',*,*,#4403,.F.);
#4405=ORIENTED_EDGE('',*,*,#3370,.F.);
#4407=ORIENTED_EDGE('',*,*,#4406,.F.);
#4409=ORIENTED_EDGE('',*,*,#4408,.F.);
#4411=ORIENTED_EDGE('',*,*,#4410,.F.);
#4412=ORIENTED_EDGE('',*,*,#3362,.F.);
#4414=ORIENTED_EDGE('',*,*,#4413,.F.);
#4416=ORIENTED_EDGE('',*,*,#4415,.F.);
#4418=ORIENTED_EDGE('',*,*,#4417,.F.);
#4419=ORIENTED_EDGE('',*,*,#3354,.F.);
#4420=EDGE_LOOP('',(#4352,#4354,#4356,#4357,#4359,#4361,#4362,#4363,#4365,#4367,
#4369,#4370,#4372,#4374,#4376,#4377,#4379,#4381,#4383,#4384,#4386,#4388,#4390,
#4391,#4393,#4395,#4397,#4398,#4400,#4402,#4404,#4405,#4407,#4409,#4411,#4412,
#4414,#4416,#4418,#4419));
#4421=FACE_OUTER_BOUND('',#4420,.F.);
#4422=ADVANCED_FACE('',(#4421),#4350,.T.);
#4423=CARTESIAN_POINT('',(1.75E0,-4.E-2,1.5E0));
#4424=DIRECTION('',(0.E0,0.E0,-1.E0));
#4425=DIRECTION('',(-1.E0,0.E0,0.E0));
#4426=AXIS2_PLACEMENT_3D('',#4423,#4424,#4425);
#4427=PLANE('',#4426);
#4429=ORIENTED_EDGE('',*,*,#4428,.F.);
#4431=ORIENTED_EDGE('',*,*,#4430,.F.);
#4432=ORIENTED_EDGE('',*,*,#4351,.T.);
#4433=ORIENTED_EDGE('',*,*,#3352,.T.);
#4434=EDGE_LOOP('',(#4429,#4431,#4432,#4433));
#4435=FACE_OUTER_BOUND('',#4434,.F.);
#4436=ADVANCED_FACE('',(#4435),#4427,.F.);
#4437=CARTESIAN_POINT('',(1.45E0,-4.E-2,1.6E0));
#4438=DIRECTION('',(0.E0,1.E0,0.E0));
#4439=DIRECTION('',(1.E0,0.E0,0.E0));
#4440=AXIS2_PLACEMENT_3D('',#4437,#4438,#4439);
#4441=CYLINDRICAL_SURFACE('',#4440,1.E-1);
#4443=ORIENTED_EDGE('',*,*,#4442,.F.);
#4445=ORIENTED_EDGE('',*,*,#4444,.F.);
#4446=ORIENTED_EDGE('',*,*,#4428,.T.);
#4447=ORIENTED_EDGE('',*,*,#3350,.T.);
#4448=EDGE_LOOP('',(#4443,#4445,#4446,#4447));
#4449=FACE_OUTER_BOUND('',#4448,.F.);
#4450=ADVANCED_FACE('',(#4449),#4441,.F.);
#4451=CARTESIAN_POINT('',(1.45E0,-4.E-2,1.7E0));
#4452=DIRECTION('',(0.E0,0.E0,1.E0));
#4453=DIRECTION('',(1.E0,0.E0,0.E0));
#4454=AXIS2_PLACEMENT_3D('',#4451,#4452,#4453);
#4455=PLANE('',#4454);
#4456=ORIENTED_EDGE('',*,*,#4355,.T.);
#4458=ORIENTED_EDGE('',*,*,#4457,.F.);
#4459=ORIENTED_EDGE('',*,*,#4442,.T.);
#4460=ORIENTED_EDGE('',*,*,#3348,.F.);
#4461=EDGE_LOOP('',(#4456,#4458,#4459,#4460));
#4462=FACE_OUTER_BOUND('',#4461,.F.);
#4463=ADVANCED_FACE('',(#4462),#4455,.F.);
#4464=CARTESIAN_POINT('',(0.E0,1.75E-1,0.E0));
#4465=DIRECTION('',(0.E0,1.E0,0.E0));
#4466=DIRECTION('',(1.E0,0.E0,0.E0));
#4467=AXIS2_PLACEMENT_3D('',#4464,#4465,#4466);
#4468=PLANE('',#4467);
#4469=ORIENTED_EDGE('',*,*,#4353,.T.);
#4470=ORIENTED_EDGE('',*,*,#4430,.T.);
#4471=ORIENTED_EDGE('',*,*,#4444,.T.);
#4472=ORIENTED_EDGE('',*,*,#4457,.T.);
#4473=EDGE_LOOP('',(#4469,#4470,#4471,#4472));
#4474=FACE_OUTER_BOUND('',#4473,.F.);
#4475=ADVANCED_FACE('',(#4474),#4468,.F.);
#4476=CARTESIAN_POINT('',(-1.75E0,0.E0,2.25E0));
#4477=DIRECTION('',(0.E0,0.E0,1.E0));
#4478=DIRECTION('',(1.E0,0.E0,0.E0));
#4479=AXIS2_PLACEMENT_3D('',#4476,#4477,#4478);
#4480=PLANE('',#4479);
#4482=ORIENTED_EDGE('',*,*,#4481,.F.);
#4484=ORIENTED_EDGE('',*,*,#4483,.F.);
#4485=ORIENTED_EDGE('',*,*,#3304,.F.);
#4486=ORIENTED_EDGE('',*,*,#3547,.T.);
#4488=ORIENTED_EDGE('',*,*,#4487,.T.);
#4489=ORIENTED_EDGE('',*,*,#4358,.F.);
#4490=ORIENTED_EDGE('',*,*,#3344,.F.);
#4492=ORIENTED_EDGE('',*,*,#4491,.F.);
#4494=ORIENTED_EDGE('',*,*,#4493,.F.);
#4496=ORIENTED_EDGE('',*,*,#4495,.F.);
#4497=ORIENTED_EDGE('',*,*,#3336,.F.);
#4499=ORIENTED_EDGE('',*,*,#4498,.F.);
#4501=ORIENTED_EDGE('',*,*,#4500,.F.);
#4503=ORIENTED_EDGE('',*,*,#4502,.F.);
#4504=ORIENTED_EDGE('',*,*,#3328,.F.);
#4506=ORIENTED_EDGE('',*,*,#4505,.F.);
#4508=ORIENTED_EDGE('',*,*,#4507,.F.);
#4510=ORIENTED_EDGE('',*,*,#4509,.F.);
#4511=ORIENTED_EDGE('',*,*,#3320,.F.);
#4513=ORIENTED_EDGE('',*,*,#4512,.F.);
#4515=ORIENTED_EDGE('',*,*,#4514,.F.);
#4517=ORIENTED_EDGE('',*,*,#4516,.F.);
#4518=ORIENTED_EDGE('',*,*,#3312,.F.);
#4520=ORIENTED_EDGE('',*,*,#4519,.F.);
#4521=EDGE_LOOP('',(#4482,#4484,#4485,#4486,#4488,#4489,#4490,#4492,#4494,#4496,
#4497,#4499,#4501,#4503,#4504,#4506,#4508,#4510,#4511,#4513,#4515,#4517,#4518,
#4520));
#4522=FACE_OUTER_BOUND('',#4521,.F.);
#4523=ADVANCED_FACE('',(#4522),#4480,.T.);
#4524=CARTESIAN_POINT('',(0.E0,1.75E-1,0.E0));
#4525=DIRECTION('',(0.E0,-1.E0,0.E0));
#4526=DIRECTION('',(1.E0,0.E0,0.E0));
#4527=AXIS2_PLACEMENT_3D('',#4524,#4525,#4526);
#4528=PLANE('',#4527);
#4529=ORIENTED_EDGE('',*,*,#4481,.T.);
#4531=ORIENTED_EDGE('',*,*,#4530,.F.);
#4533=ORIENTED_EDGE('',*,*,#4532,.F.);
#4535=ORIENTED_EDGE('',*,*,#4534,.F.);
#4536=EDGE_LOOP('',(#4529,#4531,#4533,#4535));
#4537=FACE_OUTER_BOUND('',#4536,.F.);
#4538=ADVANCED_FACE('',(#4537),#4528,.T.);
#4539=CARTESIAN_POINT('',(-7.E-1,-4.E-2,1.95E0));
#4540=DIRECTION('',(-1.E0,0.E0,0.E0));
#4541=DIRECTION('',(0.E0,0.E0,1.E0));
#4542=AXIS2_PLACEMENT_3D('',#4539,#4540,#4541);
#4543=PLANE('',#4542);
#4545=ORIENTED_EDGE('',*,*,#4544,.T.);
#4546=ORIENTED_EDGE('',*,*,#4530,.T.);
#4547=ORIENTED_EDGE('',*,*,#4519,.T.);
#4548=ORIENTED_EDGE('',*,*,#3310,.T.);
#4549=EDGE_LOOP('',(#4545,#4546,#4547,#4548));
#4550=FACE_OUTER_BOUND('',#4549,.F.);
#4551=ADVANCED_FACE('',(#4550),#4543,.T.);
#4552=CARTESIAN_POINT('',(-8.E-1,-4.E-2,1.95E0));
#4553=DIRECTION('',(0.E0,-1.E0,0.E0));
#4554=DIRECTION('',(1.E0,0.E0,0.E0));
#4555=AXIS2_PLACEMENT_3D('',#4552,#4553,#4554);
#4556=CYLINDRICAL_SURFACE('',#4555,1.E-1);
#4558=ORIENTED_EDGE('',*,*,#4557,.T.);
#4559=ORIENTED_EDGE('',*,*,#4532,.T.);
#4560=ORIENTED_EDGE('',*,*,#4544,.F.);
#4561=ORIENTED_EDGE('',*,*,#3308,.F.);
#4562=EDGE_LOOP('',(#4558,#4559,#4560,#4561));
#4563=FACE_OUTER_BOUND('',#4562,.F.);
#4564=ADVANCED_FACE('',(#4563),#4556,.F.);
#4565=CARTESIAN_POINT('',(-9.E-1,-4.E-2,2.25E0));
#4566=DIRECTION('',(1.E0,0.E0,0.E0));
#4567=DIRECTION('',(0.E0,0.E0,-1.E0));
#4568=AXIS2_PLACEMENT_3D('',#4565,#4566,#4567);
#4569=PLANE('',#4568);
#4570=ORIENTED_EDGE('',*,*,#4483,.T.);
#4571=ORIENTED_EDGE('',*,*,#4534,.T.);
#4572=ORIENTED_EDGE('',*,*,#4557,.F.);
#4573=ORIENTED_EDGE('',*,*,#3306,.F.);
#4574=EDGE_LOOP('',(#4570,#4571,#4572,#4573));
#4575=FACE_OUTER_BOUND('',#4574,.F.);
#4576=ADVANCED_FACE('',(#4575),#4569,.T.);
#4577=CARTESIAN_POINT('',(0.E0,9.75E-1,0.E0));
#4578=DIRECTION('',(0.E0,1.E0,0.E0));
#4579=DIRECTION('',(1.E0,0.E0,0.E0));
#4580=AXIS2_PLACEMENT_3D('',#4577,#4578,#4579);
#4581=PLANE('',#4580);
#4582=ORIENTED_EDGE('',*,*,#3545,.F.);
#4583=ORIENTED_EDGE('',*,*,#4072,.F.);
#4584=ORIENTED_EDGE('',*,*,#4360,.F.);
#4585=ORIENTED_EDGE('',*,*,#4487,.F.);
#4586=EDGE_LOOP('',(#4582,#4583,#4584,#4585));
#4587=FACE_OUTER_BOUND('',#4586,.F.);
#4588=ADVANCED_FACE('',(#4587),#4581,.T.);
#4589=CARTESIAN_POINT('',(9.E-1,-4.E-2,1.95E0));
#4590=DIRECTION('',(-1.E0,0.E0,0.E0));
#4591=DIRECTION('',(0.E0,0.E0,1.E0));
#4592=AXIS2_PLACEMENT_3D('',#4589,#4590,#4591);
#4593=PLANE('',#4592);
#4595=ORIENTED_EDGE('',*,*,#4594,.T.);
#4597=ORIENTED_EDGE('',*,*,#4596,.T.);
#4598=ORIENTED_EDGE('',*,*,#4491,.T.);
#4599=ORIENTED_EDGE('',*,*,#3342,.T.);
#4600=EDGE_LOOP('',(#4595,#4597,#4598,#4599));
#4601=FACE_OUTER_BOUND('',#4600,.F.);
#4602=ADVANCED_FACE('',(#4601),#4593,.T.);
#4603=CARTESIAN_POINT('',(8.E-1,-4.E-2,1.95E0));
#4604=DIRECTION('',(0.E0,-1.E0,0.E0));
#4605=DIRECTION('',(1.E0,0.E0,0.E0));
#4606=AXIS2_PLACEMENT_3D('',#4603,#4604,#4605);
#4607=CYLINDRICAL_SURFACE('',#4606,1.E-1);
#4609=ORIENTED_EDGE('',*,*,#4608,.T.);
#4611=ORIENTED_EDGE('',*,*,#4610,.T.);
#4612=ORIENTED_EDGE('',*,*,#4594,.F.);
#4613=ORIENTED_EDGE('',*,*,#3340,.F.);
#4614=EDGE_LOOP('',(#4609,#4611,#4612,#4613));
#4615=FACE_OUTER_BOUND('',#4614,.F.);
#4616=ADVANCED_FACE('',(#4615),#4607,.F.);
#4617=CARTESIAN_POINT('',(7.E-1,-4.E-2,2.25E0));
#4618=DIRECTION('',(1.E0,0.E0,0.E0));
#4619=DIRECTION('',(0.E0,0.E0,-1.E0));
#4620=AXIS2_PLACEMENT_3D('',#4617,#4618,#4619);
#4621=PLANE('',#4620);
#4622=ORIENTED_EDGE('',*,*,#4495,.T.);
#4624=ORIENTED_EDGE('',*,*,#4623,.T.);
#4625=ORIENTED_EDGE('',*,*,#4608,.F.);
#4626=ORIENTED_EDGE('',*,*,#3338,.F.);
#4627=EDGE_LOOP('',(#4622,#4624,#4625,#4626));
#4628=FACE_OUTER_BOUND('',#4627,.F.);
#4629=ADVANCED_FACE('',(#4628),#4621,.T.);
#4630=CARTESIAN_POINT('',(0.E0,1.75E-1,0.E0));
#4631=DIRECTION('',(0.E0,-1.E0,0.E0));
#4632=DIRECTION('',(1.E0,0.E0,0.E0));
#4633=AXIS2_PLACEMENT_3D('',#4630,#4631,#4632);
#4634=PLANE('',#4633);
#4635=ORIENTED_EDGE('',*,*,#4493,.T.);
#4636=ORIENTED_EDGE('',*,*,#4596,.F.);
#4637=ORIENTED_EDGE('',*,*,#4610,.F.);
#4638=ORIENTED_EDGE('',*,*,#4623,.F.);
#4639=EDGE_LOOP('',(#4635,#4636,#4637,#4638));
#4640=FACE_OUTER_BOUND('',#4639,.F.);
#4641=ADVANCED_FACE('',(#4640),#4634,.T.);
#4642=CARTESIAN_POINT('',(5.E-1,-4.E-2,1.95E0));
#4643=DIRECTION('',(-1.E0,0.E0,0.E0));
#4644=DIRECTION('',(0.E0,0.E0,1.E0));
#4645=AXIS2_PLACEMENT_3D('',#4642,#4643,#4644);
#4646=PLANE('',#4645);
#4648=ORIENTED_EDGE('',*,*,#4647,.T.);
#4650=ORIENTED_EDGE('',*,*,#4649,.T.);
#4651=ORIENTED_EDGE('',*,*,#4498,.T.);
#4652=ORIENTED_EDGE('',*,*,#3334,.T.);
#4653=EDGE_LOOP('',(#4648,#4650,#4651,#4652));
#4654=FACE_OUTER_BOUND('',#4653,.F.);
#4655=ADVANCED_FACE('',(#4654),#4646,.T.);
#4656=CARTESIAN_POINT('',(4.E-1,-4.E-2,1.95E0));
#4657=DIRECTION('',(0.E0,-1.E0,0.E0));
#4658=DIRECTION('',(1.E0,0.E0,0.E0));
#4659=AXIS2_PLACEMENT_3D('',#4656,#4657,#4658);
#4660=CYLINDRICAL_SURFACE('',#4659,1.E-1);
#4662=ORIENTED_EDGE('',*,*,#4661,.T.);
#4664=ORIENTED_EDGE('',*,*,#4663,.T.);
#4665=ORIENTED_EDGE('',*,*,#4647,.F.);
#4666=ORIENTED_EDGE('',*,*,#3332,.F.);
#4667=EDGE_LOOP('',(#4662,#4664,#4665,#4666));
#4668=FACE_OUTER_BOUND('',#4667,.F.);
#4669=ADVANCED_FACE('',(#4668),#4660,.F.);
#4670=CARTESIAN_POINT('',(3.E-1,-4.E-2,2.25E0));
#4671=DIRECTION('',(1.E0,0.E0,0.E0));
#4672=DIRECTION('',(0.E0,0.E0,-1.E0));
#4673=AXIS2_PLACEMENT_3D('',#4670,#4671,#4672);
#4674=PLANE('',#4673);
#4675=ORIENTED_EDGE('',*,*,#4502,.T.);
#4677=ORIENTED_EDGE('',*,*,#4676,.T.);
#4678=ORIENTED_EDGE('',*,*,#4661,.F.);
#4679=ORIENTED_EDGE('',*,*,#3330,.F.);
#4680=EDGE_LOOP('',(#4675,#4677,#4678,#4679));
#4681=FACE_OUTER_BOUND('',#4680,.F.);
#4682=ADVANCED_FACE('',(#4681),#4674,.T.);
#4683=CARTESIAN_POINT('',(0.E0,1.75E-1,0.E0));
#4684=DIRECTION('',(0.E0,-1.E0,0.E0));
#4685=DIRECTION('',(1.E0,0.E0,0.E0));
#4686=AXIS2_PLACEMENT_3D('',#4683,#4684,#4685);
#4687=PLANE('',#4686);
#4688=ORIENTED_EDGE('',*,*,#4500,.T.);
#4689=ORIENTED_EDGE('',*,*,#4649,.F.);
#4690=ORIENTED_EDGE('',*,*,#4663,.F.);
#4691=ORIENTED_EDGE('',*,*,#4676,.F.);
#4692=EDGE_LOOP('',(#4688,#4689,#4690,#4691));
#4693=FACE_OUTER_BOUND('',#4692,.F.);
#4694=ADVANCED_FACE('',(#4693),#4687,.T.);
#4695=CARTESIAN_POINT('',(1.E-1,-4.E-2,1.95E0));
#4696=DIRECTION('',(-1.E0,0.E0,0.E0));
#4697=DIRECTION('',(0.E0,0.E0,1.E0));
#4698=AXIS2_PLACEMENT_3D('',#4695,#4696,#4697);
#4699=PLANE('',#4698);
#4701=ORIENTED_EDGE('',*,*,#4700,.T.);
#4703=ORIENTED_EDGE('',*,*,#4702,.T.);
#4704=ORIENTED_EDGE('',*,*,#4505,.T.);
#4705=ORIENTED_EDGE('',*,*,#3326,.T.);
#4706=EDGE_LOOP('',(#4701,#4703,#4704,#4705));
#4707=FACE_OUTER_BOUND('',#4706,.F.);
#4708=ADVANCED_FACE('',(#4707),#4699,.T.);
#4709=CARTESIAN_POINT('',(0.E0,-4.E-2,1.95E0));
#4710=DIRECTION('',(0.E0,-1.E0,0.E0));
#4711=DIRECTION('',(1.E0,0.E0,0.E0));
#4712=AXIS2_PLACEMENT_3D('',#4709,#4710,#4711);
#4713=CYLINDRICAL_SURFACE('',#4712,1.E-1);
#4715=ORIENTED_EDGE('',*,*,#4714,.T.);
#4717=ORIENTED_EDGE('',*,*,#4716,.T.);
#4718=ORIENTED_EDGE('',*,*,#4700,.F.);
#4719=ORIENTED_EDGE('',*,*,#3324,.F.);
#4720=EDGE_LOOP('',(#4715,#4717,#4718,#4719));
#4721=FACE_OUTER_BOUND('',#4720,.F.);
#4722=ADVANCED_FACE('',(#4721),#4713,.F.);
#4723=CARTESIAN_POINT('',(-1.E-1,-4.E-2,2.25E0));
#4724=DIRECTION('',(1.E0,0.E0,0.E0));
#4725=DIRECTION('',(0.E0,0.E0,-1.E0));
#4726=AXIS2_PLACEMENT_3D('',#4723,#4724,#4725);
#4727=PLANE('',#4726);
#4728=ORIENTED_EDGE('',*,*,#4509,.T.);
#4730=ORIENTED_EDGE('',*,*,#4729,.T.);
#4731=ORIENTED_EDGE('',*,*,#4714,.F.);
#4732=ORIENTED_EDGE('',*,*,#3322,.F.);
#4733=EDGE_LOOP('',(#4728,#4730,#4731,#4732));
#4734=FACE_OUTER_BOUND('',#4733,.F.);
#4735=ADVANCED_FACE('',(#4734),#4727,.T.);
#4736=CARTESIAN_POINT('',(0.E0,1.75E-1,0.E0));
#4737=DIRECTION('',(0.E0,-1.E0,0.E0));
#4738=DIRECTION('',(1.E0,0.E0,0.E0));
#4739=AXIS2_PLACEMENT_3D('',#4736,#4737,#4738);
#4740=PLANE('',#4739);
#4741=ORIENTED_EDGE('',*,*,#4507,.T.);
#4742=ORIENTED_EDGE('',*,*,#4702,.F.);
#4743=ORIENTED_EDGE('',*,*,#4716,.F.);
#4744=ORIENTED_EDGE('',*,*,#4729,.F.);
#4745=EDGE_LOOP('',(#4741,#4742,#4743,#4744));
#4746=FACE_OUTER_BOUND('',#4745,.F.);
#4747=ADVANCED_FACE('',(#4746),#4740,.T.);
#4748=CARTESIAN_POINT('',(-3.E-1,-4.E-2,1.95E0));
#4749=DIRECTION('',(-1.E0,0.E0,0.E0));
#4750=DIRECTION('',(0.E0,0.E0,1.E0));
#4751=AXIS2_PLACEMENT_3D('',#4748,#4749,#4750);
#4752=PLANE('',#4751);
#4754=ORIENTED_EDGE('',*,*,#4753,.T.);
#4756=ORIENTED_EDGE('',*,*,#4755,.T.);
#4757=ORIENTED_EDGE('',*,*,#4512,.T.);
#4758=ORIENTED_EDGE('',*,*,#3318,.T.);
#4759=EDGE_LOOP('',(#4754,#4756,#4757,#4758));
#4760=FACE_OUTER_BOUND('',#4759,.F.);
#4761=ADVANCED_FACE('',(#4760),#4752,.T.);
#4762=CARTESIAN_POINT('',(-4.E-1,-4.E-2,1.95E0));
#4763=DIRECTION('',(0.E0,-1.E0,0.E0));
#4764=DIRECTION('',(1.E0,0.E0,0.E0));
#4765=AXIS2_PLACEMENT_3D('',#4762,#4763,#4764);
#4766=CYLINDRICAL_SURFACE('',#4765,1.E-1);
#4768=ORIENTED_EDGE('',*,*,#4767,.T.);
#4770=ORIENTED_EDGE('',*,*,#4769,.T.);
#4771=ORIENTED_EDGE('',*,*,#4753,.F.);
#4772=ORIENTED_EDGE('',*,*,#3316,.F.);
#4773=EDGE_LOOP('',(#4768,#4770,#4771,#4772));
#4774=FACE_OUTER_BOUND('',#4773,.F.);
#4775=ADVANCED_FACE('',(#4774),#4766,.F.);
#4776=CARTESIAN_POINT('',(-5.E-1,-4.E-2,2.25E0));
#4777=DIRECTION('',(1.E0,0.E0,0.E0));
#4778=DIRECTION('',(0.E0,0.E0,-1.E0));
#4779=AXIS2_PLACEMENT_3D('',#4776,#4777,#4778);
#4780=PLANE('',#4779);
#4781=ORIENTED_EDGE('',*,*,#4516,.T.);
#4783=ORIENTED_EDGE('',*,*,#4782,.T.);
#4784=ORIENTED_EDGE('',*,*,#4767,.F.);
#4785=ORIENTED_EDGE('',*,*,#3314,.F.);
#4786=EDGE_LOOP('',(#4781,#4783,#4784,#4785));
#4787=FACE_OUTER_BOUND('',#4786,.F.);
#4788=ADVANCED_FACE('',(#4787),#4780,.T.);
#4789=CARTESIAN_POINT('',(0.E0,1.75E-1,0.E0));
#4790=DIRECTION('',(0.E0,-1.E0,0.E0));
#4791=DIRECTION('',(1.E0,0.E0,0.E0));
#4792=AXIS2_PLACEMENT_3D('',#4789,#4790,#4791);
#4793=PLANE('',#4792);
#4794=ORIENTED_EDGE('',*,*,#4514,.T.);
#4795=ORIENTED_EDGE('',*,*,#4755,.F.);
#4796=ORIENTED_EDGE('',*,*,#4769,.F.);
#4797=ORIENTED_EDGE('',*,*,#4782,.F.);
#4798=EDGE_LOOP('',(#4794,#4795,#4796,#4797));
#4799=FACE_OUTER_BOUND('',#4798,.F.);
#4800=ADVANCED_FACE('',(#4799),#4793,.T.);
#4801=CARTESIAN_POINT('',(1.75E0,-4.E-2,-1.7E0));
#4802=DIRECTION('',(0.E0,0.E0,-1.E0));
#4803=DIRECTION('',(-1.E0,0.E0,0.E0));
#4804=AXIS2_PLACEMENT_3D('',#4801,#4802,#4803);
#4805=PLANE('',#4804);
#4807=ORIENTED_EDGE('',*,*,#4806,.F.);
#4809=ORIENTED_EDGE('',*,*,#4808,.F.);
#4810=ORIENTED_EDGE('',*,*,#4364,.T.);
#4811=ORIENTED_EDGE('',*,*,#3416,.T.);
#4812=EDGE_LOOP('',(#4807,#4809,#4810,#4811));
#4813=FACE_OUTER_BOUND('',#4812,.F.);
#4814=ADVANCED_FACE('',(#4813),#4805,.F.);
#4815=CARTESIAN_POINT('',(1.45E0,-4.E-2,-1.6E0));
#4816=DIRECTION('',(0.E0,1.E0,0.E0));
#4817=DIRECTION('',(1.E0,0.E0,0.E0));
#4818=AXIS2_PLACEMENT_3D('',#4815,#4816,#4817);
#4819=CYLINDRICAL_SURFACE('',#4818,1.E-1);
#4821=ORIENTED_EDGE('',*,*,#4820,.F.);
#4823=ORIENTED_EDGE('',*,*,#4822,.F.);
#4824=ORIENTED_EDGE('',*,*,#4806,.T.);
#4825=ORIENTED_EDGE('',*,*,#3414,.T.);
#4826=EDGE_LOOP('',(#4821,#4823,#4824,#4825));
#4827=FACE_OUTER_BOUND('',#4826,.F.);
#4828=ADVANCED_FACE('',(#4827),#4819,.F.);
#4829=CARTESIAN_POINT('',(1.45E0,-4.E-2,-1.5E0));
#4830=DIRECTION('',(0.E0,0.E0,1.E0));
#4831=DIRECTION('',(1.E0,0.E0,0.E0));
#4832=AXIS2_PLACEMENT_3D('',#4829,#4830,#4831);
#4833=PLANE('',#4832);
#4834=ORIENTED_EDGE('',*,*,#4368,.T.);
#4836=ORIENTED_EDGE('',*,*,#4835,.F.);
#4837=ORIENTED_EDGE('',*,*,#4820,.T.);
#4838=ORIENTED_EDGE('',*,*,#3412,.F.);
#4839=EDGE_LOOP('',(#4834,#4836,#4837,#4838));
#4840=FACE_OUTER_BOUND('',#4839,.F.);
#4841=ADVANCED_FACE('',(#4840),#4833,.F.);
#4842=CARTESIAN_POINT('',(0.E0,1.75E-1,0.E0));
#4843=DIRECTION('',(0.E0,1.E0,0.E0));
#4844=DIRECTION('',(1.E0,0.E0,0.E0));
#4845=AXIS2_PLACEMENT_3D('',#4842,#4843,#4844);
#4846=PLANE('',#4845);
#4847=ORIENTED_EDGE('',*,*,#4366,.T.);
#4848=ORIENTED_EDGE('',*,*,#4808,.T.);
#4849=ORIENTED_EDGE('',*,*,#4822,.T.);
#4850=ORIENTED_EDGE('',*,*,#4835,.T.);
#4851=EDGE_LOOP('',(#4847,#4848,#4849,#4850));
#4852=FACE_OUTER_BOUND('',#4851,.F.);
#4853=ADVANCED_FACE('',(#4852),#4846,.F.);
#4854=CARTESIAN_POINT('',(1.75E0,-4.E-2,-1.3E0));
#4855=DIRECTION('',(0.E0,0.E0,-1.E0));
#4856=DIRECTION('',(-1.E0,0.E0,0.E0));
#4857=AXIS2_PLACEMENT_3D('',#4854,#4855,#4856);
#4858=PLANE('',#4857);
#4860=ORIENTED_EDGE('',*,*,#4859,.F.);
#4862=ORIENTED_EDGE('',*,*,#4861,.F.);
#4863=ORIENTED_EDGE('',*,*,#4371,.T.);
#4864=ORIENTED_EDGE('',*,*,#3408,.T.);
#4865=EDGE_LOOP('',(#4860,#4862,#4863,#4864));
#4866=FACE_OUTER_BOUND('',#4865,.F.);
#4867=ADVANCED_FACE('',(#4866),#4858,.F.);
#4868=CARTESIAN_POINT('',(1.45E0,-4.E-2,-1.2E0));
#4869=DIRECTION('',(0.E0,1.E0,0.E0));
#4870=DIRECTION('',(1.E0,0.E0,0.E0));
#4871=AXIS2_PLACEMENT_3D('',#4868,#4869,#4870);
#4872=CYLINDRICAL_SURFACE('',#4871,1.E-1);
#4874=ORIENTED_EDGE('',*,*,#4873,.F.);
#4876=ORIENTED_EDGE('',*,*,#4875,.F.);
#4877=ORIENTED_EDGE('',*,*,#4859,.T.);
#4878=ORIENTED_EDGE('',*,*,#3406,.T.);
#4879=EDGE_LOOP('',(#4874,#4876,#4877,#4878));
#4880=FACE_OUTER_BOUND('',#4879,.F.);
#4881=ADVANCED_FACE('',(#4880),#4872,.F.);
#4882=CARTESIAN_POINT('',(1.45E0,-4.E-2,-1.1E0));
#4883=DIRECTION('',(0.E0,0.E0,1.E0));
#4884=DIRECTION('',(1.E0,0.E0,0.E0));
#4885=AXIS2_PLACEMENT_3D('',#4882,#4883,#4884);
#4886=PLANE('',#4885);
#4887=ORIENTED_EDGE('',*,*,#4375,.T.);
#4889=ORIENTED_EDGE('',*,*,#4888,.F.);
#4890=ORIENTED_EDGE('',*,*,#4873,.T.);
#4891=ORIENTED_EDGE('',*,*,#3404,.F.);
#4892=EDGE_LOOP('',(#4887,#4889,#4890,#4891));
#4893=FACE_OUTER_BOUND('',#4892,.F.);
#4894=ADVANCED_FACE('',(#4893),#4886,.F.);
#4895=CARTESIAN_POINT('',(0.E0,1.75E-1,0.E0));
#4896=DIRECTION('',(0.E0,1.E0,0.E0));
#4897=DIRECTION('',(1.E0,0.E0,0.E0));
#4898=AXIS2_PLACEMENT_3D('',#4895,#4896,#4897);
#4899=PLANE('',#4898);
#4900=ORIENTED_EDGE('',*,*,#4373,.T.);
#4901=ORIENTED_EDGE('',*,*,#4861,.T.);
#4902=ORIENTED_EDGE('',*,*,#4875,.T.);
#4903=ORIENTED_EDGE('',*,*,#4888,.T.);
#4904=EDGE_LOOP('',(#4900,#4901,#4902,#4903));
#4905=FACE_OUTER_BOUND('',#4904,.F.);
#4906=ADVANCED_FACE('',(#4905),#4899,.F.);
#4907=CARTESIAN_POINT('',(1.75E0,-4.E-2,-9.E-1));
#4908=DIRECTION('',(0.E0,0.E0,-1.E0));
#4909=DIRECTION('',(-1.E0,0.E0,0.E0));
#4910=AXIS2_PLACEMENT_3D('',#4907,#4908,#4909);
#4911=PLANE('',#4910);
#4913=ORIENTED_EDGE('',*,*,#4912,.F.);
#4915=ORIENTED_EDGE('',*,*,#4914,.F.);
#4916=ORIENTED_EDGE('',*,*,#4378,.T.);
#4917=ORIENTED_EDGE('',*,*,#3400,.T.);
#4918=EDGE_LOOP('',(#4913,#4915,#4916,#4917));
#4919=FACE_OUTER_BOUND('',#4918,.F.);
#4920=ADVANCED_FACE('',(#4919),#4911,.F.);
#4921=CARTESIAN_POINT('',(1.45E0,-4.E-2,-8.E-1));
#4922=DIRECTION('',(0.E0,1.E0,0.E0));
#4923=DIRECTION('',(1.E0,0.E0,0.E0));
#4924=AXIS2_PLACEMENT_3D('',#4921,#4922,#4923);
#4925=CYLINDRICAL_SURFACE('',#4924,1.E-1);
#4927=ORIENTED_EDGE('',*,*,#4926,.F.);
#4929=ORIENTED_EDGE('',*,*,#4928,.F.);
#4930=ORIENTED_EDGE('',*,*,#4912,.T.);
#4931=ORIENTED_EDGE('',*,*,#3398,.T.);
#4932=EDGE_LOOP('',(#4927,#4929,#4930,#4931));
#4933=FACE_OUTER_BOUND('',#4932,.F.);
#4934=ADVANCED_FACE('',(#4933),#4925,.F.);
#4935=CARTESIAN_POINT('',(1.45E0,-4.E-2,-7.E-1));
#4936=DIRECTION('',(0.E0,0.E0,1.E0));
#4937=DIRECTION('',(1.E0,0.E0,0.E0));
#4938=AXIS2_PLACEMENT_3D('',#4935,#4936,#4937);
#4939=PLANE('',#4938);
#4940=ORIENTED_EDGE('',*,*,#4382,.T.);
#4942=ORIENTED_EDGE('',*,*,#4941,.F.);
#4943=ORIENTED_EDGE('',*,*,#4926,.T.);
#4944=ORIENTED_EDGE('',*,*,#3396,.F.);
#4945=EDGE_LOOP('',(#4940,#4942,#4943,#4944));
#4946=FACE_OUTER_BOUND('',#4945,.F.);
#4947=ADVANCED_FACE('',(#4946),#4939,.F.);
#4948=CARTESIAN_POINT('',(0.E0,1.75E-1,0.E0));
#4949=DIRECTION('',(0.E0,1.E0,0.E0));
#4950=DIRECTION('',(1.E0,0.E0,0.E0));
#4951=AXIS2_PLACEMENT_3D('',#4948,#4949,#4950);
#4952=PLANE('',#4951);
#4953=ORIENTED_EDGE('',*,*,#4380,.T.);
#4954=ORIENTED_EDGE('',*,*,#4914,.T.);
#4955=ORIENTED_EDGE('',*,*,#4928,.T.);
#4956=ORIENTED_EDGE('',*,*,#4941,.T.);
#4957=EDGE_LOOP('',(#4953,#4954,#4955,#4956));
#4958=FACE_OUTER_BOUND('',#4957,.F.);
#4959=ADVANCED_FACE('',(#4958),#4952,.F.);
#4960=CARTESIAN_POINT('',(1.75E0,-4.E-2,-5.E-1));
#4961=DIRECTION('',(0.E0,0.E0,-1.E0));
#4962=DIRECTION('',(-1.E0,0.E0,0.E0));
#4963=AXIS2_PLACEMENT_3D('',#4960,#4961,#4962);
#4964=PLANE('',#4963);
#4966=ORIENTED_EDGE('',*,*,#4965,.F.);
#4968=ORIENTED_EDGE('',*,*,#4967,.F.);
#4969=ORIENTED_EDGE('',*,*,#4385,.T.);
#4970=ORIENTED_EDGE('',*,*,#3392,.T.);
#4971=EDGE_LOOP('',(#4966,#4968,#4969,#4970));
#4972=FACE_OUTER_BOUND('',#4971,.F.);
#4973=ADVANCED_FACE('',(#4972),#4964,.F.);
#4974=CARTESIAN_POINT('',(1.45E0,-4.E-2,-4.E-1));
#4975=DIRECTION('',(0.E0,1.E0,0.E0));
#4976=DIRECTION('',(1.E0,0.E0,0.E0));
#4977=AXIS2_PLACEMENT_3D('',#4974,#4975,#4976);
#4978=CYLINDRICAL_SURFACE('',#4977,1.E-1);
#4980=ORIENTED_EDGE('',*,*,#4979,.F.);
#4982=ORIENTED_EDGE('',*,*,#4981,.F.);
#4983=ORIENTED_EDGE('',*,*,#4965,.T.);
#4984=ORIENTED_EDGE('',*,*,#3390,.T.);
#4985=EDGE_LOOP('',(#4980,#4982,#4983,#4984));
#4986=FACE_OUTER_BOUND('',#4985,.F.);
#4987=ADVANCED_FACE('',(#4986),#4978,.F.);
#4988=CARTESIAN_POINT('',(1.45E0,-4.E-2,-3.E-1));
#4989=DIRECTION('',(0.E0,0.E0,1.E0));
#4990=DIRECTION('',(1.E0,0.E0,0.E0));
#4991=AXIS2_PLACEMENT_3D('',#4988,#4989,#4990);
#4992=PLANE('',#4991);
#4993=ORIENTED_EDGE('',*,*,#4389,.T.);
#4995=ORIENTED_EDGE('',*,*,#4994,.F.);
#4996=ORIENTED_EDGE('',*,*,#4979,.T.);
#4997=ORIENTED_EDGE('',*,*,#3388,.F.);
#4998=EDGE_LOOP('',(#4993,#4995,#4996,#4997));
#4999=FACE_OUTER_BOUND('',#4998,.F.);
#5000=ADVANCED_FACE('',(#4999),#4992,.F.);
#5001=CARTESIAN_POINT('',(0.E0,1.75E-1,0.E0));
#5002=DIRECTION('',(0.E0,1.E0,0.E0));
#5003=DIRECTION('',(1.E0,0.E0,0.E0));
#5004=AXIS2_PLACEMENT_3D('',#5001,#5002,#5003);
#5005=PLANE('',#5004);
#5006=ORIENTED_EDGE('',*,*,#4387,.T.);
#5007=ORIENTED_EDGE('',*,*,#4967,.T.);
#5008=ORIENTED_EDGE('',*,*,#4981,.T.);
#5009=ORIENTED_EDGE('',*,*,#4994,.T.);
#5010=EDGE_LOOP('',(#5006,#5007,#5008,#5009));
#5011=FACE_OUTER_BOUND('',#5010,.F.);
#5012=ADVANCED_FACE('',(#5011),#5005,.F.);
#5013=CARTESIAN_POINT('',(1.75E0,-4.E-2,-1.E-1));
#5014=DIRECTION('',(0.E0,0.E0,-1.E0));
#5015=DIRECTION('',(-1.E0,0.E0,0.E0));
#5016=AXIS2_PLACEMENT_3D('',#5013,#5014,#5015);
#5017=PLANE('',#5016);
#5019=ORIENTED_EDGE('',*,*,#5018,.F.);
#5021=ORIENTED_EDGE('',*,*,#5020,.F.);
#5022=ORIENTED_EDGE('',*,*,#4392,.T.);
#5023=ORIENTED_EDGE('',*,*,#3384,.T.);
#5024=EDGE_LOOP('',(#5019,#5021,#5022,#5023));
#5025=FACE_OUTER_BOUND('',#5024,.F.);
#5026=ADVANCED_FACE('',(#5025),#5017,.F.);
#5027=CARTESIAN_POINT('',(1.45E0,-4.E-2,0.E0));
#5028=DIRECTION('',(0.E0,1.E0,0.E0));
#5029=DIRECTION('',(1.E0,0.E0,0.E0));
#5030=AXIS2_PLACEMENT_3D('',#5027,#5028,#5029);
#5031=CYLINDRICAL_SURFACE('',#5030,1.E-1);
#5033=ORIENTED_EDGE('',*,*,#5032,.F.);
#5035=ORIENTED_EDGE('',*,*,#5034,.F.);
#5036=ORIENTED_EDGE('',*,*,#5018,.T.);
#5037=ORIENTED_EDGE('',*,*,#3382,.T.);
#5038=EDGE_LOOP('',(#5033,#5035,#5036,#5037));
#5039=FACE_OUTER_BOUND('',#5038,.F.);
#5040=ADVANCED_FACE('',(#5039),#5031,.F.);
#5041=CARTESIAN_POINT('',(1.45E0,-4.E-2,1.E-1));
#5042=DIRECTION('',(0.E0,0.E0,1.E0));
#5043=DIRECTION('',(1.E0,0.E0,0.E0));
#5044=AXIS2_PLACEMENT_3D('',#5041,#5042,#5043);
#5045=PLANE('',#5044);
#5046=ORIENTED_EDGE('',*,*,#4396,.T.);
#5048=ORIENTED_EDGE('',*,*,#5047,.F.);
#5049=ORIENTED_EDGE('',*,*,#5032,.T.);
#5050=ORIENTED_EDGE('',*,*,#3380,.F.);
#5051=EDGE_LOOP('',(#5046,#5048,#5049,#5050));
#5052=FACE_OUTER_BOUND('',#5051,.F.);
#5053=ADVANCED_FACE('',(#5052),#5045,.F.);
#5054=CARTESIAN_POINT('',(0.E0,1.75E-1,0.E0));
#5055=DIRECTION('',(0.E0,1.E0,0.E0));
#5056=DIRECTION('',(1.E0,0.E0,0.E0));
#5057=AXIS2_PLACEMENT_3D('',#5054,#5055,#5056);
#5058=PLANE('',#5057);
#5059=ORIENTED_EDGE('',*,*,#4394,.T.);
#5060=ORIENTED_EDGE('',*,*,#5020,.T.);
#5061=ORIENTED_EDGE('',*,*,#5034,.T.);
#5062=ORIENTED_EDGE('',*,*,#5047,.T.);
#5063=EDGE_LOOP('',(#5059,#5060,#5061,#5062));
#5064=FACE_OUTER_BOUND('',#5063,.F.);
#5065=ADVANCED_FACE('',(#5064),#5058,.F.);
#5066=CARTESIAN_POINT('',(1.75E0,-4.E-2,3.E-1));
#5067=DIRECTION('',(0.E0,0.E0,-1.E0));
#5068=DIRECTION('',(-1.E0,0.E0,0.E0));
#5069=AXIS2_PLACEMENT_3D('',#5066,#5067,#5068);
#5070=PLANE('',#5069);
#5072=ORIENTED_EDGE('',*,*,#5071,.F.);
#5074=ORIENTED_EDGE('',*,*,#5073,.F.);
#5075=ORIENTED_EDGE('',*,*,#4399,.T.);
#5076=ORIENTED_EDGE('',*,*,#3376,.T.);
#5077=EDGE_LOOP('',(#5072,#5074,#5075,#5076));
#5078=FACE_OUTER_BOUND('',#5077,.F.);
#5079=ADVANCED_FACE('',(#5078),#5070,.F.);
#5080=CARTESIAN_POINT('',(1.45E0,-4.E-2,4.E-1));
#5081=DIRECTION('',(0.E0,1.E0,0.E0));
#5082=DIRECTION('',(1.E0,0.E0,0.E0));
#5083=AXIS2_PLACEMENT_3D('',#5080,#5081,#5082);
#5084=CYLINDRICAL_SURFACE('',#5083,1.E-1);
#5086=ORIENTED_EDGE('',*,*,#5085,.F.);
#5088=ORIENTED_EDGE('',*,*,#5087,.F.);
#5089=ORIENTED_EDGE('',*,*,#5071,.T.);
#5090=ORIENTED_EDGE('',*,*,#3374,.T.);
#5091=EDGE_LOOP('',(#5086,#5088,#5089,#5090));
#5092=FACE_OUTER_BOUND('',#5091,.F.);
#5093=ADVANCED_FACE('',(#5092),#5084,.F.);
#5094=CARTESIAN_POINT('',(1.45E0,-4.E-2,5.E-1));
#5095=DIRECTION('',(0.E0,0.E0,1.E0));
#5096=DIRECTION('',(1.E0,0.E0,0.E0));
#5097=AXIS2_PLACEMENT_3D('',#5094,#5095,#5096);
#5098=PLANE('',#5097);
#5099=ORIENTED_EDGE('',*,*,#4403,.T.);
#5101=ORIENTED_EDGE('',*,*,#5100,.F.);
#5102=ORIENTED_EDGE('',*,*,#5085,.T.);
#5103=ORIENTED_EDGE('',*,*,#3372,.F.);
#5104=EDGE_LOOP('',(#5099,#5101,#5102,#5103));
#5105=FACE_OUTER_BOUND('',#5104,.F.);
#5106=ADVANCED_FACE('',(#5105),#5098,.F.);
#5107=CARTESIAN_POINT('',(0.E0,1.75E-1,0.E0));
#5108=DIRECTION('',(0.E0,1.E0,0.E0));
#5109=DIRECTION('',(1.E0,0.E0,0.E0));
#5110=AXIS2_PLACEMENT_3D('',#5107,#5108,#5109);
#5111=PLANE('',#5110);
#5112=ORIENTED_EDGE('',*,*,#5073,.T.);
#5113=ORIENTED_EDGE('',*,*,#5087,.T.);
#5114=ORIENTED_EDGE('',*,*,#5100,.T.);
#5115=ORIENTED_EDGE('',*,*,#4401,.T.);
#5116=EDGE_LOOP('',(#5112,#5113,#5114,#5115));
#5117=FACE_OUTER_BOUND('',#5116,.F.);
#5118=ADVANCED_FACE('',(#5117),#5111,.F.);
#5119=CARTESIAN_POINT('',(1.75E0,-4.E-2,7.E-1));
#5120=DIRECTION('',(0.E0,0.E0,-1.E0));
#5121=DIRECTION('',(-1.E0,0.E0,0.E0));
#5122=AXIS2_PLACEMENT_3D('',#5119,#5120,#5121);
#5123=PLANE('',#5122);
#5125=ORIENTED_EDGE('',*,*,#5124,.F.);
#5127=ORIENTED_EDGE('',*,*,#5126,.F.);
#5128=ORIENTED_EDGE('',*,*,#4406,.T.);
#5129=ORIENTED_EDGE('',*,*,#3368,.T.);
#5130=EDGE_LOOP('',(#5125,#5127,#5128,#5129));
#5131=FACE_OUTER_BOUND('',#5130,.F.);
#5132=ADVANCED_FACE('',(#5131),#5123,.F.);
#5133=CARTESIAN_POINT('',(1.45E0,-4.E-2,8.E-1));
#5134=DIRECTION('',(0.E0,1.E0,0.E0));
#5135=DIRECTION('',(1.E0,0.E0,0.E0));
#5136=AXIS2_PLACEMENT_3D('',#5133,#5134,#5135);
#5137=CYLINDRICAL_SURFACE('',#5136,1.E-1);
#5139=ORIENTED_EDGE('',*,*,#5138,.F.);
#5141=ORIENTED_EDGE('',*,*,#5140,.F.);
#5142=ORIENTED_EDGE('',*,*,#5124,.T.);
#5143=ORIENTED_EDGE('',*,*,#3366,.T.);
#5144=EDGE_LOOP('',(#5139,#5141,#5142,#5143));
#5145=FACE_OUTER_BOUND('',#5144,.F.);
#5146=ADVANCED_FACE('',(#5145),#5137,.F.);
#5147=CARTESIAN_POINT('',(1.45E0,-4.E-2,9.E-1));
#5148=DIRECTION('',(0.E0,0.E0,1.E0));
#5149=DIRECTION('',(1.E0,0.E0,0.E0));
#5150=AXIS2_PLACEMENT_3D('',#5147,#5148,#5149);
#5151=PLANE('',#5150);
#5152=ORIENTED_EDGE('',*,*,#4410,.T.);
#5154=ORIENTED_EDGE('',*,*,#5153,.F.);
#5155=ORIENTED_EDGE('',*,*,#5138,.T.);
#5156=ORIENTED_EDGE('',*,*,#3364,.F.);
#5157=EDGE_LOOP('',(#5152,#5154,#5155,#5156));
#5158=FACE_OUTER_BOUND('',#5157,.F.);
#5159=ADVANCED_FACE('',(#5158),#5151,.F.);
#5160=CARTESIAN_POINT('',(0.E0,1.75E-1,0.E0));
#5161=DIRECTION('',(0.E0,1.E0,0.E0));
#5162=DIRECTION('',(1.E0,0.E0,0.E0));
#5163=AXIS2_PLACEMENT_3D('',#5160,#5161,#5162);
#5164=PLANE('',#5163);
#5165=ORIENTED_EDGE('',*,*,#4408,.T.);
#5166=ORIENTED_EDGE('',*,*,#5126,.T.);
#5167=ORIENTED_EDGE('',*,*,#5140,.T.);
#5168=ORIENTED_EDGE('',*,*,#5153,.T.);
#5169=EDGE_LOOP('',(#5165,#5166,#5167,#5168));
#5170=FACE_OUTER_BOUND('',#5169,.F.);
#5171=ADVANCED_FACE('',(#5170),#5164,.F.);
#5172=CARTESIAN_POINT('',(1.75E0,-4.E-2,1.1E0));
#5173=DIRECTION('',(0.E0,0.E0,-1.E0));
#5174=DIRECTION('',(-1.E0,0.E0,0.E0));
#5175=AXIS2_PLACEMENT_3D('',#5172,#5173,#5174);
#5176=PLANE('',#5175);
#5178=ORIENTED_EDGE('',*,*,#5177,.F.);
#5180=ORIENTED_EDGE('',*,*,#5179,.F.);
#5181=ORIENTED_EDGE('',*,*,#4413,.T.);
#5182=ORIENTED_EDGE('',*,*,#3360,.T.);
#5183=EDGE_LOOP('',(#5178,#5180,#5181,#5182));
#5184=FACE_OUTER_BOUND('',#5183,.F.);
#5185=ADVANCED_FACE('',(#5184),#5176,.F.);
#5186=CARTESIAN_POINT('',(1.45E0,-4.E-2,1.2E0));
#5187=DIRECTION('',(0.E0,1.E0,0.E0));
#5188=DIRECTION('',(1.E0,0.E0,0.E0));
#5189=AXIS2_PLACEMENT_3D('',#5186,#5187,#5188);
#5190=CYLINDRICAL_SURFACE('',#5189,1.E-1);
#5192=ORIENTED_EDGE('',*,*,#5191,.F.);
#5194=ORIENTED_EDGE('',*,*,#5193,.F.);
#5195=ORIENTED_EDGE('',*,*,#5177,.T.);
#5196=ORIENTED_EDGE('',*,*,#3358,.T.);
#5197=EDGE_LOOP('',(#5192,#5194,#5195,#5196));
#5198=FACE_OUTER_BOUND('',#5197,.F.);
#5199=ADVANCED_FACE('',(#5198),#5190,.F.);
#5200=CARTESIAN_POINT('',(1.45E0,-4.E-2,1.3E0));
#5201=DIRECTION('',(0.E0,0.E0,1.E0));
#5202=DIRECTION('',(1.E0,0.E0,0.E0));
#5203=AXIS2_PLACEMENT_3D('',#5200,#5201,#5202);
#5204=PLANE('',#5203);
#5205=ORIENTED_EDGE('',*,*,#4417,.T.);
#5207=ORIENTED_EDGE('',*,*,#5206,.F.);
#5208=ORIENTED_EDGE('',*,*,#5191,.T.);
#5209=ORIENTED_EDGE('',*,*,#3356,.F.);
#5210=EDGE_LOOP('',(#5205,#5207,#5208,#5209));
#5211=FACE_OUTER_BOUND('',#5210,.F.);
#5212=ADVANCED_FACE('',(#5211),#5204,.F.);
#5213=CARTESIAN_POINT('',(0.E0,1.75E-1,0.E0));
#5214=DIRECTION('',(0.E0,1.E0,0.E0));
#5215=DIRECTION('',(1.E0,0.E0,0.E0));
#5216=AXIS2_PLACEMENT_3D('',#5213,#5214,#5215);
#5217=PLANE('',#5216);
#5218=ORIENTED_EDGE('',*,*,#4415,.T.);
#5219=ORIENTED_EDGE('',*,*,#5179,.T.);
#5220=ORIENTED_EDGE('',*,*,#5193,.T.);
#5221=ORIENTED_EDGE('',*,*,#5206,.T.);
#5222=EDGE_LOOP('',(#5218,#5219,#5220,#5221));
#5223=FACE_OUTER_BOUND('',#5222,.F.);
#5224=ADVANCED_FACE('',(#5223),#5217,.F.);
#5225=CARTESIAN_POINT('',(-1.05E0,6.E-2,-1.55E0));
#5226=DIRECTION('',(0.E0,0.E0,-1.E0));
#5227=DIRECTION('',(1.E0,0.E0,0.E0));
#5228=AXIS2_PLACEMENT_3D('',#5225,#5226,#5227);
#5229=PLANE('',#5228);
#5230=ORIENTED_EDGE('',*,*,#3464,.T.);
#5232=ORIENTED_EDGE('',*,*,#5231,.T.);
#5234=ORIENTED_EDGE('',*,*,#5233,.T.);
#5236=ORIENTED_EDGE('',*,*,#5235,.T.);
#5237=EDGE_LOOP('',(#5230,#5232,#5234,#5236));
#5238=FACE_OUTER_BOUND('',#5237,.F.);
#5239=ADVANCED_FACE('',(#5238),#5229,.F.);
#5240=CARTESIAN_POINT('',(-8.75E-1,1.E-2,-1.375E0));
#5241=DIRECTION('',(-7.071067811865E-1,0.E0,-7.071067811865E-1));
#5242=DIRECTION('',(-7.071067811865E-1,0.E0,7.071067811865E-1));
#5243=AXIS2_PLACEMENT_3D('',#5240,#5241,#5242);
#5244=PLANE('',#5243);
#5245=ORIENTED_EDGE('',*,*,#3472,.T.);
#5247=ORIENTED_EDGE('',*,*,#5246,.T.);
#5249=ORIENTED_EDGE('',*,*,#5248,.F.);
#5250=ORIENTED_EDGE('',*,*,#5231,.F.);
#5251=EDGE_LOOP('',(#5245,#5247,#5249,#5250));
#5252=FACE_OUTER_BOUND('',#5251,.F.);
#5253=ADVANCED_FACE('',(#5252),#5244,.F.);
#5254=CARTESIAN_POINT('',(-1.05E0,6.E-2,1.55E0));
#5255=DIRECTION('',(-1.E0,0.E0,0.E0));
#5256=DIRECTION('',(0.E0,0.E0,-1.E0));
#5257=AXIS2_PLACEMENT_3D('',#5254,#5255,#5256);
#5258=PLANE('',#5257);
#5259=ORIENTED_EDGE('',*,*,#3470,.T.);
#5261=ORIENTED_EDGE('',*,*,#5260,.F.);
#5263=ORIENTED_EDGE('',*,*,#5262,.T.);
#5264=ORIENTED_EDGE('',*,*,#5246,.F.);
#5265=EDGE_LOOP('',(#5259,#5261,#5263,#5264));
#5266=FACE_OUTER_BOUND('',#5265,.F.);
#5267=ADVANCED_FACE('',(#5266),#5258,.F.);
#5268=CARTESIAN_POINT('',(1.05E0,6.E-2,1.55E0));
#5269=DIRECTION('',(0.E0,0.E0,1.E0));
#5270=DIRECTION('',(-1.E0,0.E0,0.E0));
#5271=AXIS2_PLACEMENT_3D('',#5268,#5269,#5270);
#5272=PLANE('',#5271);
#5273=ORIENTED_EDGE('',*,*,#3468,.T.);
#5275=ORIENTED_EDGE('',*,*,#5274,.F.);
#5277=ORIENTED_EDGE('',*,*,#5276,.T.);
#5278=ORIENTED_EDGE('',*,*,#5260,.T.);
#5279=EDGE_LOOP('',(#5273,#5275,#5277,#5278));
#5280=FACE_OUTER_BOUND('',#5279,.F.);
#5281=ADVANCED_FACE('',(#5280),#5272,.F.);
#5282=CARTESIAN_POINT('',(1.05E0,6.E-2,-1.55E0));
#5283=DIRECTION('',(1.E0,0.E0,0.E0));
#5284=DIRECTION('',(0.E0,0.E0,1.E0));
#5285=AXIS2_PLACEMENT_3D('',#5282,#5283,#5284);
#5286=PLANE('',#5285);
#5287=ORIENTED_EDGE('',*,*,#3466,.T.);
#5288=ORIENTED_EDGE('',*,*,#5235,.F.);
#5290=ORIENTED_EDGE('',*,*,#5289,.T.);
#5291=ORIENTED_EDGE('',*,*,#5274,.T.);
#5292=EDGE_LOOP('',(#5287,#5288,#5290,#5291));
#5293=FACE_OUTER_BOUND('',#5292,.F.);
#5294=ADVANCED_FACE('',(#5293),#5286,.F.);
#5295=CARTESIAN_POINT('',(0.E0,6.E-2,0.E0));
#5296=DIRECTION('',(0.E0,1.E0,0.E0));
#5297=DIRECTION('',(1.E0,0.E0,0.E0));
#5298=AXIS2_PLACEMENT_3D('',#5295,#5296,#5297);
#5299=PLANE('',#5298);
#5301=ORIENTED_EDGE('',*,*,#5300,.F.);
#5303=ORIENTED_EDGE('',*,*,#5302,.F.);
#5305=ORIENTED_EDGE('',*,*,#5304,.F.);
#5307=ORIENTED_EDGE('',*,*,#5306,.F.);
#5308=EDGE_LOOP('',(#5301,#5303,#5305,#5307));
#5309=FACE_OUTER_BOUND('',#5308,.F.);
#5310=ORIENTED_EDGE('',*,*,#5262,.F.);
#5311=ORIENTED_EDGE('',*,*,#5276,.F.);
#5312=ORIENTED_EDGE('',*,*,#5289,.F.);
#5313=ORIENTED_EDGE('',*,*,#5233,.F.);
#5314=ORIENTED_EDGE('',*,*,#5248,.T.);
#5315=EDGE_LOOP('',(#5310,#5311,#5312,#5313,#5314));
#5316=FACE_BOUND('',#5315,.F.);
#5317=ADVANCED_FACE('',(#5309,#5316),#5299,.T.);
#5318=FILL_AREA_STYLE_COLOUR('',#41);
#5319=FILL_AREA_STYLE('',(#5318));
#5320=SURFACE_STYLE_FILL_AREA(#5319);
#5321=SURFACE_SIDE_STYLE('',(#5320));
#5322=SURFACE_STYLE_USAGE(.POSITIVE.,#5321);
#5323=FILL_AREA_STYLE_COLOUR('',#8);
#5324=FILL_AREA_STYLE('',(#5323));
#5325=SURFACE_STYLE_FILL_AREA(#5324);
#5326=SURFACE_SIDE_STYLE('',(#5325));
#5327=SURFACE_STYLE_USAGE(.NEGATIVE.,#5326);
#5328=PRESENTATION_STYLE_ASSIGNMENT((#5322,#5327));
#5329=OVER_RIDING_STYLED_ITEM('',(#5328),#5317,#42);
#5330=CARTESIAN_POINT('',(-1.15E0,6.E-2,-1.65E0));
#5331=DIRECTION('',(-1.E0,0.E0,0.E0));
#5332=DIRECTION('',(0.E0,0.E0,1.E0));
#5333=AXIS2_PLACEMENT_3D('',#5330,#5331,#5332);
#5334=PLANE('',#5333);
#5336=ORIENTED_EDGE('',*,*,#5335,.F.);
#5338=ORIENTED_EDGE('',*,*,#5337,.F.);
#5340=ORIENTED_EDGE('',*,*,#5339,.F.);
#5341=ORIENTED_EDGE('',*,*,#5300,.T.);
#5342=EDGE_LOOP('',(#5336,#5338,#5340,#5341));
#5343=FACE_OUTER_BOUND('',#5342,.F.);
#5344=ADVANCED_FACE('',(#5343),#5334,.F.);
#5345=CARTESIAN_POINT('',(-1.15E0,6.E-2,1.65E0));
#5346=DIRECTION('',(0.E0,0.E0,1.E0));
#5347=DIRECTION('',(1.E0,0.E0,0.E0));
#5348=AXIS2_PLACEMENT_3D('',#5345,#5346,#5347);
#5349=PLANE('',#5348);
#5351=ORIENTED_EDGE('',*,*,#5350,.F.);
#5353=ORIENTED_EDGE('',*,*,#5352,.F.);
#5354=ORIENTED_EDGE('',*,*,#5335,.T.);
#5355=ORIENTED_EDGE('',*,*,#5306,.T.);
#5356=EDGE_LOOP('',(#5351,#5353,#5354,#5355));
#5357=FACE_OUTER_BOUND('',#5356,.F.);
#5358=ADVANCED_FACE('',(#5357),#5349,.F.);
#5359=CARTESIAN_POINT('',(1.15E0,6.E-2,1.65E0));
#5360=DIRECTION('',(1.E0,0.E0,0.E0));
#5361=DIRECTION('',(0.E0,0.E0,-1.E0));
#5362=AXIS2_PLACEMENT_3D('',#5359,#5360,#5361);
#5363=PLANE('',#5362);
#5365=ORIENTED_EDGE('',*,*,#5364,.F.);
#5367=ORIENTED_EDGE('',*,*,#5366,.F.);
#5368=ORIENTED_EDGE('',*,*,#5350,.T.);
#5369=ORIENTED_EDGE('',*,*,#5304,.T.);
#5370=EDGE_LOOP('',(#5365,#5367,#5368,#5369));
#5371=FACE_OUTER_BOUND('',#5370,.F.);
#5372=ADVANCED_FACE('',(#5371),#5363,.F.);
#5373=CARTESIAN_POINT('',(1.15E0,6.E-2,-1.65E0));
#5374=DIRECTION('',(0.E0,0.E0,-1.E0));
#5375=DIRECTION('',(-1.E0,0.E0,0.E0));
#5376=AXIS2_PLACEMENT_3D('',#5373,#5374,#5375);
#5377=PLANE('',#5376);
#5378=ORIENTED_EDGE('',*,*,#5339,.T.);
#5380=ORIENTED_EDGE('',*,*,#5379,.F.);
#5381=ORIENTED_EDGE('',*,*,#5364,.T.);
#5382=ORIENTED_EDGE('',*,*,#5302,.T.);
#5383=EDGE_LOOP('',(#5378,#5380,#5381,#5382));
#5384=FACE_OUTER_BOUND('',#5383,.F.);
#5385=ADVANCED_FACE('',(#5384),#5377,.F.);
#5386=CARTESIAN_POINT('',(0.E0,1.75E-1,0.E0));
#5387=DIRECTION('',(0.E0,1.E0,0.E0));
#5388=DIRECTION('',(1.E0,0.E0,0.E0));
#5389=AXIS2_PLACEMENT_3D('',#5386,#5387,#5388);
#5390=PLANE('',#5389);
#5391=ORIENTED_EDGE('',*,*,#5337,.T.);
#5392=ORIENTED_EDGE('',*,*,#5352,.T.);
#5393=ORIENTED_EDGE('',*,*,#5366,.T.);
#5394=ORIENTED_EDGE('',*,*,#5379,.T.);
#5395=EDGE_LOOP('',(#5391,#5392,#5393,#5394));
#5396=FACE_OUTER_BOUND('',#5395,.F.);
#5397=ADVANCED_FACE('',(#5396),#5390,.F.);
#5398=CLOSED_SHELL('',(#3476,#3554,#3569,#3582,#3595,#3607,#3621,#3635,#3648,
#3660,#3674,#3688,#3701,#3713,#3727,#3741,#3754,#3766,#3780,#3794,#3807,#3819,
#3833,#3847,#3860,#3872,#3886,#3900,#3913,#3925,#3939,#3953,#3966,#3978,#3992,
#4006,#4019,#4031,#4080,#4095,#4108,#4121,#4133,#4147,#4161,#4174,#4186,#4200,
#4214,#4227,#4239,#4253,#4267,#4280,#4292,#4306,#4320,#4333,#4345,#4422,#4436,
#4450,#4463,#4475,#4523,#4538,#4551,#4564,#4576,#4588,#4602,#4616,#4629,#4641,
#4655,#4669,#4682,#4694,#4708,#4722,#4735,#4747,#4761,#4775,#4788,#4800,#4814,
#4828,#4841,#4853,#4867,#4881,#4894,#4906,#4920,#4934,#4947,#4959,#4973,#4987,
#5000,#5012,#5026,#5040,#5053,#5065,#5079,#5093,#5106,#5118,#5132,#5146,#5159,
#5171,#5185,#5199,#5212,#5224,#5239,#5253,#5267,#5281,#5294,#5317,#5344,#5358,
#5372,#5385,#5397));
#5399=MANIFOLD_SOLID_BREP('',#5398);
#5400=FILL_AREA_STYLE_COLOUR('',#8);
#5401=FILL_AREA_STYLE('',(#5400));
#5402=SURFACE_STYLE_FILL_AREA(#5401);
#5403=SURFACE_SIDE_STYLE('',(#5402));
#5404=SURFACE_STYLE_USAGE(.BOTH.,#5403);
#5405=PRESENTATION_STYLE_ASSIGNMENT((#5404));
#42=STYLED_ITEM('',(#5405),#5399);
#5407=DIMENSIONAL_EXPONENTS(0.E0,0.E0,0.E0,0.E0,0.E0,0.E0,0.E0);
#5409=PLANE_ANGLE_MEASURE_WITH_UNIT(PLANE_ANGLE_MEASURE(1.745329251994E-2),
#5408);
#5410=(CONVERSION_BASED_UNIT('DEGREE',#5409)NAMED_UNIT(#5407)PLANE_ANGLE_UNIT(
));
#5412=UNCERTAINTY_MEASURE_WITH_UNIT(LENGTH_MEASURE(6.270713999452E-4),#5406,
'distance_accuracy_value',
'Maximum model space distance between geometric entities at asserted connectivities');
#5413=(GEOMETRIC_REPRESENTATION_CONTEXT(3)GLOBAL_UNCERTAINTY_ASSIGNED_CONTEXT((
#5412))GLOBAL_UNIT_ASSIGNED_CONTEXT((#5406,#5410,#5411))REPRESENTATION_CONTEXT(
'ID1','3'));
#5414=CARTESIAN_POINT('',(0.E0,0.E0,0.E0));
#5415=DIRECTION('',(0.E0,0.E0,1.E0));
#5416=DIRECTION('',(1.E0,0.E0,0.E0));
#5419=APPLICATION_CONTEXT('automotive_design');
#5420=APPLICATION_PROTOCOL_DEFINITION('international standard',
'automotive_design',2001,#5419);
#5421=PRODUCT_DEFINITION_CONTEXT('part definition',#5419,'design');
#5422=PRODUCT_CONTEXT('',#5419,'mechanical');
#5423=PRODUCT('BODY-QFN','BODY-QFN','NOT SPECIFIED',(#5422));
#5424=PRODUCT_DEFINITION_FORMATION('103','LAST_VERSION',#5423);
#5432=DERIVED_UNIT_ELEMENT(#5431,2.E0);
#5433=DERIVED_UNIT((#5432));
#5434=MEASURE_REPRESENTATION_ITEM('surface area measure',AREA_MEASURE(
5.478157888341E1),#5433);
#5439=DERIVED_UNIT_ELEMENT(#5438,3.E0);
#5440=DERIVED_UNIT((#5439));
#5441=MEASURE_REPRESENTATION_ITEM('volume measure',VOLUME_MEASURE(
1.372550592786E1),#5440);
#5445=CARTESIAN_POINT('centre point',(-2.499036469306E-4,5.347376256705E-1,
-3.838134725918E-4));
#5450=DERIVED_UNIT_ELEMENT(#5449,2.E0);
#5451=DERIVED_UNIT((#5450));
#5452=MEASURE_REPRESENTATION_ITEM('surface area measure',AREA_MEASURE(
5.478157888341E1),#5451);
#5457=DERIVED_UNIT_ELEMENT(#5456,3.E0);
#5458=DERIVED_UNIT((#5457));
#5459=MEASURE_REPRESENTATION_ITEM('volume measure',VOLUME_MEASURE(
1.372550592786E1),#5458);
#5463=CARTESIAN_POINT('centre point',(-2.499036469306E-4,5.347376256705E-1,
-3.838134725918E-4));
#5473=CARTESIAN_POINT('centre point',(-2.499036469306E-4,3.838134725918E-4,
5.597376256705E-1));
#5477=CARTESIAN_POINT('',(0.E0,0.E0,2.5E-2));
#5478=DIRECTION('',(0.E0,-1.E0,0.E0));
#5479=DIRECTION('',(1.E0,0.E0,0.E0));
#5480=AXIS2_PLACEMENT_3D('',#5477,#5478,#5479);
#5481=ITEM_DEFINED_TRANSFORMATION('','',#5417,#5480);
#5482=(REPRESENTATION_RELATIONSHIP('','',#5418,#5470)REPRESENTATION_RELATIONSHIP_WITH_TRANSFORMATION(#5481)SHAPE_REPRESENTATION_RELATIONSHIP());
#5483=CONTEXT_DEPENDENT_SHAPE_REPRESENTATION(#5482,#5472);
#5485=DIRECTION('',(-7.071067811865E-1,0.E0,7.071067811865E-1));
#5486=VECTOR('',#5485,4.949747468306E-1);
#5487=CARTESIAN_POINT('',(-7.E-1,1.E-1,-1.55E0));
#5488=LINE('',#5487,#5486);
#5489=CURVE_STYLE('',#47,POSITIVE_LENGTH_MEASURE(2.E-2),#28);
#5490=PRESENTATION_STYLE_ASSIGNMENT((#5489));
#5491=STYLED_ITEM('',(#5490),#5488);
#5492=DIRECTION('',(0.E0,1.E0,0.E0));
#5493=VECTOR('',#5492,1.E-1);
#5494=CARTESIAN_POINT('',(-1.05E0,0.E0,-1.2E0));
#5495=LINE('',#5494,#5493);
#5496=CURVE_STYLE('',#47,POSITIVE_LENGTH_MEASURE(2.E-2),#28);
#5497=PRESENTATION_STYLE_ASSIGNMENT((#5496));
#5498=STYLED_ITEM('',(#5497),#5495);
#5499=DIRECTION('',(0.E0,-1.E0,0.E0));
#5500=VECTOR('',#5499,1.E-1);
#5501=CARTESIAN_POINT('',(-1.05E0,1.E-1,1.55E0));
#5502=LINE('',#5501,#5500);
#5503=CURVE_STYLE('',#47,POSITIVE_LENGTH_MEASURE(2.E-2),#28);
#5504=PRESENTATION_STYLE_ASSIGNMENT((#5503));
#5505=STYLED_ITEM('',(#5504),#5502);
#5506=DIRECTION('',(0.E0,0.E0,1.E0));
#5507=VECTOR('',#5506,3.3E0);
#5508=CARTESIAN_POINT('',(-1.15E0,1.E-1,-1.65E0));
#5509=LINE('',#5508,#5507);
#5510=CURVE_STYLE('',#47,POSITIVE_LENGTH_MEASURE(2.E-2),#28);
#5511=PRESENTATION_STYLE_ASSIGNMENT((#5510));
#5512=STYLED_ITEM('',(#5511),#5509);
#5513=DIRECTION('',(1.E0,0.E0,0.E0));
#5514=VECTOR('',#5513,2.3E0);
#5515=CARTESIAN_POINT('',(-1.15E0,1.E-1,1.65E0));
#5516=LINE('',#5515,#5514);
#5517=CURVE_STYLE('',#47,POSITIVE_LENGTH_MEASURE(2.E-2),#28);
#5518=PRESENTATION_STYLE_ASSIGNMENT((#5517));
#5519=STYLED_ITEM('',(#5518),#5516);
#5520=DIRECTION('',(0.E0,0.E0,-1.E0));
#5521=VECTOR('',#5520,3.3E0);
#5522=CARTESIAN_POINT('',(1.15E0,1.E-1,1.65E0));
#5523=LINE('',#5522,#5521);
#5524=CURVE_STYLE('',#47,POSITIVE_LENGTH_MEASURE(2.E-2),#28);
#5525=PRESENTATION_STYLE_ASSIGNMENT((#5524));
#5526=STYLED_ITEM('',(#5525),#5523);
#5527=DIRECTION('',(-1.E0,0.E0,0.E0));
#5528=VECTOR('',#5527,2.3E0);
#5529=CARTESIAN_POINT('',(1.15E0,1.E-1,-1.65E0));
#5530=LINE('',#5529,#5528);
#5531=CURVE_STYLE('',#47,POSITIVE_LENGTH_MEASURE(2.E-2),#28);
#5532=PRESENTATION_STYLE_ASSIGNMENT((#5531));
#5533=STYLED_ITEM('',(#5532),#5530);
#5534=DIRECTION('',(0.E0,0.E0,-1.E0));
#5535=VECTOR('',#5534,2.75E0);
#5536=CARTESIAN_POINT('',(-1.05E0,1.E-1,1.55E0));
#5537=LINE('',#5536,#5535);
#5538=CURVE_STYLE('',#47,POSITIVE_LENGTH_MEASURE(2.E-2),#28);
#5539=PRESENTATION_STYLE_ASSIGNMENT((#5538));
#5540=STYLED_ITEM('',(#5539),#5537);
#5541=DIRECTION('',(1.E0,0.E0,0.E0));
#5542=VECTOR('',#5541,1.75E0);
#5543=CARTESIAN_POINT('',(-7.E-1,1.E-1,-1.55E0));
#5544=LINE('',#5543,#5542);
#5545=CURVE_STYLE('',#47,POSITIVE_LENGTH_MEASURE(2.E-2),#28);
#5546=PRESENTATION_STYLE_ASSIGNMENT((#5545));
#5547=STYLED_ITEM('',(#5546),#5544);
#5548=DIRECTION('',(0.E0,0.E0,1.E0));
#5549=VECTOR('',#5548,3.1E0);
#5550=CARTESIAN_POINT('',(1.05E0,1.E-1,-1.55E0));
#5551=LINE('',#5550,#5549);
#5552=CURVE_STYLE('',#47,POSITIVE_LENGTH_MEASURE(2.E-2),#28);
#5553=PRESENTATION_STYLE_ASSIGNMENT((#5552));
#5554=STYLED_ITEM('',(#5553),#5551);
#5555=DIRECTION('',(-1.E0,0.E0,0.E0));
#5556=VECTOR('',#5555,2.1E0);
#5557=CARTESIAN_POINT('',(1.05E0,1.E-1,1.55E0));
#5558=LINE('',#5557,#5556);
#5559=CURVE_STYLE('',#47,POSITIVE_LENGTH_MEASURE(2.E-2),#28);
#5560=PRESENTATION_STYLE_ASSIGNMENT((#5559));
#5561=STYLED_ITEM('',(#5560),#5558);
#5562=DIRECTION('',(0.E0,1.E0,0.E0));
#5563=VECTOR('',#5562,1.E-1);
#5564=CARTESIAN_POINT('',(-1.15E0,1.E-1,-1.65E0));
#5565=LINE('',#5564,#5563);
#5566=CURVE_STYLE('',#47,POSITIVE_LENGTH_MEASURE(2.E-2),#28);
#5567=PRESENTATION_STYLE_ASSIGNMENT((#5566));
#5568=STYLED_ITEM('',(#5567),#5565);
#5569=DIRECTION('',(0.E0,1.E0,0.E0));
#5570=VECTOR('',#5569,1.E-1);
#5571=CARTESIAN_POINT('',(1.15E0,1.E-1,-1.65E0));
#5572=LINE('',#5571,#5570);
#5573=CURVE_STYLE('',#47,POSITIVE_LENGTH_MEASURE(2.E-2),#28);
#5574=PRESENTATION_STYLE_ASSIGNMENT((#5573));
#5575=STYLED_ITEM('',(#5574),#5572);
#5576=DIRECTION('',(0.E0,1.E0,0.E0));
#5577=VECTOR('',#5576,1.E-1);
#5578=CARTESIAN_POINT('',(1.15E0,1.E-1,1.65E0));
#5579=LINE('',#5578,#5577);
#5580=CURVE_STYLE('',#47,POSITIVE_LENGTH_MEASURE(2.E-2),#28);
#5581=PRESENTATION_STYLE_ASSIGNMENT((#5580));
#5582=STYLED_ITEM('',(#5581),#5579);
#5583=DIRECTION('',(0.E0,1.E0,0.E0));
#5584=VECTOR('',#5583,1.E-1);
#5585=CARTESIAN_POINT('',(-1.15E0,1.E-1,1.65E0));
#5586=LINE('',#5585,#5584);
#5587=CURVE_STYLE('',#47,POSITIVE_LENGTH_MEASURE(2.E-2),#28);
#5588=PRESENTATION_STYLE_ASSIGNMENT((#5587));
#5589=STYLED_ITEM('',(#5588),#5586);
#5590=DIRECTION('',(0.E0,0.E0,1.E0));
#5591=VECTOR('',#5590,3.3E0);
#5592=CARTESIAN_POINT('',(-1.15E0,2.E-1,-1.65E0));
#5593=LINE('',#5592,#5591);
#5594=CURVE_STYLE('',#47,POSITIVE_LENGTH_MEASURE(2.E-2),#28);
#5595=PRESENTATION_STYLE_ASSIGNMENT((#5594));
#5596=STYLED_ITEM('',(#5595),#5593);
#5597=DIRECTION('',(-1.E0,0.E0,0.E0));
#5598=VECTOR('',#5597,2.3E0);
#5599=CARTESIAN_POINT('',(1.15E0,2.E-1,-1.65E0));
#5600=LINE('',#5599,#5598);
#5601=CURVE_STYLE('',#47,POSITIVE_LENGTH_MEASURE(2.E-2),#28);
#5602=PRESENTATION_STYLE_ASSIGNMENT((#5601));
#5603=STYLED_ITEM('',(#5602),#5600);
#5604=DIRECTION('',(0.E0,0.E0,-1.E0));
#5605=VECTOR('',#5604,3.3E0);
#5606=CARTESIAN_POINT('',(1.15E0,2.E-1,1.65E0));
#5607=LINE('',#5606,#5605);
#5608=CURVE_STYLE('',#47,POSITIVE_LENGTH_MEASURE(2.E-2),#28);
#5609=PRESENTATION_STYLE_ASSIGNMENT((#5608));
#5610=STYLED_ITEM('',(#5609),#5607);
#5611=DIRECTION('',(1.E0,0.E0,0.E0));
#5612=VECTOR('',#5611,2.3E0);
#5613=CARTESIAN_POINT('',(-1.15E0,2.E-1,1.65E0));
#5614=LINE('',#5613,#5612);
#5615=CURVE_STYLE('',#47,POSITIVE_LENGTH_MEASURE(2.E-2),#28);
#5616=PRESENTATION_STYLE_ASSIGNMENT((#5615));
#5617=STYLED_ITEM('',(#5616),#5614);
#5618=DIRECTION('',(0.E0,1.E0,0.E0));
#5619=VECTOR('',#5618,1.E-1);
#5620=CARTESIAN_POINT('',(-7.E-1,0.E0,-1.55E0));
#5621=LINE('',#5620,#5619);
#5622=CURVE_STYLE('',#47,POSITIVE_LENGTH_MEASURE(2.E-2),#28);
#5623=PRESENTATION_STYLE_ASSIGNMENT((#5622));
#5624=STYLED_ITEM('',(#5623),#5621);
#5625=DIRECTION('',(7.071067811865E-1,0.E0,-7.071067811865E-1));
#5626=VECTOR('',#5625,4.949747468306E-1);
#5627=CARTESIAN_POINT('',(-1.05E0,0.E0,-1.2E0));
#5628=LINE('',#5627,#5626);
#5629=CURVE_STYLE('',#47,POSITIVE_LENGTH_MEASURE(2.E-2),#28);
#5630=PRESENTATION_STYLE_ASSIGNMENT((#5629));
#5631=STYLED_ITEM('',(#5630),#5628);
#5632=DIRECTION('',(0.E0,0.E0,-1.E0));
#5633=VECTOR('',#5632,2.75E0);
#5634=CARTESIAN_POINT('',(-1.05E0,0.E0,1.55E0));
#5635=LINE('',#5634,#5633);
#5636=CURVE_STYLE('',#47,POSITIVE_LENGTH_MEASURE(2.E-2),#28);
#5637=PRESENTATION_STYLE_ASSIGNMENT((#5636));
#5638=STYLED_ITEM('',(#5637),#5635);
#5639=DIRECTION('',(-1.E0,0.E0,0.E0));
#5640=VECTOR('',#5639,2.1E0);
#5641=CARTESIAN_POINT('',(1.05E0,0.E0,1.55E0));
#5642=LINE('',#5641,#5640);
#5643=CURVE_STYLE('',#47,POSITIVE_LENGTH_MEASURE(2.E-2),#28);
#5644=PRESENTATION_STYLE_ASSIGNMENT((#5643));
#5645=STYLED_ITEM('',(#5644),#5642);
#5646=DIRECTION('',(0.E0,0.E0,1.E0));
#5647=VECTOR('',#5646,3.1E0);
#5648=CARTESIAN_POINT('',(1.05E0,0.E0,-1.55E0));
#5649=LINE('',#5648,#5647);
#5650=CURVE_STYLE('',#47,POSITIVE_LENGTH_MEASURE(2.E-2),#28);
#5651=PRESENTATION_STYLE_ASSIGNMENT((#5650));
#5652=STYLED_ITEM('',(#5651),#5649);
#5653=DIRECTION('',(1.E0,0.E0,0.E0));
#5654=VECTOR('',#5653,1.75E0);
#5655=CARTESIAN_POINT('',(-7.E-1,0.E0,-1.55E0));
#5656=LINE('',#5655,#5654);
#5657=CURVE_STYLE('',#47,POSITIVE_LENGTH_MEASURE(2.E-2),#28);
#5658=PRESENTATION_STYLE_ASSIGNMENT((#5657));
#5659=STYLED_ITEM('',(#5658),#5656);
#5660=DIRECTION('',(0.E0,-1.E0,0.E0));
#5661=VECTOR('',#5660,1.E-1);
#5662=CARTESIAN_POINT('',(1.05E0,1.E-1,1.55E0));
#5663=LINE('',#5662,#5661);
#5664=CURVE_STYLE('',#47,POSITIVE_LENGTH_MEASURE(2.E-2),#28);
#5665=PRESENTATION_STYLE_ASSIGNMENT((#5664));
#5666=STYLED_ITEM('',(#5665),#5663);
#5667=DIRECTION('',(0.E0,-1.E0,0.E0));
#5668=VECTOR('',#5667,1.E-1);
#5669=CARTESIAN_POINT('',(1.05E0,1.E-1,-1.55E0));
#5670=LINE('',#5669,#5668);
#5671=CURVE_STYLE('',#47,POSITIVE_LENGTH_MEASURE(2.E-2),#28);
#5672=PRESENTATION_STYLE_ASSIGNMENT((#5671));
#5673=STYLED_ITEM('',(#5672),#5670);
#5674=CARTESIAN_POINT('',(-1.15E0,1.E-1,-1.65E0));
#5675=CARTESIAN_POINT('',(-1.15E0,1.E-1,1.65E0));
#5676=VERTEX_POINT('',#5674);
#5677=VERTEX_POINT('',#5675);
#5678=CARTESIAN_POINT('',(1.15E0,1.E-1,1.65E0));
#5679=VERTEX_POINT('',#5678);
#5680=CARTESIAN_POINT('',(1.15E0,1.E-1,-1.65E0));
#5681=VERTEX_POINT('',#5680);
#5682=CARTESIAN_POINT('',(-1.15E0,2.E-1,-1.65E0));
#5683=CARTESIAN_POINT('',(-1.15E0,2.E-1,1.65E0));
#5684=VERTEX_POINT('',#5682);
#5685=VERTEX_POINT('',#5683);
#5686=CARTESIAN_POINT('',(1.15E0,2.E-1,1.65E0));
#5687=VERTEX_POINT('',#5686);
#5688=CARTESIAN_POINT('',(1.15E0,2.E-1,-1.65E0));
#5689=VERTEX_POINT('',#5688);
#5690=CARTESIAN_POINT('',(1.05E0,0.E0,1.55E0));
#5691=CARTESIAN_POINT('',(-1.05E0,0.E0,1.55E0));
#5692=VERTEX_POINT('',#5690);
#5693=VERTEX_POINT('',#5691);
#5694=CARTESIAN_POINT('',(1.05E0,0.E0,-1.55E0));
#5695=VERTEX_POINT('',#5694);
#5696=CARTESIAN_POINT('',(1.05E0,1.E-1,1.55E0));
#5697=CARTESIAN_POINT('',(-1.05E0,1.E-1,1.55E0));
#5698=VERTEX_POINT('',#5696);
#5699=VERTEX_POINT('',#5697);
#5700=CARTESIAN_POINT('',(1.05E0,1.E-1,-1.55E0));
#5701=VERTEX_POINT('',#5700);
#5702=CARTESIAN_POINT('',(-1.05E0,0.E0,-1.2E0));
#5703=CARTESIAN_POINT('',(-1.05E0,1.E-1,-1.2E0));
#5704=VERTEX_POINT('',#5702);
#5705=VERTEX_POINT('',#5703);
#5706=CARTESIAN_POINT('',(-7.E-1,0.E0,-1.55E0));
#5707=VERTEX_POINT('',#5706);
#5708=CARTESIAN_POINT('',(-7.E-1,1.E-1,-1.55E0));
#5709=VERTEX_POINT('',#5708);
#5710=CARTESIAN_POINT('',(-8.75E-1,5.E-2,-1.375E0));
#5711=DIRECTION('',(-7.071067811865E-1,0.E0,-7.071067811865E-1));
#5712=DIRECTION('',(-7.071067811865E-1,0.E0,7.071067811865E-1));
#5713=AXIS2_PLACEMENT_3D('',#5710,#5711,#5712);
#5714=PLANE('',#5713);
#5716=ORIENTED_EDGE('',*,*,#5715,.F.);
#5718=ORIENTED_EDGE('',*,*,#5717,.T.);
#5720=ORIENTED_EDGE('',*,*,#5719,.T.);
#5722=ORIENTED_EDGE('',*,*,#5721,.T.);
#5723=EDGE_LOOP('',(#5716,#5718,#5720,#5722));
#5724=FACE_OUTER_BOUND('',#5723,.F.);
#5725=ADVANCED_FACE('',(#5724),#5714,.T.);
#5726=CARTESIAN_POINT('',(-1.05E0,1.E-1,1.55E0));
#5727=DIRECTION('',(-1.E0,0.E0,0.E0));
#5728=DIRECTION('',(0.E0,0.E0,-1.E0));
#5729=AXIS2_PLACEMENT_3D('',#5726,#5727,#5728);
#5730=PLANE('',#5729);
#5731=ORIENTED_EDGE('',*,*,#5715,.T.);
#5733=ORIENTED_EDGE('',*,*,#5732,.F.);
#5735=ORIENTED_EDGE('',*,*,#5734,.T.);
#5737=ORIENTED_EDGE('',*,*,#5736,.T.);
#5738=EDGE_LOOP('',(#5731,#5733,#5735,#5737));
#5739=FACE_OUTER_BOUND('',#5738,.F.);
#5740=ADVANCED_FACE('',(#5739),#5730,.T.);
#5741=CARTESIAN_POINT('',(0.E0,1.E-1,0.E0));
#5742=DIRECTION('',(0.E0,1.E0,0.E0));
#5743=DIRECTION('',(1.E0,0.E0,0.E0));
#5744=AXIS2_PLACEMENT_3D('',#5741,#5742,#5743);
#5745=PLANE('',#5744);
#5747=ORIENTED_EDGE('',*,*,#5746,.T.);
#5749=ORIENTED_EDGE('',*,*,#5748,.T.);
#5751=ORIENTED_EDGE('',*,*,#5750,.T.);
#5753=ORIENTED_EDGE('',*,*,#5752,.T.);
#5754=EDGE_LOOP('',(#5747,#5749,#5751,#5753));
#5755=FACE_OUTER_BOUND('',#5754,.F.);
#5756=ORIENTED_EDGE('',*,*,#5732,.T.);
#5757=ORIENTED_EDGE('',*,*,#5721,.F.);
#5759=ORIENTED_EDGE('',*,*,#5758,.T.);
#5761=ORIENTED_EDGE('',*,*,#5760,.T.);
#5763=ORIENTED_EDGE('',*,*,#5762,.T.);
#5764=EDGE_LOOP('',(#5756,#5757,#5759,#5761,#5763));
#5765=FACE_BOUND('',#5764,.F.);
#5766=ADVANCED_FACE('',(#5755,#5765),#5745,.F.);
#5767=CARTESIAN_POINT('',(-1.15E0,1.E-1,-1.65E0));
#5768=DIRECTION('',(-1.E0,0.E0,0.E0));
#5769=DIRECTION('',(0.E0,0.E0,1.E0));
#5770=AXIS2_PLACEMENT_3D('',#5767,#5768,#5769);
#5771=PLANE('',#5770);
#5772=ORIENTED_EDGE('',*,*,#5746,.F.);
#5774=ORIENTED_EDGE('',*,*,#5773,.T.);
#5776=ORIENTED_EDGE('',*,*,#5775,.T.);
#5778=ORIENTED_EDGE('',*,*,#5777,.F.);
#5779=EDGE_LOOP('',(#5772,#5774,#5776,#5778));
#5780=FACE_OUTER_BOUND('',#5779,.F.);
#5781=ADVANCED_FACE('',(#5780),#5771,.T.);
#5782=CARTESIAN_POINT('',(1.15E0,1.E-1,-1.65E0));
#5783=DIRECTION('',(0.E0,0.E0,-1.E0));
#5784=DIRECTION('',(-1.E0,0.E0,0.E0));
#5785=AXIS2_PLACEMENT_3D('',#5782,#5783,#5784);
#5786=PLANE('',#5785);
#5787=ORIENTED_EDGE('',*,*,#5752,.F.);
#5789=ORIENTED_EDGE('',*,*,#5788,.T.);
#5791=ORIENTED_EDGE('',*,*,#5790,.T.);
#5792=ORIENTED_EDGE('',*,*,#5773,.F.);
#5793=EDGE_LOOP('',(#5787,#5789,#5791,#5792));
#5794=FACE_OUTER_BOUND('',#5793,.F.);
#5795=ADVANCED_FACE('',(#5794),#5786,.T.);
#5796=CARTESIAN_POINT('',(1.15E0,1.E-1,1.65E0));
#5797=DIRECTION('',(1.E0,0.E0,0.E0));
#5798=DIRECTION('',(0.E0,0.E0,-1.E0));
#5799=AXIS2_PLACEMENT_3D('',#5796,#5797,#5798);
#5800=PLANE('',#5799);
#5801=ORIENTED_EDGE('',*,*,#5750,.F.);
#5803=ORIENTED_EDGE('',*,*,#5802,.T.);
#5805=ORIENTED_EDGE('',*,*,#5804,.T.);
#5806=ORIENTED_EDGE('',*,*,#5788,.F.);
#5807=EDGE_LOOP('',(#5801,#5803,#5805,#5806));
#5808=FACE_OUTER_BOUND('',#5807,.F.);
#5809=ADVANCED_FACE('',(#5808),#5800,.T.);
#5810=CARTESIAN_POINT('',(-1.15E0,1.E-1,1.65E0));
#5811=DIRECTION('',(0.E0,0.E0,1.E0));
#5812=DIRECTION('',(1.E0,0.E0,0.E0));
#5813=AXIS2_PLACEMENT_3D('',#5810,#5811,#5812);
#5814=PLANE('',#5813);
#5815=ORIENTED_EDGE('',*,*,#5748,.F.);
#5816=ORIENTED_EDGE('',*,*,#5777,.T.);
#5818=ORIENTED_EDGE('',*,*,#5817,.T.);
#5819=ORIENTED_EDGE('',*,*,#5802,.F.);
#5820=EDGE_LOOP('',(#5815,#5816,#5818,#5819));
#5821=FACE_OUTER_BOUND('',#5820,.F.);
#5822=ADVANCED_FACE('',(#5821),#5814,.T.);
#5823=CARTESIAN_POINT('',(0.E0,2.E-1,0.E0));
#5824=DIRECTION('',(0.E0,1.E0,0.E0));
#5825=DIRECTION('',(1.E0,0.E0,0.E0));
#5826=AXIS2_PLACEMENT_3D('',#5823,#5824,#5825);
#5827=PLANE('',#5826);
#5828=ORIENTED_EDGE('',*,*,#5775,.F.);
#5829=ORIENTED_EDGE('',*,*,#5790,.F.);
#5830=ORIENTED_EDGE('',*,*,#5804,.F.);
#5831=ORIENTED_EDGE('',*,*,#5817,.F.);
#5832=EDGE_LOOP('',(#5828,#5829,#5830,#5831));
#5833=FACE_OUTER_BOUND('',#5832,.F.);
#5834=ADVANCED_FACE('',(#5833),#5827,.T.);
#5835=CARTESIAN_POINT('',(-1.05E0,1.E-1,-1.55E0));
#5836=DIRECTION('',(0.E0,0.E0,-1.E0));
#5837=DIRECTION('',(1.E0,0.E0,0.E0));
#5838=AXIS2_PLACEMENT_3D('',#5835,#5836,#5837);
#5839=PLANE('',#5838);
#5840=ORIENTED_EDGE('',*,*,#5719,.F.);
#5842=ORIENTED_EDGE('',*,*,#5841,.T.);
#5844=ORIENTED_EDGE('',*,*,#5843,.F.);
#5845=ORIENTED_EDGE('',*,*,#5758,.F.);
#5846=EDGE_LOOP('',(#5840,#5842,#5844,#5845));
#5847=FACE_OUTER_BOUND('',#5846,.F.);
#5848=ADVANCED_FACE('',(#5847),#5839,.T.);
#5849=CARTESIAN_POINT('',(0.E0,0.E0,0.E0));
#5850=DIRECTION('',(0.E0,-1.E0,0.E0));
#5851=DIRECTION('',(-1.E0,0.E0,0.E0));
#5852=AXIS2_PLACEMENT_3D('',#5849,#5850,#5851);
#5853=PLANE('',#5852);
#5854=ORIENTED_EDGE('',*,*,#5717,.F.);
#5855=ORIENTED_EDGE('',*,*,#5736,.F.);
#5857=ORIENTED_EDGE('',*,*,#5856,.F.);
#5859=ORIENTED_EDGE('',*,*,#5858,.F.);
#5860=ORIENTED_EDGE('',*,*,#5841,.F.);
#5861=EDGE_LOOP('',(#5854,#5855,#5857,#5859,#5860));
#5862=FACE_OUTER_BOUND('',#5861,.F.);
#5863=ADVANCED_FACE('',(#5862),#5853,.T.);
#5864=FILL_AREA_STYLE_COLOUR('',#40);
#5865=FILL_AREA_STYLE('',(#5864));
#5866=SURFACE_STYLE_FILL_AREA(#5865);
#5867=SURFACE_SIDE_STYLE('',(#5866));
#5868=SURFACE_STYLE_USAGE(.POSITIVE.,#5867);
#5869=FILL_AREA_STYLE_COLOUR('',#28);
#5870=FILL_AREA_STYLE('',(#5869));
#5871=SURFACE_STYLE_FILL_AREA(#5870);
#5872=SURFACE_SIDE_STYLE('',(#5871));
#5873=SURFACE_STYLE_USAGE(.NEGATIVE.,#5872);
#5874=PRESENTATION_STYLE_ASSIGNMENT((#5868,#5873));
#5875=OVER_RIDING_STYLED_ITEM('',(#5874),#5863,#5484);
#5876=CARTESIAN_POINT('',(1.05E0,1.E-1,1.55E0));
#5877=DIRECTION('',(0.E0,0.E0,1.E0));
#5878=DIRECTION('',(-1.E0,0.E0,0.E0));
#5879=AXIS2_PLACEMENT_3D('',#5876,#5877,#5878);
#5880=PLANE('',#5879);
#5881=ORIENTED_EDGE('',*,*,#5762,.F.);
#5883=ORIENTED_EDGE('',*,*,#5882,.T.);
#5884=ORIENTED_EDGE('',*,*,#5856,.T.);
#5885=ORIENTED_EDGE('',*,*,#5734,.F.);
#5886=EDGE_LOOP('',(#5881,#5883,#5884,#5885));
#5887=FACE_OUTER_BOUND('',#5886,.F.);
#5888=ADVANCED_FACE('',(#5887),#5880,.T.);
#5889=CARTESIAN_POINT('',(1.05E0,1.E-1,-1.55E0));
#5890=DIRECTION('',(1.E0,0.E0,0.E0));
#5891=DIRECTION('',(0.E0,0.E0,1.E0));
#5892=AXIS2_PLACEMENT_3D('',#5889,#5890,#5891);
#5893=PLANE('',#5892);
#5894=ORIENTED_EDGE('',*,*,#5760,.F.);
#5895=ORIENTED_EDGE('',*,*,#5843,.T.);
#5896=ORIENTED_EDGE('',*,*,#5858,.T.);
#5897=ORIENTED_EDGE('',*,*,#5882,.F.);
#5898=EDGE_LOOP('',(#5894,#5895,#5896,#5897));
#5899=FACE_OUTER_BOUND('',#5898,.F.);
#5900=ADVANCED_FACE('',(#5899),#5893,.T.);
#5901=CLOSED_SHELL('',(#5725,#5740,#5766,#5781,#5795,#5809,#5822,#5834,#5848,
#5863,#5888,#5900));
#5902=MANIFOLD_SOLID_BREP('',#5901);
#5903=FILL_AREA_STYLE_COLOUR('',#28);
#5904=FILL_AREA_STYLE('',(#5903));
#5905=SURFACE_STYLE_FILL_AREA(#5904);
#5906=SURFACE_SIDE_STYLE('',(#5905));
#5907=SURFACE_STYLE_USAGE(.BOTH.,#5906);
#5908=PRESENTATION_STYLE_ASSIGNMENT((#5907));
#5484=STYLED_ITEM('',(#5908),#5902);
#5910=DIRECTION('',(-1.E0,0.E0,0.E0));
#5911=VECTOR('',#5910,3.E-1);
#5912=CARTESIAN_POINT('',(1.75E0,0.E0,1.5E0));
#5913=LINE('',#5912,#5911);
#5914=CURVE_STYLE('',#47,POSITIVE_LENGTH_MEASURE(2.E-2),#28);
#5915=PRESENTATION_STYLE_ASSIGNMENT((#5914));
#5916=STYLED_ITEM('',(#5915),#5913);
#5917=CARTESIAN_POINT('',(1.45E0,0.E0,1.6E0));
#5918=DIRECTION('',(0.E0,1.E0,0.E0));
#5919=DIRECTION('',(0.E0,0.E0,-1.E0));
#5920=AXIS2_PLACEMENT_3D('',#5917,#5918,#5919);
#5922=CURVE_STYLE('',#47,POSITIVE_LENGTH_MEASURE(2.E-2),#28);
#5923=PRESENTATION_STYLE_ASSIGNMENT((#5922));
#5924=STYLED_ITEM('',(#5923),#5921);
#5925=DIRECTION('',(1.E0,0.E0,0.E0));
#5926=VECTOR('',#5925,3.E-1);
#5927=CARTESIAN_POINT('',(1.45E0,0.E0,1.7E0));
#5928=LINE('',#5927,#5926);
#5929=CURVE_STYLE('',#47,POSITIVE_LENGTH_MEASURE(2.E-2),#28);
#5930=PRESENTATION_STYLE_ASSIGNMENT((#5929));
#5931=STYLED_ITEM('',(#5930),#5928);
#5932=DIRECTION('',(0.E0,0.E0,-1.E0));
#5933=VECTOR('',#5932,2.E-1);
#5934=CARTESIAN_POINT('',(1.75E0,0.E0,1.7E0));
#5935=LINE('',#5934,#5933);
#5936=CURVE_STYLE('',#47,POSITIVE_LENGTH_MEASURE(2.E-2),#28);
#5937=PRESENTATION_STYLE_ASSIGNMENT((#5936));
#5938=STYLED_ITEM('',(#5937),#5935);
#5939=DIRECTION('',(0.E0,1.E0,0.E0));
#5940=VECTOR('',#5939,2.E-1);
#5941=CARTESIAN_POINT('',(1.75E0,0.E0,1.5E0));
#5942=LINE('',#5941,#5940);
#5943=CURVE_STYLE('',#47,POSITIVE_LENGTH_MEASURE(2.E-2),#28);
#5944=PRESENTATION_STYLE_ASSIGNMENT((#5943));
#5945=STYLED_ITEM('',(#5944),#5942);
#5946=DIRECTION('',(0.E0,1.E0,0.E0));
#5947=VECTOR('',#5946,2.E-1);
#5948=CARTESIAN_POINT('',(1.75E0,0.E0,1.7E0));
#5949=LINE('',#5948,#5947);
#5950=CURVE_STYLE('',#47,POSITIVE_LENGTH_MEASURE(2.E-2),#28);
#5951=PRESENTATION_STYLE_ASSIGNMENT((#5950));
#5952=STYLED_ITEM('',(#5951),#5949);
#5953=DIRECTION('',(0.E0,1.E0,0.E0));
#5954=VECTOR('',#5953,2.E-1);
#5955=CARTESIAN_POINT('',(1.45E0,0.E0,1.7E0));
#5956=LINE('',#5955,#5954);
#5957=CURVE_STYLE('',#47,POSITIVE_LENGTH_MEASURE(2.E-2),#28);
#5958=PRESENTATION_STYLE_ASSIGNMENT((#5957));
#5959=STYLED_ITEM('',(#5958),#5956);
#5960=DIRECTION('',(0.E0,1.E0,0.E0));
#5961=VECTOR('',#5960,2.E-1);
#5962=CARTESIAN_POINT('',(1.45E0,0.E0,1.5E0));
#5963=LINE('',#5962,#5961);
#5964=CURVE_STYLE('',#47,POSITIVE_LENGTH_MEASURE(2.E-2),#28);
#5965=PRESENTATION_STYLE_ASSIGNMENT((#5964));
#5966=STYLED_ITEM('',(#5965),#5963);
#5967=DIRECTION('',(-1.E0,0.E0,0.E0));
#5968=VECTOR('',#5967,3.E-1);
#5969=CARTESIAN_POINT('',(1.75E0,2.E-1,1.5E0));
#5970=LINE('',#5969,#5968);
#5971=CURVE_STYLE('',#47,POSITIVE_LENGTH_MEASURE(2.E-2),#28);
#5972=PRESENTATION_STYLE_ASSIGNMENT((#5971));
#5973=STYLED_ITEM('',(#5972),#5970);
#5974=DIRECTION('',(0.E0,0.E0,-1.E0));
#5975=VECTOR('',#5974,2.E-1);
#5976=CARTESIAN_POINT('',(1.75E0,2.E-1,1.7E0));
#5977=LINE('',#5976,#5975);
#5978=CURVE_STYLE('',#47,POSITIVE_LENGTH_MEASURE(2.E-2),#28);
#5979=PRESENTATION_STYLE_ASSIGNMENT((#5978));
#5980=STYLED_ITEM('',(#5979),#5977);
#5981=DIRECTION('',(1.E0,0.E0,0.E0));
#5982=VECTOR('',#5981,3.E-1);
#5983=CARTESIAN_POINT('',(1.45E0,2.E-1,1.7E0));
#5984=LINE('',#5983,#5982);
#5985=CURVE_STYLE('',#47,POSITIVE_LENGTH_MEASURE(2.E-2),#28);
#5986=PRESENTATION_STYLE_ASSIGNMENT((#5985));
#5987=STYLED_ITEM('',(#5986),#5984);
#5988=CARTESIAN_POINT('',(1.45E0,2.E-1,1.6E0));
#5989=DIRECTION('',(0.E0,1.E0,0.E0));
#5990=DIRECTION('',(0.E0,0.E0,-1.E0));
#5991=AXIS2_PLACEMENT_3D('',#5988,#5989,#5990);
#5993=CURVE_STYLE('',#47,POSITIVE_LENGTH_MEASURE(2.E-2),#28);
#5994=PRESENTATION_STYLE_ASSIGNMENT((#5993));
#5995=STYLED_ITEM('',(#5994),#5992);
#5996=CARTESIAN_POINT('',(1.75E0,0.E0,1.5E0));
#5997=CARTESIAN_POINT('',(1.45E0,0.E0,1.5E0));
#5998=VERTEX_POINT('',#5996);
#5999=VERTEX_POINT('',#5997);
#6000=CARTESIAN_POINT('',(1.45E0,0.E0,1.7E0));
#6001=VERTEX_POINT('',#6000);
#6002=CARTESIAN_POINT('',(1.75E0,0.E0,1.7E0));
#6003=VERTEX_POINT('',#6002);
#6004=CARTESIAN_POINT('',(1.75E0,2.E-1,1.5E0));
#6005=CARTESIAN_POINT('',(1.45E0,2.E-1,1.5E0));
#6006=VERTEX_POINT('',#6004);
#6007=VERTEX_POINT('',#6005);
#6008=CARTESIAN_POINT('',(1.45E0,2.E-1,1.7E0));
#6009=VERTEX_POINT('',#6008);
#6010=CARTESIAN_POINT('',(1.75E0,2.E-1,1.7E0));
#6011=VERTEX_POINT('',#6010);
#6012=CARTESIAN_POINT('',(0.E0,0.E0,0.E0));
#6013=DIRECTION('',(0.E0,1.E0,0.E0));
#6014=DIRECTION('',(1.E0,0.E0,0.E0));
#6015=AXIS2_PLACEMENT_3D('',#6012,#6013,#6014);
#6016=PLANE('',#6015);
#6018=ORIENTED_EDGE('',*,*,#6017,.T.);
#6020=ORIENTED_EDGE('',*,*,#6019,.T.);
#6022=ORIENTED_EDGE('',*,*,#6021,.T.);
#6024=ORIENTED_EDGE('',*,*,#6023,.T.);
#6025=EDGE_LOOP('',(#6018,#6020,#6022,#6024));
#6026=FACE_OUTER_BOUND('',#6025,.F.);
#6027=ADVANCED_FACE('',(#6026),#6016,.F.);
#6028=FILL_AREA_STYLE_COLOUR('',#34);
#6029=FILL_AREA_STYLE('',(#6028));
#6030=SURFACE_STYLE_FILL_AREA(#6029);
#6031=SURFACE_SIDE_STYLE('',(#6030));
#6032=SURFACE_STYLE_USAGE(.POSITIVE.,#6031);
#6033=PRESENTATION_STYLE_ASSIGNMENT((#6032));
#6034=OVER_RIDING_STYLED_ITEM('',(#6033),#6027,#5909);
#6035=CARTESIAN_POINT('',(1.75E0,0.E0,1.5E0));
#6036=DIRECTION('',(0.E0,0.E0,-1.E0));
#6037=DIRECTION('',(-1.E0,0.E0,0.E0));
#6038=AXIS2_PLACEMENT_3D('',#6035,#6036,#6037);
#6039=PLANE('',#6038);
#6040=ORIENTED_EDGE('',*,*,#6017,.F.);
#6042=ORIENTED_EDGE('',*,*,#6041,.T.);
#6044=ORIENTED_EDGE('',*,*,#6043,.T.);
#6046=ORIENTED_EDGE('',*,*,#6045,.F.);
#6047=EDGE_LOOP('',(#6040,#6042,#6044,#6046));
#6048=FACE_OUTER_BOUND('',#6047,.F.);
#6049=ADVANCED_FACE('',(#6048),#6039,.T.);
#6050=CARTESIAN_POINT('',(1.75E0,0.E0,1.7E0));
#6051=DIRECTION('',(1.E0,0.E0,0.E0));
#6052=DIRECTION('',(0.E0,0.E0,-1.E0));
#6053=AXIS2_PLACEMENT_3D('',#6050,#6051,#6052);
#6054=PLANE('',#6053);
#6055=ORIENTED_EDGE('',*,*,#6023,.F.);
#6057=ORIENTED_EDGE('',*,*,#6056,.T.);
#6059=ORIENTED_EDGE('',*,*,#6058,.T.);
#6060=ORIENTED_EDGE('',*,*,#6041,.F.);
#6061=EDGE_LOOP('',(#6055,#6057,#6059,#6060));
#6062=FACE_OUTER_BOUND('',#6061,.F.);
#6063=ADVANCED_FACE('',(#6062),#6054,.T.);
#6064=CARTESIAN_POINT('',(1.45E0,0.E0,1.7E0));
#6065=DIRECTION('',(0.E0,0.E0,1.E0));
#6066=DIRECTION('',(1.E0,0.E0,0.E0));
#6067=AXIS2_PLACEMENT_3D('',#6064,#6065,#6066);
#6068=PLANE('',#6067);
#6069=ORIENTED_EDGE('',*,*,#6021,.F.);
#6071=ORIENTED_EDGE('',*,*,#6070,.T.);
#6073=ORIENTED_EDGE('',*,*,#6072,.T.);
#6074=ORIENTED_EDGE('',*,*,#6056,.F.);
#6075=EDGE_LOOP('',(#6069,#6071,#6073,#6074));
#6076=FACE_OUTER_BOUND('',#6075,.F.);
#6077=ADVANCED_FACE('',(#6076),#6068,.T.);
#6078=CARTESIAN_POINT('',(1.45E0,0.E0,1.6E0));
#6079=DIRECTION('',(0.E0,1.E0,0.E0));
#6080=DIRECTION('',(1.E0,0.E0,0.E0));
#6081=AXIS2_PLACEMENT_3D('',#6078,#6079,#6080);
#6082=CYLINDRICAL_SURFACE('',#6081,1.E-1);
#6083=ORIENTED_EDGE('',*,*,#6019,.F.);
#6084=ORIENTED_EDGE('',*,*,#6045,.T.);
#6086=ORIENTED_EDGE('',*,*,#6085,.T.);
#6087=ORIENTED_EDGE('',*,*,#6070,.F.);
#6088=EDGE_LOOP('',(#6083,#6084,#6086,#6087));
#6089=FACE_OUTER_BOUND('',#6088,.F.);
#6090=ADVANCED_FACE('',(#6089),#6082,.T.);
#6091=CARTESIAN_POINT('',(0.E0,2.E-1,0.E0));
#6092=DIRECTION('',(0.E0,1.E0,0.E0));
#6093=DIRECTION('',(1.E0,0.E0,0.E0));
#6094=AXIS2_PLACEMENT_3D('',#6091,#6092,#6093);
#6095=PLANE('',#6094);
#6096=ORIENTED_EDGE('',*,*,#6043,.F.);
#6097=ORIENTED_EDGE('',*,*,#6058,.F.);
#6098=ORIENTED_EDGE('',*,*,#6072,.F.);
#6099=ORIENTED_EDGE('',*,*,#6085,.F.);
#6100=EDGE_LOOP('',(#6096,#6097,#6098,#6099));
#6101=FACE_OUTER_BOUND('',#6100,.F.);
#6102=ADVANCED_FACE('',(#6101),#6095,.T.);
#6103=CLOSED_SHELL('',(#6027,#6049,#6063,#6077,#6090,#6102));
#6104=MANIFOLD_SOLID_BREP('',#6103);
#6105=FILL_AREA_STYLE_COLOUR('',#28);
#6106=FILL_AREA_STYLE('',(#6105));
#6107=SURFACE_STYLE_FILL_AREA(#6106);
#6108=SURFACE_SIDE_STYLE('',(#6107));
#6109=SURFACE_STYLE_USAGE(.POSITIVE.,#6108);
#6110=PRESENTATION_STYLE_ASSIGNMENT((#6109));
#5909=STYLED_ITEM('',(#6110),#6104);
#6112=DIRECTION('',(-1.E0,0.E0,0.E0));
#6113=VECTOR('',#6112,3.E-1);
#6114=CARTESIAN_POINT('',(1.75E0,0.E0,1.1E0));
#6115=LINE('',#6114,#6113);
#6116=CURVE_STYLE('',#47,POSITIVE_LENGTH_MEASURE(2.E-2),#28);
#6117=PRESENTATION_STYLE_ASSIGNMENT((#6116));
#6118=STYLED_ITEM('',(#6117),#6115);
#6119=CARTESIAN_POINT('',(1.45E0,0.E0,1.2E0));
#6120=DIRECTION('',(0.E0,1.E0,0.E0));
#6121=DIRECTION('',(0.E0,0.E0,-1.E0));
#6122=AXIS2_PLACEMENT_3D('',#6119,#6120,#6121);
#6124=CURVE_STYLE('',#47,POSITIVE_LENGTH_MEASURE(2.E-2),#28);
#6125=PRESENTATION_STYLE_ASSIGNMENT((#6124));
#6126=STYLED_ITEM('',(#6125),#6123);
#6127=DIRECTION('',(1.E0,0.E0,0.E0));
#6128=VECTOR('',#6127,3.E-1);
#6129=CARTESIAN_POINT('',(1.45E0,0.E0,1.3E0));
#6130=LINE('',#6129,#6128);
#6131=CURVE_STYLE('',#47,POSITIVE_LENGTH_MEASURE(2.E-2),#28);
#6132=PRESENTATION_STYLE_ASSIGNMENT((#6131));
#6133=STYLED_ITEM('',(#6132),#6130);
#6134=DIRECTION('',(0.E0,0.E0,-1.E0));
#6135=VECTOR('',#6134,2.E-1);
#6136=CARTESIAN_POINT('',(1.75E0,0.E0,1.3E0));
#6137=LINE('',#6136,#6135);
#6138=CURVE_STYLE('',#47,POSITIVE_LENGTH_MEASURE(2.E-2),#28);
#6139=PRESENTATION_STYLE_ASSIGNMENT((#6138));
#6140=STYLED_ITEM('',(#6139),#6137);
#6141=DIRECTION('',(0.E0,1.E0,0.E0));
#6142=VECTOR('',#6141,2.E-1);
#6143=CARTESIAN_POINT('',(1.75E0,0.E0,1.1E0));
#6144=LINE('',#6143,#6142);
#6145=CURVE_STYLE('',#47,POSITIVE_LENGTH_MEASURE(2.E-2),#28);
#6146=PRESENTATION_STYLE_ASSIGNMENT((#6145));
#6147=STYLED_ITEM('',(#6146),#6144);
#6148=DIRECTION('',(0.E0,1.E0,0.E0));
#6149=VECTOR('',#6148,2.E-1);
#6150=CARTESIAN_POINT('',(1.75E0,0.E0,1.3E0));
#6151=LINE('',#6150,#6149);
#6152=CURVE_STYLE('',#47,POSITIVE_LENGTH_MEASURE(2.E-2),#28);
#6153=PRESENTATION_STYLE_ASSIGNMENT((#6152));
#6154=STYLED_ITEM('',(#6153),#6151);
#6155=DIRECTION('',(0.E0,1.E0,0.E0));
#6156=VECTOR('',#6155,2.E-1);
#6157=CARTESIAN_POINT('',(1.45E0,0.E0,1.3E0));
#6158=LINE('',#6157,#6156);
#6159=CURVE_STYLE('',#47,POSITIVE_LENGTH_MEASURE(2.E-2),#28);
#6160=PRESENTATION_STYLE_ASSIGNMENT((#6159));
#6161=STYLED_ITEM('',(#6160),#6158);
#6162=DIRECTION('',(0.E0,1.E0,0.E0));
#6163=VECTOR('',#6162,2.E-1);
#6164=CARTESIAN_POINT('',(1.45E0,0.E0,1.1E0));
#6165=LINE('',#6164,#6163);
#6166=CURVE_STYLE('',#47,POSITIVE_LENGTH_MEASURE(2.E-2),#28);
#6167=PRESENTATION_STYLE_ASSIGNMENT((#6166));
#6168=STYLED_ITEM('',(#6167),#6165);
#6169=DIRECTION('',(-1.E0,0.E0,0.E0));
#6170=VECTOR('',#6169,3.E-1);
#6171=CARTESIAN_POINT('',(1.75E0,2.E-1,1.1E0));
#6172=LINE('',#6171,#6170);
#6173=CURVE_STYLE('',#47,POSITIVE_LENGTH_MEASURE(2.E-2),#28);
#6174=PRESENTATION_STYLE_ASSIGNMENT((#6173));
#6175=STYLED_ITEM('',(#6174),#6172);
#6176=DIRECTION('',(0.E0,0.E0,-1.E0));
#6177=VECTOR('',#6176,2.E-1);
#6178=CARTESIAN_POINT('',(1.75E0,2.E-1,1.3E0));
#6179=LINE('',#6178,#6177);
#6180=CURVE_STYLE('',#47,POSITIVE_LENGTH_MEASURE(2.E-2),#28);
#6181=PRESENTATION_STYLE_ASSIGNMENT((#6180));
#6182=STYLED_ITEM('',(#6181),#6179);
#6183=DIRECTION('',(1.E0,0.E0,0.E0));
#6184=VECTOR('',#6183,3.E-1);
#6185=CARTESIAN_POINT('',(1.45E0,2.E-1,1.3E0));
#6186=LINE('',#6185,#6184);
#6187=CURVE_STYLE('',#47,POSITIVE_LENGTH_MEASURE(2.E-2),#28);
#6188=PRESENTATION_STYLE_ASSIGNMENT((#6187));
#6189=STYLED_ITEM('',(#6188),#6186);
#6190=CARTESIAN_POINT('',(1.45E0,2.E-1,1.2E0));
#6191=DIRECTION('',(0.E0,1.E0,0.E0));
#6192=DIRECTION('',(0.E0,0.E0,-1.E0));
#6193=AXIS2_PLACEMENT_3D('',#6190,#6191,#6192);
#6195=CURVE_STYLE('',#47,POSITIVE_LENGTH_MEASURE(2.E-2),#28);
#6196=PRESENTATION_STYLE_ASSIGNMENT((#6195));
#6197=STYLED_ITEM('',(#6196),#6194);
#6198=CARTESIAN_POINT('',(1.75E0,0.E0,1.1E0));
#6199=CARTESIAN_POINT('',(1.45E0,0.E0,1.1E0));
#6200=VERTEX_POINT('',#6198);
#6201=VERTEX_POINT('',#6199);
#6202=CARTESIAN_POINT('',(1.45E0,0.E0,1.3E0));
#6203=VERTEX_POINT('',#6202);
#6204=CARTESIAN_POINT('',(1.75E0,0.E0,1.3E0));
#6205=VERTEX_POINT('',#6204);
#6206=CARTESIAN_POINT('',(1.75E0,2.E-1,1.1E0));
#6207=CARTESIAN_POINT('',(1.45E0,2.E-1,1.1E0));
#6208=VERTEX_POINT('',#6206);
#6209=VERTEX_POINT('',#6207);
#6210=CARTESIAN_POINT('',(1.45E0,2.E-1,1.3E0));
#6211=VERTEX_POINT('',#6210);
#6212=CARTESIAN_POINT('',(1.75E0,2.E-1,1.3E0));
#6213=VERTEX_POINT('',#6212);
#6214=CARTESIAN_POINT('',(0.E0,0.E0,0.E0));
#6215=DIRECTION('',(0.E0,1.E0,0.E0));
#6216=DIRECTION('',(1.E0,0.E0,0.E0));
#6217=AXIS2_PLACEMENT_3D('',#6214,#6215,#6216);
#6218=PLANE('',#6217);
#6220=ORIENTED_EDGE('',*,*,#6219,.T.);
#6222=ORIENTED_EDGE('',*,*,#6221,.T.);
#6224=ORIENTED_EDGE('',*,*,#6223,.T.);
#6226=ORIENTED_EDGE('',*,*,#6225,.T.);
#6227=EDGE_LOOP('',(#6220,#6222,#6224,#6226));
#6228=FACE_OUTER_BOUND('',#6227,.F.);
#6229=ADVANCED_FACE('',(#6228),#6218,.F.);
#6230=FILL_AREA_STYLE_COLOUR('',#34);
#6231=FILL_AREA_STYLE('',(#6230));
#6232=SURFACE_STYLE_FILL_AREA(#6231);
#6233=SURFACE_SIDE_STYLE('',(#6232));
#6234=SURFACE_STYLE_USAGE(.POSITIVE.,#6233);
#6235=PRESENTATION_STYLE_ASSIGNMENT((#6234));
#6236=OVER_RIDING_STYLED_ITEM('',(#6235),#6229,#6111);
#6237=CARTESIAN_POINT('',(1.75E0,0.E0,1.1E0));
#6238=DIRECTION('',(0.E0,0.E0,-1.E0));
#6239=DIRECTION('',(-1.E0,0.E0,0.E0));
#6240=AXIS2_PLACEMENT_3D('',#6237,#6238,#6239);
#6241=PLANE('',#6240);
#6242=ORIENTED_EDGE('',*,*,#6219,.F.);
#6244=ORIENTED_EDGE('',*,*,#6243,.T.);
#6246=ORIENTED_EDGE('',*,*,#6245,.T.);
#6248=ORIENTED_EDGE('',*,*,#6247,.F.);
#6249=EDGE_LOOP('',(#6242,#6244,#6246,#6248));
#6250=FACE_OUTER_BOUND('',#6249,.F.);
#6251=ADVANCED_FACE('',(#6250),#6241,.T.);
#6252=CARTESIAN_POINT('',(1.75E0,0.E0,1.3E0));
#6253=DIRECTION('',(1.E0,0.E0,0.E0));
#6254=DIRECTION('',(0.E0,0.E0,-1.E0));
#6255=AXIS2_PLACEMENT_3D('',#6252,#6253,#6254);
#6256=PLANE('',#6255);
#6257=ORIENTED_EDGE('',*,*,#6225,.F.);
#6259=ORIENTED_EDGE('',*,*,#6258,.T.);
#6261=ORIENTED_EDGE('',*,*,#6260,.T.);
#6262=ORIENTED_EDGE('',*,*,#6243,.F.);
#6263=EDGE_LOOP('',(#6257,#6259,#6261,#6262));
#6264=FACE_OUTER_BOUND('',#6263,.F.);
#6265=ADVANCED_FACE('',(#6264),#6256,.T.);
#6266=CARTESIAN_POINT('',(1.45E0,0.E0,1.3E0));
#6267=DIRECTION('',(0.E0,0.E0,1.E0));
#6268=DIRECTION('',(1.E0,0.E0,0.E0));
#6269=AXIS2_PLACEMENT_3D('',#6266,#6267,#6268);
#6270=PLANE('',#6269);
#6271=ORIENTED_EDGE('',*,*,#6223,.F.);
#6273=ORIENTED_EDGE('',*,*,#6272,.T.);
#6275=ORIENTED_EDGE('',*,*,#6274,.T.);
#6276=ORIENTED_EDGE('',*,*,#6258,.F.);
#6277=EDGE_LOOP('',(#6271,#6273,#6275,#6276));
#6278=FACE_OUTER_BOUND('',#6277,.F.);
#6279=ADVANCED_FACE('',(#6278),#6270,.T.);
#6280=CARTESIAN_POINT('',(1.45E0,0.E0,1.2E0));
#6281=DIRECTION('',(0.E0,1.E0,0.E0));
#6282=DIRECTION('',(1.E0,0.E0,0.E0));
#6283=AXIS2_PLACEMENT_3D('',#6280,#6281,#6282);
#6284=CYLINDRICAL_SURFACE('',#6283,1.E-1);
#6285=ORIENTED_EDGE('',*,*,#6221,.F.);
#6286=ORIENTED_EDGE('',*,*,#6247,.T.);
#6288=ORIENTED_EDGE('',*,*,#6287,.T.);
#6289=ORIENTED_EDGE('',*,*,#6272,.F.);
#6290=EDGE_LOOP('',(#6285,#6286,#6288,#6289));
#6291=FACE_OUTER_BOUND('',#6290,.F.);
#6292=ADVANCED_FACE('',(#6291),#6284,.T.);
#6293=CARTESIAN_POINT('',(0.E0,2.E-1,0.E0));
#6294=DIRECTION('',(0.E0,1.E0,0.E0));
#6295=DIRECTION('',(1.E0,0.E0,0.E0));
#6296=AXIS2_PLACEMENT_3D('',#6293,#6294,#6295);
#6297=PLANE('',#6296);
#6298=ORIENTED_EDGE('',*,*,#6245,.F.);
#6299=ORIENTED_EDGE('',*,*,#6260,.F.);
#6300=ORIENTED_EDGE('',*,*,#6274,.F.);
#6301=ORIENTED_EDGE('',*,*,#6287,.F.);
#6302=EDGE_LOOP('',(#6298,#6299,#6300,#6301));
#6303=FACE_OUTER_BOUND('',#6302,.F.);
#6304=ADVANCED_FACE('',(#6303),#6297,.T.);
#6305=CLOSED_SHELL('',(#6229,#6251,#6265,#6279,#6292,#6304));
#6306=MANIFOLD_SOLID_BREP('',#6305);
#6307=FILL_AREA_STYLE_COLOUR('',#28);
#6308=FILL_AREA_STYLE('',(#6307));
#6309=SURFACE_STYLE_FILL_AREA(#6308);
#6310=SURFACE_SIDE_STYLE('',(#6309));
#6311=SURFACE_STYLE_USAGE(.POSITIVE.,#6310);
#6312=PRESENTATION_STYLE_ASSIGNMENT((#6311));
#6111=STYLED_ITEM('',(#6312),#6306);
#6314=DIRECTION('',(-1.E0,0.E0,0.E0));
#6315=VECTOR('',#6314,3.E-1);
#6316=CARTESIAN_POINT('',(1.75E0,0.E0,7.E-1));
#6317=LINE('',#6316,#6315);
#6318=CURVE_STYLE('',#47,POSITIVE_LENGTH_MEASURE(2.E-2),#28);
#6319=PRESENTATION_STYLE_ASSIGNMENT((#6318));
#6320=STYLED_ITEM('',(#6319),#6317);
#6321=CARTESIAN_POINT('',(1.45E0,0.E0,8.E-1));
#6322=DIRECTION('',(0.E0,1.E0,0.E0));
#6323=DIRECTION('',(0.E0,0.E0,-1.E0));
#6324=AXIS2_PLACEMENT_3D('',#6321,#6322,#6323);
#6326=CURVE_STYLE('',#47,POSITIVE_LENGTH_MEASURE(2.E-2),#28);
#6327=PRESENTATION_STYLE_ASSIGNMENT((#6326));
#6328=STYLED_ITEM('',(#6327),#6325);
#6329=DIRECTION('',(1.E0,0.E0,0.E0));
#6330=VECTOR('',#6329,3.E-1);
#6331=CARTESIAN_POINT('',(1.45E0,0.E0,9.E-1));
#6332=LINE('',#6331,#6330);
#6333=CURVE_STYLE('',#47,POSITIVE_LENGTH_MEASURE(2.E-2),#28);
#6334=PRESENTATION_STYLE_ASSIGNMENT((#6333));
#6335=STYLED_ITEM('',(#6334),#6332);
#6336=DIRECTION('',(0.E0,0.E0,-1.E0));
#6337=VECTOR('',#6336,2.E-1);
#6338=CARTESIAN_POINT('',(1.75E0,0.E0,9.E-1));
#6339=LINE('',#6338,#6337);
#6340=CURVE_STYLE('',#47,POSITIVE_LENGTH_MEASURE(2.E-2),#28);
#6341=PRESENTATION_STYLE_ASSIGNMENT((#6340));
#6342=STYLED_ITEM('',(#6341),#6339);
#6343=DIRECTION('',(0.E0,1.E0,0.E0));
#6344=VECTOR('',#6343,2.E-1);
#6345=CARTESIAN_POINT('',(1.75E0,0.E0,7.E-1));
#6346=LINE('',#6345,#6344);
#6347=CURVE_STYLE('',#47,POSITIVE_LENGTH_MEASURE(2.E-2),#28);
#6348=PRESENTATION_STYLE_ASSIGNMENT((#6347));
#6349=STYLED_ITEM('',(#6348),#6346);
#6350=DIRECTION('',(0.E0,1.E0,0.E0));
#6351=VECTOR('',#6350,2.E-1);
#6352=CARTESIAN_POINT('',(1.75E0,0.E0,9.E-1));
#6353=LINE('',#6352,#6351);
#6354=CURVE_STYLE('',#47,POSITIVE_LENGTH_MEASURE(2.E-2),#28);
#6355=PRESENTATION_STYLE_ASSIGNMENT((#6354));
#6356=STYLED_ITEM('',(#6355),#6353);
#6357=DIRECTION('',(0.E0,1.E0,0.E0));
#6358=VECTOR('',#6357,2.E-1);
#6359=CARTESIAN_POINT('',(1.45E0,0.E0,9.E-1));
#6360=LINE('',#6359,#6358);
#6361=CURVE_STYLE('',#47,POSITIVE_LENGTH_MEASURE(2.E-2),#28);
#6362=PRESENTATION_STYLE_ASSIGNMENT((#6361));
#6363=STYLED_ITEM('',(#6362),#6360);
#6364=DIRECTION('',(0.E0,1.E0,0.E0));
#6365=VECTOR('',#6364,2.E-1);
#6366=CARTESIAN_POINT('',(1.45E0,0.E0,7.E-1));
#6367=LINE('',#6366,#6365);
#6368=CURVE_STYLE('',#47,POSITIVE_LENGTH_MEASURE(2.E-2),#28);
#6369=PRESENTATION_STYLE_ASSIGNMENT((#6368));
#6370=STYLED_ITEM('',(#6369),#6367);
#6371=DIRECTION('',(-1.E0,0.E0,0.E0));
#6372=VECTOR('',#6371,3.E-1);
#6373=CARTESIAN_POINT('',(1.75E0,2.E-1,7.E-1));
#6374=LINE('',#6373,#6372);
#6375=CURVE_STYLE('',#47,POSITIVE_LENGTH_MEASURE(2.E-2),#28);
#6376=PRESENTATION_STYLE_ASSIGNMENT((#6375));
#6377=STYLED_ITEM('',(#6376),#6374);
#6378=DIRECTION('',(0.E0,0.E0,-1.E0));
#6379=VECTOR('',#6378,2.E-1);
#6380=CARTESIAN_POINT('',(1.75E0,2.E-1,9.E-1));
#6381=LINE('',#6380,#6379);
#6382=CURVE_STYLE('',#47,POSITIVE_LENGTH_MEASURE(2.E-2),#28);
#6383=PRESENTATION_STYLE_ASSIGNMENT((#6382));
#6384=STYLED_ITEM('',(#6383),#6381);
#6385=DIRECTION('',(1.E0,0.E0,0.E0));
#6386=VECTOR('',#6385,3.E-1);
#6387=CARTESIAN_POINT('',(1.45E0,2.E-1,9.E-1));
#6388=LINE('',#6387,#6386);
#6389=CURVE_STYLE('',#47,POSITIVE_LENGTH_MEASURE(2.E-2),#28);
#6390=PRESENTATION_STYLE_ASSIGNMENT((#6389));
#6391=STYLED_ITEM('',(#6390),#6388);
#6392=CARTESIAN_POINT('',(1.45E0,2.E-1,8.E-1));
#6393=DIRECTION('',(0.E0,1.E0,0.E0));
#6394=DIRECTION('',(0.E0,0.E0,-1.E0));
#6395=AXIS2_PLACEMENT_3D('',#6392,#6393,#6394);
#6397=CURVE_STYLE('',#47,POSITIVE_LENGTH_MEASURE(2.E-2),#28);
#6398=PRESENTATION_STYLE_ASSIGNMENT((#6397));
#6399=STYLED_ITEM('',(#6398),#6396);
#6400=CARTESIAN_POINT('',(1.75E0,0.E0,7.E-1));
#6401=CARTESIAN_POINT('',(1.45E0,0.E0,7.E-1));
#6402=VERTEX_POINT('',#6400);
#6403=VERTEX_POINT('',#6401);
#6404=CARTESIAN_POINT('',(1.45E0,0.E0,9.E-1));
#6405=VERTEX_POINT('',#6404);
#6406=CARTESIAN_POINT('',(1.75E0,0.E0,9.E-1));
#6407=VERTEX_POINT('',#6406);
#6408=CARTESIAN_POINT('',(1.75E0,2.E-1,7.E-1));
#6409=CARTESIAN_POINT('',(1.45E0,2.E-1,7.E-1));
#6410=VERTEX_POINT('',#6408);
#6411=VERTEX_POINT('',#6409);
#6412=CARTESIAN_POINT('',(1.45E0,2.E-1,9.E-1));
#6413=VERTEX_POINT('',#6412);
#6414=CARTESIAN_POINT('',(1.75E0,2.E-1,9.E-1));
#6415=VERTEX_POINT('',#6414);
#6416=CARTESIAN_POINT('',(0.E0,0.E0,0.E0));
#6417=DIRECTION('',(0.E0,1.E0,0.E0));
#6418=DIRECTION('',(1.E0,0.E0,0.E0));
#6419=AXIS2_PLACEMENT_3D('',#6416,#6417,#6418);
#6420=PLANE('',#6419);
#6422=ORIENTED_EDGE('',*,*,#6421,.T.);
#6424=ORIENTED_EDGE('',*,*,#6423,.T.);
#6426=ORIENTED_EDGE('',*,*,#6425,.T.);
#6428=ORIENTED_EDGE('',*,*,#6427,.T.);
#6429=EDGE_LOOP('',(#6422,#6424,#6426,#6428));
#6430=FACE_OUTER_BOUND('',#6429,.F.);
#6431=ADVANCED_FACE('',(#6430),#6420,.F.);
#6432=FILL_AREA_STYLE_COLOUR('',#34);
#6433=FILL_AREA_STYLE('',(#6432));
#6434=SURFACE_STYLE_FILL_AREA(#6433);
#6435=SURFACE_SIDE_STYLE('',(#6434));
#6436=SURFACE_STYLE_USAGE(.POSITIVE.,#6435);
#6437=PRESENTATION_STYLE_ASSIGNMENT((#6436));
#6438=OVER_RIDING_STYLED_ITEM('',(#6437),#6431,#6313);
#6439=CARTESIAN_POINT('',(1.75E0,0.E0,7.E-1));
#6440=DIRECTION('',(0.E0,0.E0,-1.E0));
#6441=DIRECTION('',(-1.E0,0.E0,0.E0));
#6442=AXIS2_PLACEMENT_3D('',#6439,#6440,#6441);
#6443=PLANE('',#6442);
#6444=ORIENTED_EDGE('',*,*,#6421,.F.);
#6446=ORIENTED_EDGE('',*,*,#6445,.T.);
#6448=ORIENTED_EDGE('',*,*,#6447,.T.);
#6450=ORIENTED_EDGE('',*,*,#6449,.F.);
#6451=EDGE_LOOP('',(#6444,#6446,#6448,#6450));
#6452=FACE_OUTER_BOUND('',#6451,.F.);
#6453=ADVANCED_FACE('',(#6452),#6443,.T.);
#6454=CARTESIAN_POINT('',(1.75E0,0.E0,9.E-1));
#6455=DIRECTION('',(1.E0,0.E0,0.E0));
#6456=DIRECTION('',(0.E0,0.E0,-1.E0));
#6457=AXIS2_PLACEMENT_3D('',#6454,#6455,#6456);
#6458=PLANE('',#6457);
#6459=ORIENTED_EDGE('',*,*,#6427,.F.);
#6461=ORIENTED_EDGE('',*,*,#6460,.T.);
#6463=ORIENTED_EDGE('',*,*,#6462,.T.);
#6464=ORIENTED_EDGE('',*,*,#6445,.F.);
#6465=EDGE_LOOP('',(#6459,#6461,#6463,#6464));
#6466=FACE_OUTER_BOUND('',#6465,.F.);
#6467=ADVANCED_FACE('',(#6466),#6458,.T.);
#6468=CARTESIAN_POINT('',(1.45E0,0.E0,9.E-1));
#6469=DIRECTION('',(0.E0,0.E0,1.E0));
#6470=DIRECTION('',(1.E0,0.E0,0.E0));
#6471=AXIS2_PLACEMENT_3D('',#6468,#6469,#6470);
#6472=PLANE('',#6471);
#6473=ORIENTED_EDGE('',*,*,#6425,.F.);
#6475=ORIENTED_EDGE('',*,*,#6474,.T.);
#6477=ORIENTED_EDGE('',*,*,#6476,.T.);
#6478=ORIENTED_EDGE('',*,*,#6460,.F.);
#6479=EDGE_LOOP('',(#6473,#6475,#6477,#6478));
#6480=FACE_OUTER_BOUND('',#6479,.F.);
#6481=ADVANCED_FACE('',(#6480),#6472,.T.);
#6482=CARTESIAN_POINT('',(1.45E0,0.E0,8.E-1));
#6483=DIRECTION('',(0.E0,1.E0,0.E0));
#6484=DIRECTION('',(1.E0,0.E0,0.E0));
#6485=AXIS2_PLACEMENT_3D('',#6482,#6483,#6484);
#6486=CYLINDRICAL_SURFACE('',#6485,1.E-1);
#6487=ORIENTED_EDGE('',*,*,#6423,.F.);
#6488=ORIENTED_EDGE('',*,*,#6449,.T.);
#6490=ORIENTED_EDGE('',*,*,#6489,.T.);
#6491=ORIENTED_EDGE('',*,*,#6474,.F.);
#6492=EDGE_LOOP('',(#6487,#6488,#6490,#6491));
#6493=FACE_OUTER_BOUND('',#6492,.F.);
#6494=ADVANCED_FACE('',(#6493),#6486,.T.);
#6495=CARTESIAN_POINT('',(0.E0,2.E-1,0.E0));
#6496=DIRECTION('',(0.E0,1.E0,0.E0));
#6497=DIRECTION('',(1.E0,0.E0,0.E0));
#6498=AXIS2_PLACEMENT_3D('',#6495,#6496,#6497);
#6499=PLANE('',#6498);
#6500=ORIENTED_EDGE('',*,*,#6447,.F.);
#6501=ORIENTED_EDGE('',*,*,#6462,.F.);
#6502=ORIENTED_EDGE('',*,*,#6476,.F.);
#6503=ORIENTED_EDGE('',*,*,#6489,.F.);
#6504=EDGE_LOOP('',(#6500,#6501,#6502,#6503));
#6505=FACE_OUTER_BOUND('',#6504,.F.);
#6506=ADVANCED_FACE('',(#6505),#6499,.T.);
#6507=CLOSED_SHELL('',(#6431,#6453,#6467,#6481,#6494,#6506));
#6508=MANIFOLD_SOLID_BREP('',#6507);
#6509=FILL_AREA_STYLE_COLOUR('',#28);
#6510=FILL_AREA_STYLE('',(#6509));
#6511=SURFACE_STYLE_FILL_AREA(#6510);
#6512=SURFACE_SIDE_STYLE('',(#6511));
#6513=SURFACE_STYLE_USAGE(.POSITIVE.,#6512);
#6514=PRESENTATION_STYLE_ASSIGNMENT((#6513));
#6313=STYLED_ITEM('',(#6514),#6508);
#6516=DIRECTION('',(-1.E0,0.E0,0.E0));
#6517=VECTOR('',#6516,3.E-1);
#6518=CARTESIAN_POINT('',(1.75E0,0.E0,3.E-1));
#6519=LINE('',#6518,#6517);
#6520=CURVE_STYLE('',#47,POSITIVE_LENGTH_MEASURE(2.E-2),#28);
#6521=PRESENTATION_STYLE_ASSIGNMENT((#6520));
#6522=STYLED_ITEM('',(#6521),#6519);
#6523=CARTESIAN_POINT('',(1.45E0,0.E0,4.E-1));
#6524=DIRECTION('',(0.E0,1.E0,0.E0));
#6525=DIRECTION('',(0.E0,0.E0,-1.E0));
#6526=AXIS2_PLACEMENT_3D('',#6523,#6524,#6525);
#6528=CURVE_STYLE('',#47,POSITIVE_LENGTH_MEASURE(2.E-2),#28);
#6529=PRESENTATION_STYLE_ASSIGNMENT((#6528));
#6530=STYLED_ITEM('',(#6529),#6527);
#6531=DIRECTION('',(1.E0,0.E0,0.E0));
#6532=VECTOR('',#6531,3.E-1);
#6533=CARTESIAN_POINT('',(1.45E0,0.E0,5.E-1));
#6534=LINE('',#6533,#6532);
#6535=CURVE_STYLE('',#47,POSITIVE_LENGTH_MEASURE(2.E-2),#28);
#6536=PRESENTATION_STYLE_ASSIGNMENT((#6535));
#6537=STYLED_ITEM('',(#6536),#6534);
#6538=DIRECTION('',(0.E0,0.E0,-1.E0));
#6539=VECTOR('',#6538,2.E-1);
#6540=CARTESIAN_POINT('',(1.75E0,0.E0,5.E-1));
#6541=LINE('',#6540,#6539);
#6542=CURVE_STYLE('',#47,POSITIVE_LENGTH_MEASURE(2.E-2),#28);
#6543=PRESENTATION_STYLE_ASSIGNMENT((#6542));
#6544=STYLED_ITEM('',(#6543),#6541);
#6545=DIRECTION('',(0.E0,1.E0,0.E0));
#6546=VECTOR('',#6545,2.E-1);
#6547=CARTESIAN_POINT('',(1.75E0,0.E0,3.E-1));
#6548=LINE('',#6547,#6546);
#6549=CURVE_STYLE('',#47,POSITIVE_LENGTH_MEASURE(2.E-2),#28);
#6550=PRESENTATION_STYLE_ASSIGNMENT((#6549));
#6551=STYLED_ITEM('',(#6550),#6548);
#6552=DIRECTION('',(0.E0,1.E0,0.E0));
#6553=VECTOR('',#6552,2.E-1);
#6554=CARTESIAN_POINT('',(1.75E0,0.E0,5.E-1));
#6555=LINE('',#6554,#6553);
#6556=CURVE_STYLE('',#47,POSITIVE_LENGTH_MEASURE(2.E-2),#28);
#6557=PRESENTATION_STYLE_ASSIGNMENT((#6556));
#6558=STYLED_ITEM('',(#6557),#6555);
#6559=DIRECTION('',(0.E0,1.E0,0.E0));
#6560=VECTOR('',#6559,2.E-1);
#6561=CARTESIAN_POINT('',(1.45E0,0.E0,5.E-1));
#6562=LINE('',#6561,#6560);
#6563=CURVE_STYLE('',#47,POSITIVE_LENGTH_MEASURE(2.E-2),#28);
#6564=PRESENTATION_STYLE_ASSIGNMENT((#6563));
#6565=STYLED_ITEM('',(#6564),#6562);
#6566=DIRECTION('',(0.E0,1.E0,0.E0));
#6567=VECTOR('',#6566,2.E-1);
#6568=CARTESIAN_POINT('',(1.45E0,0.E0,3.E-1));
#6569=LINE('',#6568,#6567);
#6570=CURVE_STYLE('',#47,POSITIVE_LENGTH_MEASURE(2.E-2),#28);
#6571=PRESENTATION_STYLE_ASSIGNMENT((#6570));
#6572=STYLED_ITEM('',(#6571),#6569);
#6573=DIRECTION('',(-1.E0,0.E0,0.E0));
#6574=VECTOR('',#6573,3.E-1);
#6575=CARTESIAN_POINT('',(1.75E0,2.E-1,3.E-1));
#6576=LINE('',#6575,#6574);
#6577=CURVE_STYLE('',#47,POSITIVE_LENGTH_MEASURE(2.E-2),#28);
#6578=PRESENTATION_STYLE_ASSIGNMENT((#6577));
#6579=STYLED_ITEM('',(#6578),#6576);
#6580=DIRECTION('',(0.E0,0.E0,-1.E0));
#6581=VECTOR('',#6580,2.E-1);
#6582=CARTESIAN_POINT('',(1.75E0,2.E-1,5.E-1));
#6583=LINE('',#6582,#6581);
#6584=CURVE_STYLE('',#47,POSITIVE_LENGTH_MEASURE(2.E-2),#28);
#6585=PRESENTATION_STYLE_ASSIGNMENT((#6584));
#6586=STYLED_ITEM('',(#6585),#6583);
#6587=DIRECTION('',(1.E0,0.E0,0.E0));
#6588=VECTOR('',#6587,3.E-1);
#6589=CARTESIAN_POINT('',(1.45E0,2.E-1,5.E-1));
#6590=LINE('',#6589,#6588);
#6591=CURVE_STYLE('',#47,POSITIVE_LENGTH_MEASURE(2.E-2),#28);
#6592=PRESENTATION_STYLE_ASSIGNMENT((#6591));
#6593=STYLED_ITEM('',(#6592),#6590);
#6594=CARTESIAN_POINT('',(1.45E0,2.E-1,4.E-1));
#6595=DIRECTION('',(0.E0,1.E0,0.E0));
#6596=DIRECTION('',(0.E0,0.E0,-1.E0));
#6597=AXIS2_PLACEMENT_3D('',#6594,#6595,#6596);
#6599=CURVE_STYLE('',#47,POSITIVE_LENGTH_MEASURE(2.E-2),#28);
#6600=PRESENTATION_STYLE_ASSIGNMENT((#6599));
#6601=STYLED_ITEM('',(#6600),#6598);
#6602=CARTESIAN_POINT('',(1.75E0,0.E0,3.E-1));
#6603=CARTESIAN_POINT('',(1.45E0,0.E0,3.E-1));
#6604=VERTEX_POINT('',#6602);
#6605=VERTEX_POINT('',#6603);
#6606=CARTESIAN_POINT('',(1.45E0,0.E0,5.E-1));
#6607=VERTEX_POINT('',#6606);
#6608=CARTESIAN_POINT('',(1.75E0,0.E0,5.E-1));
#6609=VERTEX_POINT('',#6608);
#6610=CARTESIAN_POINT('',(1.75E0,2.E-1,3.E-1));
#6611=CARTESIAN_POINT('',(1.45E0,2.E-1,3.E-1));
#6612=VERTEX_POINT('',#6610);
#6613=VERTEX_POINT('',#6611);
#6614=CARTESIAN_POINT('',(1.45E0,2.E-1,5.E-1));
#6615=VERTEX_POINT('',#6614);
#6616=CARTESIAN_POINT('',(1.75E0,2.E-1,5.E-1));
#6617=VERTEX_POINT('',#6616);
#6618=CARTESIAN_POINT('',(0.E0,0.E0,0.E0));
#6619=DIRECTION('',(0.E0,1.E0,0.E0));
#6620=DIRECTION('',(1.E0,0.E0,0.E0));
#6621=AXIS2_PLACEMENT_3D('',#6618,#6619,#6620);
#6622=PLANE('',#6621);
#6624=ORIENTED_EDGE('',*,*,#6623,.T.);
#6626=ORIENTED_EDGE('',*,*,#6625,.T.);
#6628=ORIENTED_EDGE('',*,*,#6627,.T.);
#6630=ORIENTED_EDGE('',*,*,#6629,.T.);
#6631=EDGE_LOOP('',(#6624,#6626,#6628,#6630));
#6632=FACE_OUTER_BOUND('',#6631,.F.);
#6633=ADVANCED_FACE('',(#6632),#6622,.F.);
#6634=FILL_AREA_STYLE_COLOUR('',#34);
#6635=FILL_AREA_STYLE('',(#6634));
#6636=SURFACE_STYLE_FILL_AREA(#6635);
#6637=SURFACE_SIDE_STYLE('',(#6636));
#6638=SURFACE_STYLE_USAGE(.POSITIVE.,#6637);
#6639=PRESENTATION_STYLE_ASSIGNMENT((#6638));
#6640=OVER_RIDING_STYLED_ITEM('',(#6639),#6633,#6515);
#6641=CARTESIAN_POINT('',(1.75E0,0.E0,3.E-1));
#6642=DIRECTION('',(0.E0,0.E0,-1.E0));
#6643=DIRECTION('',(-1.E0,0.E0,0.E0));
#6644=AXIS2_PLACEMENT_3D('',#6641,#6642,#6643);
#6645=PLANE('',#6644);
#6646=ORIENTED_EDGE('',*,*,#6623,.F.);
#6648=ORIENTED_EDGE('',*,*,#6647,.T.);
#6650=ORIENTED_EDGE('',*,*,#6649,.T.);
#6652=ORIENTED_EDGE('',*,*,#6651,.F.);
#6653=EDGE_LOOP('',(#6646,#6648,#6650,#6652));
#6654=FACE_OUTER_BOUND('',#6653,.F.);
#6655=ADVANCED_FACE('',(#6654),#6645,.T.);
#6656=CARTESIAN_POINT('',(1.75E0,0.E0,5.E-1));
#6657=DIRECTION('',(1.E0,0.E0,0.E0));
#6658=DIRECTION('',(0.E0,0.E0,-1.E0));
#6659=AXIS2_PLACEMENT_3D('',#6656,#6657,#6658);
#6660=PLANE('',#6659);
#6661=ORIENTED_EDGE('',*,*,#6629,.F.);
#6663=ORIENTED_EDGE('',*,*,#6662,.T.);
#6665=ORIENTED_EDGE('',*,*,#6664,.T.);
#6666=ORIENTED_EDGE('',*,*,#6647,.F.);
#6667=EDGE_LOOP('',(#6661,#6663,#6665,#6666));
#6668=FACE_OUTER_BOUND('',#6667,.F.);
#6669=ADVANCED_FACE('',(#6668),#6660,.T.);
#6670=CARTESIAN_POINT('',(1.45E0,0.E0,5.E-1));
#6671=DIRECTION('',(0.E0,0.E0,1.E0));
#6672=DIRECTION('',(1.E0,0.E0,0.E0));
#6673=AXIS2_PLACEMENT_3D('',#6670,#6671,#6672);
#6674=PLANE('',#6673);
#6675=ORIENTED_EDGE('',*,*,#6627,.F.);
#6677=ORIENTED_EDGE('',*,*,#6676,.T.);
#6679=ORIENTED_EDGE('',*,*,#6678,.T.);
#6680=ORIENTED_EDGE('',*,*,#6662,.F.);
#6681=EDGE_LOOP('',(#6675,#6677,#6679,#6680));
#6682=FACE_OUTER_BOUND('',#6681,.F.);
#6683=ADVANCED_FACE('',(#6682),#6674,.T.);
#6684=CARTESIAN_POINT('',(1.45E0,0.E0,4.E-1));
#6685=DIRECTION('',(0.E0,1.E0,0.E0));
#6686=DIRECTION('',(1.E0,0.E0,0.E0));
#6687=AXIS2_PLACEMENT_3D('',#6684,#6685,#6686);
#6688=CYLINDRICAL_SURFACE('',#6687,1.E-1);
#6689=ORIENTED_EDGE('',*,*,#6625,.F.);
#6690=ORIENTED_EDGE('',*,*,#6651,.T.);
#6692=ORIENTED_EDGE('',*,*,#6691,.T.);
#6693=ORIENTED_EDGE('',*,*,#6676,.F.);
#6694=EDGE_LOOP('',(#6689,#6690,#6692,#6693));
#6695=FACE_OUTER_BOUND('',#6694,.F.);
#6696=ADVANCED_FACE('',(#6695),#6688,.T.);
#6697=CARTESIAN_POINT('',(0.E0,2.E-1,0.E0));
#6698=DIRECTION('',(0.E0,1.E0,0.E0));
#6699=DIRECTION('',(1.E0,0.E0,0.E0));
#6700=AXIS2_PLACEMENT_3D('',#6697,#6698,#6699);
#6701=PLANE('',#6700);
#6702=ORIENTED_EDGE('',*,*,#6649,.F.);
#6703=ORIENTED_EDGE('',*,*,#6664,.F.);
#6704=ORIENTED_EDGE('',*,*,#6678,.F.);
#6705=ORIENTED_EDGE('',*,*,#6691,.F.);
#6706=EDGE_LOOP('',(#6702,#6703,#6704,#6705));
#6707=FACE_OUTER_BOUND('',#6706,.F.);
#6708=ADVANCED_FACE('',(#6707),#6701,.T.);
#6709=CLOSED_SHELL('',(#6633,#6655,#6669,#6683,#6696,#6708));
#6710=MANIFOLD_SOLID_BREP('',#6709);
#6711=FILL_AREA_STYLE_COLOUR('',#28);
#6712=FILL_AREA_STYLE('',(#6711));
#6713=SURFACE_STYLE_FILL_AREA(#6712);
#6714=SURFACE_SIDE_STYLE('',(#6713));
#6715=SURFACE_STYLE_USAGE(.POSITIVE.,#6714);
#6716=PRESENTATION_STYLE_ASSIGNMENT((#6715));
#6515=STYLED_ITEM('',(#6716),#6710);
#6718=DIRECTION('',(-1.E0,0.E0,0.E0));
#6719=VECTOR('',#6718,3.E-1);
#6720=CARTESIAN_POINT('',(1.75E0,0.E0,-1.E-1));
#6721=LINE('',#6720,#6719);
#6722=CURVE_STYLE('',#47,POSITIVE_LENGTH_MEASURE(2.E-2),#28);
#6723=PRESENTATION_STYLE_ASSIGNMENT((#6722));
#6724=STYLED_ITEM('',(#6723),#6721);
#6725=CARTESIAN_POINT('',(1.45E0,0.E0,0.E0));
#6726=DIRECTION('',(0.E0,1.E0,0.E0));
#6727=DIRECTION('',(0.E0,0.E0,-1.E0));
#6728=AXIS2_PLACEMENT_3D('',#6725,#6726,#6727);
#6730=CURVE_STYLE('',#47,POSITIVE_LENGTH_MEASURE(2.E-2),#28);
#6731=PRESENTATION_STYLE_ASSIGNMENT((#6730));
#6732=STYLED_ITEM('',(#6731),#6729);
#6733=DIRECTION('',(1.E0,0.E0,0.E0));
#6734=VECTOR('',#6733,3.E-1);
#6735=CARTESIAN_POINT('',(1.45E0,0.E0,1.E-1));
#6736=LINE('',#6735,#6734);
#6737=CURVE_STYLE('',#47,POSITIVE_LENGTH_MEASURE(2.E-2),#28);
#6738=PRESENTATION_STYLE_ASSIGNMENT((#6737));
#6739=STYLED_ITEM('',(#6738),#6736);
#6740=DIRECTION('',(0.E0,0.E0,-1.E0));
#6741=VECTOR('',#6740,2.E-1);
#6742=CARTESIAN_POINT('',(1.75E0,0.E0,1.E-1));
#6743=LINE('',#6742,#6741);
#6744=CURVE_STYLE('',#47,POSITIVE_LENGTH_MEASURE(2.E-2),#28);
#6745=PRESENTATION_STYLE_ASSIGNMENT((#6744));
#6746=STYLED_ITEM('',(#6745),#6743);
#6747=DIRECTION('',(0.E0,1.E0,0.E0));
#6748=VECTOR('',#6747,2.E-1);
#6749=CARTESIAN_POINT('',(1.75E0,0.E0,-1.E-1));
#6750=LINE('',#6749,#6748);
#6751=CURVE_STYLE('',#47,POSITIVE_LENGTH_MEASURE(2.E-2),#28);
#6752=PRESENTATION_STYLE_ASSIGNMENT((#6751));
#6753=STYLED_ITEM('',(#6752),#6750);
#6754=DIRECTION('',(0.E0,1.E0,0.E0));
#6755=VECTOR('',#6754,2.E-1);
#6756=CARTESIAN_POINT('',(1.75E0,0.E0,1.E-1));
#6757=LINE('',#6756,#6755);
#6758=CURVE_STYLE('',#47,POSITIVE_LENGTH_MEASURE(2.E-2),#28);
#6759=PRESENTATION_STYLE_ASSIGNMENT((#6758));
#6760=STYLED_ITEM('',(#6759),#6757);
#6761=DIRECTION('',(0.E0,1.E0,0.E0));
#6762=VECTOR('',#6761,2.E-1);
#6763=CARTESIAN_POINT('',(1.45E0,0.E0,1.E-1));
#6764=LINE('',#6763,#6762);
#6765=CURVE_STYLE('',#47,POSITIVE_LENGTH_MEASURE(2.E-2),#28);
#6766=PRESENTATION_STYLE_ASSIGNMENT((#6765));
#6767=STYLED_ITEM('',(#6766),#6764);
#6768=DIRECTION('',(0.E0,1.E0,0.E0));
#6769=VECTOR('',#6768,2.E-1);
#6770=CARTESIAN_POINT('',(1.45E0,0.E0,-1.E-1));
#6771=LINE('',#6770,#6769);
#6772=CURVE_STYLE('',#47,POSITIVE_LENGTH_MEASURE(2.E-2),#28);
#6773=PRESENTATION_STYLE_ASSIGNMENT((#6772));
#6774=STYLED_ITEM('',(#6773),#6771);
#6775=DIRECTION('',(-1.E0,0.E0,0.E0));
#6776=VECTOR('',#6775,3.E-1);
#6777=CARTESIAN_POINT('',(1.75E0,2.E-1,-1.E-1));
#6778=LINE('',#6777,#6776);
#6779=CURVE_STYLE('',#47,POSITIVE_LENGTH_MEASURE(2.E-2),#28);
#6780=PRESENTATION_STYLE_ASSIGNMENT((#6779));
#6781=STYLED_ITEM('',(#6780),#6778);
#6782=DIRECTION('',(0.E0,0.E0,-1.E0));
#6783=VECTOR('',#6782,2.E-1);
#6784=CARTESIAN_POINT('',(1.75E0,2.E-1,1.E-1));
#6785=LINE('',#6784,#6783);
#6786=CURVE_STYLE('',#47,POSITIVE_LENGTH_MEASURE(2.E-2),#28);
#6787=PRESENTATION_STYLE_ASSIGNMENT((#6786));
#6788=STYLED_ITEM('',(#6787),#6785);
#6789=DIRECTION('',(1.E0,0.E0,0.E0));
#6790=VECTOR('',#6789,3.E-1);
#6791=CARTESIAN_POINT('',(1.45E0,2.E-1,1.E-1));
#6792=LINE('',#6791,#6790);
#6793=CURVE_STYLE('',#47,POSITIVE_LENGTH_MEASURE(2.E-2),#28);
#6794=PRESENTATION_STYLE_ASSIGNMENT((#6793));
#6795=STYLED_ITEM('',(#6794),#6792);
#6796=CARTESIAN_POINT('',(1.45E0,2.E-1,0.E0));
#6797=DIRECTION('',(0.E0,1.E0,0.E0));
#6798=DIRECTION('',(0.E0,0.E0,-1.E0));
#6799=AXIS2_PLACEMENT_3D('',#6796,#6797,#6798);
#6801=CURVE_STYLE('',#47,POSITIVE_LENGTH_MEASURE(2.E-2),#28);
#6802=PRESENTATION_STYLE_ASSIGNMENT((#6801));
#6803=STYLED_ITEM('',(#6802),#6800);
#6804=CARTESIAN_POINT('',(1.75E0,0.E0,-1.E-1));
#6805=CARTESIAN_POINT('',(1.45E0,0.E0,-1.E-1));
#6806=VERTEX_POINT('',#6804);
#6807=VERTEX_POINT('',#6805);
#6808=CARTESIAN_POINT('',(1.45E0,0.E0,1.E-1));
#6809=VERTEX_POINT('',#6808);
#6810=CARTESIAN_POINT('',(1.75E0,0.E0,1.E-1));
#6811=VERTEX_POINT('',#6810);
#6812=CARTESIAN_POINT('',(1.75E0,2.E-1,-1.E-1));
#6813=CARTESIAN_POINT('',(1.45E0,2.E-1,-1.E-1));
#6814=VERTEX_POINT('',#6812);
#6815=VERTEX_POINT('',#6813);
#6816=CARTESIAN_POINT('',(1.45E0,2.E-1,1.E-1));
#6817=VERTEX_POINT('',#6816);
#6818=CARTESIAN_POINT('',(1.75E0,2.E-1,1.E-1));
#6819=VERTEX_POINT('',#6818);
#6820=CARTESIAN_POINT('',(0.E0,0.E0,0.E0));
#6821=DIRECTION('',(0.E0,1.E0,0.E0));
#6822=DIRECTION('',(1.E0,0.E0,0.E0));
#6823=AXIS2_PLACEMENT_3D('',#6820,#6821,#6822);
#6824=PLANE('',#6823);
#6826=ORIENTED_EDGE('',*,*,#6825,.T.);
#6828=ORIENTED_EDGE('',*,*,#6827,.T.);
#6830=ORIENTED_EDGE('',*,*,#6829,.T.);
#6832=ORIENTED_EDGE('',*,*,#6831,.T.);
#6833=EDGE_LOOP('',(#6826,#6828,#6830,#6832));
#6834=FACE_OUTER_BOUND('',#6833,.F.);
#6835=ADVANCED_FACE('',(#6834),#6824,.F.);
#6836=FILL_AREA_STYLE_COLOUR('',#34);
#6837=FILL_AREA_STYLE('',(#6836));
#6838=SURFACE_STYLE_FILL_AREA(#6837);
#6839=SURFACE_SIDE_STYLE('',(#6838));
#6840=SURFACE_STYLE_USAGE(.POSITIVE.,#6839);
#6841=PRESENTATION_STYLE_ASSIGNMENT((#6840));
#6842=OVER_RIDING_STYLED_ITEM('',(#6841),#6835,#6717);
#6843=CARTESIAN_POINT('',(1.75E0,0.E0,-1.E-1));
#6844=DIRECTION('',(0.E0,0.E0,-1.E0));
#6845=DIRECTION('',(-1.E0,0.E0,0.E0));
#6846=AXIS2_PLACEMENT_3D('',#6843,#6844,#6845);
#6847=PLANE('',#6846);
#6848=ORIENTED_EDGE('',*,*,#6825,.F.);
#6850=ORIENTED_EDGE('',*,*,#6849,.T.);
#6852=ORIENTED_EDGE('',*,*,#6851,.T.);
#6854=ORIENTED_EDGE('',*,*,#6853,.F.);
#6855=EDGE_LOOP('',(#6848,#6850,#6852,#6854));
#6856=FACE_OUTER_BOUND('',#6855,.F.);
#6857=ADVANCED_FACE('',(#6856),#6847,.T.);
#6858=CARTESIAN_POINT('',(1.75E0,0.E0,1.E-1));
#6859=DIRECTION('',(1.E0,0.E0,0.E0));
#6860=DIRECTION('',(0.E0,0.E0,-1.E0));
#6861=AXIS2_PLACEMENT_3D('',#6858,#6859,#6860);
#6862=PLANE('',#6861);
#6863=ORIENTED_EDGE('',*,*,#6831,.F.);
#6865=ORIENTED_EDGE('',*,*,#6864,.T.);
#6867=ORIENTED_EDGE('',*,*,#6866,.T.);
#6868=ORIENTED_EDGE('',*,*,#6849,.F.);
#6869=EDGE_LOOP('',(#6863,#6865,#6867,#6868));
#6870=FACE_OUTER_BOUND('',#6869,.F.);
#6871=ADVANCED_FACE('',(#6870),#6862,.T.);
#6872=CARTESIAN_POINT('',(1.45E0,0.E0,1.E-1));
#6873=DIRECTION('',(0.E0,0.E0,1.E0));
#6874=DIRECTION('',(1.E0,0.E0,0.E0));
#6875=AXIS2_PLACEMENT_3D('',#6872,#6873,#6874);
#6876=PLANE('',#6875);
#6877=ORIENTED_EDGE('',*,*,#6829,.F.);
#6879=ORIENTED_EDGE('',*,*,#6878,.T.);
#6881=ORIENTED_EDGE('',*,*,#6880,.T.);
#6882=ORIENTED_EDGE('',*,*,#6864,.F.);
#6883=EDGE_LOOP('',(#6877,#6879,#6881,#6882));
#6884=FACE_OUTER_BOUND('',#6883,.F.);
#6885=ADVANCED_FACE('',(#6884),#6876,.T.);
#6886=CARTESIAN_POINT('',(1.45E0,0.E0,0.E0));
#6887=DIRECTION('',(0.E0,1.E0,0.E0));
#6888=DIRECTION('',(1.E0,0.E0,0.E0));
#6889=AXIS2_PLACEMENT_3D('',#6886,#6887,#6888);
#6890=CYLINDRICAL_SURFACE('',#6889,1.E-1);
#6891=ORIENTED_EDGE('',*,*,#6827,.F.);
#6892=ORIENTED_EDGE('',*,*,#6853,.T.);
#6894=ORIENTED_EDGE('',*,*,#6893,.T.);
#6895=ORIENTED_EDGE('',*,*,#6878,.F.);
#6896=EDGE_LOOP('',(#6891,#6892,#6894,#6895));
#6897=FACE_OUTER_BOUND('',#6896,.F.);
#6898=ADVANCED_FACE('',(#6897),#6890,.T.);
#6899=CARTESIAN_POINT('',(0.E0,2.E-1,0.E0));
#6900=DIRECTION('',(0.E0,1.E0,0.E0));
#6901=DIRECTION('',(1.E0,0.E0,0.E0));
#6902=AXIS2_PLACEMENT_3D('',#6899,#6900,#6901);
#6903=PLANE('',#6902);
#6904=ORIENTED_EDGE('',*,*,#6851,.F.);
#6905=ORIENTED_EDGE('',*,*,#6866,.F.);
#6906=ORIENTED_EDGE('',*,*,#6880,.F.);
#6907=ORIENTED_EDGE('',*,*,#6893,.F.);
#6908=EDGE_LOOP('',(#6904,#6905,#6906,#6907));
#6909=FACE_OUTER_BOUND('',#6908,.F.);
#6910=ADVANCED_FACE('',(#6909),#6903,.T.);
#6911=CLOSED_SHELL('',(#6835,#6857,#6871,#6885,#6898,#6910));
#6912=MANIFOLD_SOLID_BREP('',#6911);
#6913=FILL_AREA_STYLE_COLOUR('',#28);
#6914=FILL_AREA_STYLE('',(#6913));
#6915=SURFACE_STYLE_FILL_AREA(#6914);
#6916=SURFACE_SIDE_STYLE('',(#6915));
#6917=SURFACE_STYLE_USAGE(.POSITIVE.,#6916);
#6918=PRESENTATION_STYLE_ASSIGNMENT((#6917));
#6717=STYLED_ITEM('',(#6918),#6912);
#6920=DIRECTION('',(1.E0,0.E0,0.E0));
#6921=VECTOR('',#6920,3.E-1);
#6922=CARTESIAN_POINT('',(-1.75E0,0.E0,1.5E0));
#6923=LINE('',#6922,#6921);
#6924=CURVE_STYLE('',#47,POSITIVE_LENGTH_MEASURE(2.E-2),#28);
#6925=PRESENTATION_STYLE_ASSIGNMENT((#6924));
#6926=STYLED_ITEM('',(#6925),#6923);
#6927=DIRECTION('',(0.E0,0.E0,-1.E0));
#6928=VECTOR('',#6927,2.E-1);
#6929=CARTESIAN_POINT('',(-1.75E0,0.E0,1.7E0));
#6930=LINE('',#6929,#6928);
#6931=CURVE_STYLE('',#47,POSITIVE_LENGTH_MEASURE(2.E-2),#28);
#6932=PRESENTATION_STYLE_ASSIGNMENT((#6931));
#6933=STYLED_ITEM('',(#6932),#6930);
#6934=DIRECTION('',(-1.E0,0.E0,0.E0));
#6935=VECTOR('',#6934,3.E-1);
#6936=CARTESIAN_POINT('',(-1.45E0,0.E0,1.7E0));
#6937=LINE('',#6936,#6935);
#6938=CURVE_STYLE('',#47,POSITIVE_LENGTH_MEASURE(2.E-2),#28);
#6939=PRESENTATION_STYLE_ASSIGNMENT((#6938));
#6940=STYLED_ITEM('',(#6939),#6937);
#6941=CARTESIAN_POINT('',(-1.45E0,0.E0,1.6E0));
#6942=DIRECTION('',(0.E0,-1.E0,0.E0));
#6943=DIRECTION('',(0.E0,0.E0,-1.E0));
#6944=AXIS2_PLACEMENT_3D('',#6941,#6942,#6943);
#6946=CURVE_STYLE('',#47,POSITIVE_LENGTH_MEASURE(2.E-2),#28);
#6947=PRESENTATION_STYLE_ASSIGNMENT((#6946));
#6948=STYLED_ITEM('',(#6947),#6945);
#6949=DIRECTION('',(0.E0,1.E0,0.E0));
#6950=VECTOR('',#6949,2.E-1);
#6951=CARTESIAN_POINT('',(-1.75E0,0.E0,1.5E0));
#6952=LINE('',#6951,#6950);
#6953=CURVE_STYLE('',#47,POSITIVE_LENGTH_MEASURE(2.E-2),#28);
#6954=PRESENTATION_STYLE_ASSIGNMENT((#6953));
#6955=STYLED_ITEM('',(#6954),#6952);
#6956=DIRECTION('',(0.E0,1.E0,0.E0));
#6957=VECTOR('',#6956,2.E-1);
#6958=CARTESIAN_POINT('',(-1.45E0,0.E0,1.5E0));
#6959=LINE('',#6958,#6957);
#6960=CURVE_STYLE('',#47,POSITIVE_LENGTH_MEASURE(2.E-2),#28);
#6961=PRESENTATION_STYLE_ASSIGNMENT((#6960));
#6962=STYLED_ITEM('',(#6961),#6959);
#6963=DIRECTION('',(0.E0,1.E0,0.E0));
#6964=VECTOR('',#6963,2.E-1);
#6965=CARTESIAN_POINT('',(-1.45E0,0.E0,1.7E0));
#6966=LINE('',#6965,#6964);
#6967=CURVE_STYLE('',#47,POSITIVE_LENGTH_MEASURE(2.E-2),#28);
#6968=PRESENTATION_STYLE_ASSIGNMENT((#6967));
#6969=STYLED_ITEM('',(#6968),#6966);
#6970=DIRECTION('',(0.E0,1.E0,0.E0));
#6971=VECTOR('',#6970,2.E-1);
#6972=CARTESIAN_POINT('',(-1.75E0,0.E0,1.7E0));
#6973=LINE('',#6972,#6971);
#6974=CURVE_STYLE('',#47,POSITIVE_LENGTH_MEASURE(2.E-2),#28);
#6975=PRESENTATION_STYLE_ASSIGNMENT((#6974));
#6976=STYLED_ITEM('',(#6975),#6973);
#6977=DIRECTION('',(1.E0,0.E0,0.E0));
#6978=VECTOR('',#6977,3.E-1);
#6979=CARTESIAN_POINT('',(-1.75E0,2.E-1,1.5E0));
#6980=LINE('',#6979,#6978);
#6981=CURVE_STYLE('',#47,POSITIVE_LENGTH_MEASURE(2.E-2),#28);
#6982=PRESENTATION_STYLE_ASSIGNMENT((#6981));
#6983=STYLED_ITEM('',(#6982),#6980);
#6984=CARTESIAN_POINT('',(-1.45E0,2.E-1,1.6E0));
#6985=DIRECTION('',(0.E0,-1.E0,0.E0));
#6986=DIRECTION('',(0.E0,0.E0,-1.E0));
#6987=AXIS2_PLACEMENT_3D('',#6984,#6985,#6986);
#6989=CURVE_STYLE('',#47,POSITIVE_LENGTH_MEASURE(2.E-2),#28);
#6990=PRESENTATION_STYLE_ASSIGNMENT((#6989));
#6991=STYLED_ITEM('',(#6990),#6988);
#6992=DIRECTION('',(-1.E0,0.E0,0.E0));
#6993=VECTOR('',#6992,3.E-1);
#6994=CARTESIAN_POINT('',(-1.45E0,2.E-1,1.7E0));
#6995=LINE('',#6994,#6993);
#6996=CURVE_STYLE('',#47,POSITIVE_LENGTH_MEASURE(2.E-2),#28);
#6997=PRESENTATION_STYLE_ASSIGNMENT((#6996));
#6998=STYLED_ITEM('',(#6997),#6995);
#6999=DIRECTION('',(0.E0,0.E0,-1.E0));
#7000=VECTOR('',#6999,2.E-1);
#7001=CARTESIAN_POINT('',(-1.75E0,2.E-1,1.7E0));
#7002=LINE('',#7001,#7000);
#7003=CURVE_STYLE('',#47,POSITIVE_LENGTH_MEASURE(2.E-2),#28);
#7004=PRESENTATION_STYLE_ASSIGNMENT((#7003));
#7005=STYLED_ITEM('',(#7004),#7002);
#7006=CARTESIAN_POINT('',(-1.75E0,0.E0,1.5E0));
#7007=CARTESIAN_POINT('',(-1.45E0,0.E0,1.5E0));
#7008=VERTEX_POINT('',#7006);
#7009=VERTEX_POINT('',#7007);
#7010=CARTESIAN_POINT('',(-1.45E0,0.E0,1.7E0));
#7011=VERTEX_POINT('',#7010);
#7012=CARTESIAN_POINT('',(-1.75E0,0.E0,1.7E0));
#7013=VERTEX_POINT('',#7012);
#7014=CARTESIAN_POINT('',(-1.75E0,2.E-1,1.5E0));
#7015=CARTESIAN_POINT('',(-1.45E0,2.E-1,1.5E0));
#7016=VERTEX_POINT('',#7014);
#7017=VERTEX_POINT('',#7015);
#7018=CARTESIAN_POINT('',(-1.45E0,2.E-1,1.7E0));
#7019=VERTEX_POINT('',#7018);
#7020=CARTESIAN_POINT('',(-1.75E0,2.E-1,1.7E0));
#7021=VERTEX_POINT('',#7020);
#7022=CARTESIAN_POINT('',(0.E0,0.E0,0.E0));
#7023=DIRECTION('',(0.E0,-1.E0,0.E0));
#7024=DIRECTION('',(-1.E0,0.E0,0.E0));
#7025=AXIS2_PLACEMENT_3D('',#7022,#7023,#7024);
#7026=PLANE('',#7025);
#7028=ORIENTED_EDGE('',*,*,#7027,.F.);
#7030=ORIENTED_EDGE('',*,*,#7029,.F.);
#7032=ORIENTED_EDGE('',*,*,#7031,.F.);
#7034=ORIENTED_EDGE('',*,*,#7033,.F.);
#7035=EDGE_LOOP('',(#7028,#7030,#7032,#7034));
#7036=FACE_OUTER_BOUND('',#7035,.F.);
#7037=ADVANCED_FACE('',(#7036),#7026,.T.);
#7038=FILL_AREA_STYLE_COLOUR('',#34);
#7039=FILL_AREA_STYLE('',(#7038));
#7040=SURFACE_STYLE_FILL_AREA(#7039);
#7041=SURFACE_SIDE_STYLE('',(#7040));
#7042=SURFACE_STYLE_USAGE(.POSITIVE.,#7041);
#7043=PRESENTATION_STYLE_ASSIGNMENT((#7042));
#7044=OVER_RIDING_STYLED_ITEM('',(#7043),#7037,#6919);
#7045=CARTESIAN_POINT('',(-1.75E0,0.E0,1.5E0));
#7046=DIRECTION('',(0.E0,0.E0,1.E0));
#7047=DIRECTION('',(1.E0,0.E0,0.E0));
#7048=AXIS2_PLACEMENT_3D('',#7045,#7046,#7047);
#7049=PLANE('',#7048);
#7050=ORIENTED_EDGE('',*,*,#7027,.T.);
#7052=ORIENTED_EDGE('',*,*,#7051,.T.);
#7054=ORIENTED_EDGE('',*,*,#7053,.F.);
#7056=ORIENTED_EDGE('',*,*,#7055,.F.);
#7057=EDGE_LOOP('',(#7050,#7052,#7054,#7056));
#7058=FACE_OUTER_BOUND('',#7057,.F.);
#7059=ADVANCED_FACE('',(#7058),#7049,.F.);
#7060=CARTESIAN_POINT('',(-1.45E0,0.E0,1.6E0));
#7061=DIRECTION('',(0.E0,-1.E0,0.E0));
#7062=DIRECTION('',(-1.E0,0.E0,0.E0));
#7063=AXIS2_PLACEMENT_3D('',#7060,#7061,#7062);
#7064=CYLINDRICAL_SURFACE('',#7063,1.E-1);
#7065=ORIENTED_EDGE('',*,*,#7033,.T.);
#7067=ORIENTED_EDGE('',*,*,#7066,.T.);
#7069=ORIENTED_EDGE('',*,*,#7068,.F.);
#7070=ORIENTED_EDGE('',*,*,#7051,.F.);
#7071=EDGE_LOOP('',(#7065,#7067,#7069,#7070));
#7072=FACE_OUTER_BOUND('',#7071,.F.);
#7073=ADVANCED_FACE('',(#7072),#7064,.T.);
#7074=CARTESIAN_POINT('',(-1.45E0,0.E0,1.7E0));
#7075=DIRECTION('',(0.E0,0.E0,-1.E0));
#7076=DIRECTION('',(-1.E0,0.E0,0.E0));
#7077=AXIS2_PLACEMENT_3D('',#7074,#7075,#7076);
#7078=PLANE('',#7077);
#7079=ORIENTED_EDGE('',*,*,#7031,.T.);
#7081=ORIENTED_EDGE('',*,*,#7080,.T.);
#7083=ORIENTED_EDGE('',*,*,#7082,.F.);
#7084=ORIENTED_EDGE('',*,*,#7066,.F.);
#7085=EDGE_LOOP('',(#7079,#7081,#7083,#7084));
#7086=FACE_OUTER_BOUND('',#7085,.F.);
#7087=ADVANCED_FACE('',(#7086),#7078,.F.);
#7088=CARTESIAN_POINT('',(-1.75E0,0.E0,1.7E0));
#7089=DIRECTION('',(1.E0,0.E0,0.E0));
#7090=DIRECTION('',(0.E0,0.E0,-1.E0));
#7091=AXIS2_PLACEMENT_3D('',#7088,#7089,#7090);
#7092=PLANE('',#7091);
#7093=ORIENTED_EDGE('',*,*,#7029,.T.);
#7094=ORIENTED_EDGE('',*,*,#7055,.T.);
#7096=ORIENTED_EDGE('',*,*,#7095,.F.);
#7097=ORIENTED_EDGE('',*,*,#7080,.F.);
#7098=EDGE_LOOP('',(#7093,#7094,#7096,#7097));
#7099=FACE_OUTER_BOUND('',#7098,.F.);
#7100=ADVANCED_FACE('',(#7099),#7092,.F.);
#7101=CARTESIAN_POINT('',(0.E0,2.E-1,0.E0));
#7102=DIRECTION('',(0.E0,-1.E0,0.E0));
#7103=DIRECTION('',(-1.E0,0.E0,0.E0));
#7104=AXIS2_PLACEMENT_3D('',#7101,#7102,#7103);
#7105=PLANE('',#7104);
#7106=ORIENTED_EDGE('',*,*,#7053,.T.);
#7107=ORIENTED_EDGE('',*,*,#7068,.T.);
#7108=ORIENTED_EDGE('',*,*,#7082,.T.);
#7109=ORIENTED_EDGE('',*,*,#7095,.T.);
#7110=EDGE_LOOP('',(#7106,#7107,#7108,#7109));
#7111=FACE_OUTER_BOUND('',#7110,.F.);
#7112=ADVANCED_FACE('',(#7111),#7105,.F.);
#7113=CLOSED_SHELL('',(#7037,#7059,#7073,#7087,#7100,#7112));
#7114=MANIFOLD_SOLID_BREP('',#7113);
#7115=FILL_AREA_STYLE_COLOUR('',#28);
#7116=FILL_AREA_STYLE('',(#7115));
#7117=SURFACE_STYLE_FILL_AREA(#7116);
#7118=SURFACE_SIDE_STYLE('',(#7117));
#7119=SURFACE_STYLE_USAGE(.POSITIVE.,#7118);
#7120=PRESENTATION_STYLE_ASSIGNMENT((#7119));
#6919=STYLED_ITEM('',(#7120),#7114);
#7122=DIRECTION('',(1.E0,0.E0,0.E0));
#7123=VECTOR('',#7122,3.E-1);
#7124=CARTESIAN_POINT('',(-1.75E0,0.E0,1.1E0));
#7125=LINE('',#7124,#7123);
#7126=CURVE_STYLE('',#47,POSITIVE_LENGTH_MEASURE(2.E-2),#28);
#7127=PRESENTATION_STYLE_ASSIGNMENT((#7126));
#7128=STYLED_ITEM('',(#7127),#7125);
#7129=DIRECTION('',(0.E0,0.E0,-1.E0));
#7130=VECTOR('',#7129,2.E-1);
#7131=CARTESIAN_POINT('',(-1.75E0,0.E0,1.3E0));
#7132=LINE('',#7131,#7130);
#7133=CURVE_STYLE('',#47,POSITIVE_LENGTH_MEASURE(2.E-2),#28);
#7134=PRESENTATION_STYLE_ASSIGNMENT((#7133));
#7135=STYLED_ITEM('',(#7134),#7132);
#7136=DIRECTION('',(-1.E0,0.E0,0.E0));
#7137=VECTOR('',#7136,3.E-1);
#7138=CARTESIAN_POINT('',(-1.45E0,0.E0,1.3E0));
#7139=LINE('',#7138,#7137);
#7140=CURVE_STYLE('',#47,POSITIVE_LENGTH_MEASURE(2.E-2),#28);
#7141=PRESENTATION_STYLE_ASSIGNMENT((#7140));
#7142=STYLED_ITEM('',(#7141),#7139);
#7143=CARTESIAN_POINT('',(-1.45E0,0.E0,1.2E0));
#7144=DIRECTION('',(0.E0,-1.E0,0.E0));
#7145=DIRECTION('',(0.E0,0.E0,-1.E0));
#7146=AXIS2_PLACEMENT_3D('',#7143,#7144,#7145);
#7148=CURVE_STYLE('',#47,POSITIVE_LENGTH_MEASURE(2.E-2),#28);
#7149=PRESENTATION_STYLE_ASSIGNMENT((#7148));
#7150=STYLED_ITEM('',(#7149),#7147);
#7151=DIRECTION('',(0.E0,1.E0,0.E0));
#7152=VECTOR('',#7151,2.E-1);
#7153=CARTESIAN_POINT('',(-1.75E0,0.E0,1.1E0));
#7154=LINE('',#7153,#7152);
#7155=CURVE_STYLE('',#47,POSITIVE_LENGTH_MEASURE(2.E-2),#28);
#7156=PRESENTATION_STYLE_ASSIGNMENT((#7155));
#7157=STYLED_ITEM('',(#7156),#7154);
#7158=DIRECTION('',(0.E0,1.E0,0.E0));
#7159=VECTOR('',#7158,2.E-1);
#7160=CARTESIAN_POINT('',(-1.45E0,0.E0,1.1E0));
#7161=LINE('',#7160,#7159);
#7162=CURVE_STYLE('',#47,POSITIVE_LENGTH_MEASURE(2.E-2),#28);
#7163=PRESENTATION_STYLE_ASSIGNMENT((#7162));
#7164=STYLED_ITEM('',(#7163),#7161);
#7165=DIRECTION('',(0.E0,1.E0,0.E0));
#7166=VECTOR('',#7165,2.E-1);
#7167=CARTESIAN_POINT('',(-1.45E0,0.E0,1.3E0));
#7168=LINE('',#7167,#7166);
#7169=CURVE_STYLE('',#47,POSITIVE_LENGTH_MEASURE(2.E-2),#28);
#7170=PRESENTATION_STYLE_ASSIGNMENT((#7169));
#7171=STYLED_ITEM('',(#7170),#7168);
#7172=DIRECTION('',(0.E0,1.E0,0.E0));
#7173=VECTOR('',#7172,2.E-1);
#7174=CARTESIAN_POINT('',(-1.75E0,0.E0,1.3E0));
#7175=LINE('',#7174,#7173);
#7176=CURVE_STYLE('',#47,POSITIVE_LENGTH_MEASURE(2.E-2),#28);
#7177=PRESENTATION_STYLE_ASSIGNMENT((#7176));
#7178=STYLED_ITEM('',(#7177),#7175);
#7179=DIRECTION('',(1.E0,0.E0,0.E0));
#7180=VECTOR('',#7179,3.E-1);
#7181=CARTESIAN_POINT('',(-1.75E0,2.E-1,1.1E0));
#7182=LINE('',#7181,#7180);
#7183=CURVE_STYLE('',#47,POSITIVE_LENGTH_MEASURE(2.E-2),#28);
#7184=PRESENTATION_STYLE_ASSIGNMENT((#7183));
#7185=STYLED_ITEM('',(#7184),#7182);
#7186=CARTESIAN_POINT('',(-1.45E0,2.E-1,1.2E0));
#7187=DIRECTION('',(0.E0,-1.E0,0.E0));
#7188=DIRECTION('',(0.E0,0.E0,-1.E0));
#7189=AXIS2_PLACEMENT_3D('',#7186,#7187,#7188);
#7191=CURVE_STYLE('',#47,POSITIVE_LENGTH_MEASURE(2.E-2),#28);
#7192=PRESENTATION_STYLE_ASSIGNMENT((#7191));
#7193=STYLED_ITEM('',(#7192),#7190);
#7194=DIRECTION('',(-1.E0,0.E0,0.E0));
#7195=VECTOR('',#7194,3.E-1);
#7196=CARTESIAN_POINT('',(-1.45E0,2.E-1,1.3E0));
#7197=LINE('',#7196,#7195);
#7198=CURVE_STYLE('',#47,POSITIVE_LENGTH_MEASURE(2.E-2),#28);
#7199=PRESENTATION_STYLE_ASSIGNMENT((#7198));
#7200=STYLED_ITEM('',(#7199),#7197);
#7201=DIRECTION('',(0.E0,0.E0,-1.E0));
#7202=VECTOR('',#7201,2.E-1);
#7203=CARTESIAN_POINT('',(-1.75E0,2.E-1,1.3E0));
#7204=LINE('',#7203,#7202);
#7205=CURVE_STYLE('',#47,POSITIVE_LENGTH_MEASURE(2.E-2),#28);
#7206=PRESENTATION_STYLE_ASSIGNMENT((#7205));
#7207=STYLED_ITEM('',(#7206),#7204);
#7208=CARTESIAN_POINT('',(-1.75E0,0.E0,1.1E0));
#7209=CARTESIAN_POINT('',(-1.45E0,0.E0,1.1E0));
#7210=VERTEX_POINT('',#7208);
#7211=VERTEX_POINT('',#7209);
#7212=CARTESIAN_POINT('',(-1.45E0,0.E0,1.3E0));
#7213=VERTEX_POINT('',#7212);
#7214=CARTESIAN_POINT('',(-1.75E0,0.E0,1.3E0));
#7215=VERTEX_POINT('',#7214);
#7216=CARTESIAN_POINT('',(-1.75E0,2.E-1,1.1E0));
#7217=CARTESIAN_POINT('',(-1.45E0,2.E-1,1.1E0));
#7218=VERTEX_POINT('',#7216);
#7219=VERTEX_POINT('',#7217);
#7220=CARTESIAN_POINT('',(-1.45E0,2.E-1,1.3E0));
#7221=VERTEX_POINT('',#7220);
#7222=CARTESIAN_POINT('',(-1.75E0,2.E-1,1.3E0));
#7223=VERTEX_POINT('',#7222);
#7224=CARTESIAN_POINT('',(0.E0,0.E0,0.E0));
#7225=DIRECTION('',(0.E0,-1.E0,0.E0));
#7226=DIRECTION('',(-1.E0,0.E0,0.E0));
#7227=AXIS2_PLACEMENT_3D('',#7224,#7225,#7226);
#7228=PLANE('',#7227);
#7230=ORIENTED_EDGE('',*,*,#7229,.F.);
#7232=ORIENTED_EDGE('',*,*,#7231,.F.);
#7234=ORIENTED_EDGE('',*,*,#7233,.F.);
#7236=ORIENTED_EDGE('',*,*,#7235,.F.);
#7237=EDGE_LOOP('',(#7230,#7232,#7234,#7236));
#7238=FACE_OUTER_BOUND('',#7237,.F.);
#7239=ADVANCED_FACE('',(#7238),#7228,.T.);
#7240=FILL_AREA_STYLE_COLOUR('',#34);
#7241=FILL_AREA_STYLE('',(#7240));
#7242=SURFACE_STYLE_FILL_AREA(#7241);
#7243=SURFACE_SIDE_STYLE('',(#7242));
#7244=SURFACE_STYLE_USAGE(.POSITIVE.,#7243);
#7245=PRESENTATION_STYLE_ASSIGNMENT((#7244));
#7246=OVER_RIDING_STYLED_ITEM('',(#7245),#7239,#7121);
#7247=CARTESIAN_POINT('',(-1.75E0,0.E0,1.1E0));
#7248=DIRECTION('',(0.E0,0.E0,1.E0));
#7249=DIRECTION('',(1.E0,0.E0,0.E0));
#7250=AXIS2_PLACEMENT_3D('',#7247,#7248,#7249);
#7251=PLANE('',#7250);
#7252=ORIENTED_EDGE('',*,*,#7229,.T.);
#7254=ORIENTED_EDGE('',*,*,#7253,.T.);
#7256=ORIENTED_EDGE('',*,*,#7255,.F.);
#7258=ORIENTED_EDGE('',*,*,#7257,.F.);
#7259=EDGE_LOOP('',(#7252,#7254,#7256,#7258));
#7260=FACE_OUTER_BOUND('',#7259,.F.);
#7261=ADVANCED_FACE('',(#7260),#7251,.F.);
#7262=CARTESIAN_POINT('',(-1.45E0,0.E0,1.2E0));
#7263=DIRECTION('',(0.E0,-1.E0,0.E0));
#7264=DIRECTION('',(-1.E0,0.E0,0.E0));
#7265=AXIS2_PLACEMENT_3D('',#7262,#7263,#7264);
#7266=CYLINDRICAL_SURFACE('',#7265,1.E-1);
#7267=ORIENTED_EDGE('',*,*,#7235,.T.);
#7269=ORIENTED_EDGE('',*,*,#7268,.T.);
#7271=ORIENTED_EDGE('',*,*,#7270,.F.);
#7272=ORIENTED_EDGE('',*,*,#7253,.F.);
#7273=EDGE_LOOP('',(#7267,#7269,#7271,#7272));
#7274=FACE_OUTER_BOUND('',#7273,.F.);
#7275=ADVANCED_FACE('',(#7274),#7266,.T.);
#7276=CARTESIAN_POINT('',(-1.45E0,0.E0,1.3E0));
#7277=DIRECTION('',(0.E0,0.E0,-1.E0));
#7278=DIRECTION('',(-1.E0,0.E0,0.E0));
#7279=AXIS2_PLACEMENT_3D('',#7276,#7277,#7278);
#7280=PLANE('',#7279);
#7281=ORIENTED_EDGE('',*,*,#7233,.T.);
#7283=ORIENTED_EDGE('',*,*,#7282,.T.);
#7285=ORIENTED_EDGE('',*,*,#7284,.F.);
#7286=ORIENTED_EDGE('',*,*,#7268,.F.);
#7287=EDGE_LOOP('',(#7281,#7283,#7285,#7286));
#7288=FACE_OUTER_BOUND('',#7287,.F.);
#7289=ADVANCED_FACE('',(#7288),#7280,.F.);
#7290=CARTESIAN_POINT('',(-1.75E0,0.E0,1.3E0));
#7291=DIRECTION('',(1.E0,0.E0,0.E0));
#7292=DIRECTION('',(0.E0,0.E0,-1.E0));
#7293=AXIS2_PLACEMENT_3D('',#7290,#7291,#7292);
#7294=PLANE('',#7293);
#7295=ORIENTED_EDGE('',*,*,#7231,.T.);
#7296=ORIENTED_EDGE('',*,*,#7257,.T.);
#7298=ORIENTED_EDGE('',*,*,#7297,.F.);
#7299=ORIENTED_EDGE('',*,*,#7282,.F.);
#7300=EDGE_LOOP('',(#7295,#7296,#7298,#7299));
#7301=FACE_OUTER_BOUND('',#7300,.F.);
#7302=ADVANCED_FACE('',(#7301),#7294,.F.);
#7303=CARTESIAN_POINT('',(0.E0,2.E-1,0.E0));
#7304=DIRECTION('',(0.E0,-1.E0,0.E0));
#7305=DIRECTION('',(-1.E0,0.E0,0.E0));
#7306=AXIS2_PLACEMENT_3D('',#7303,#7304,#7305);
#7307=PLANE('',#7306);
#7308=ORIENTED_EDGE('',*,*,#7255,.T.);
#7309=ORIENTED_EDGE('',*,*,#7270,.T.);
#7310=ORIENTED_EDGE('',*,*,#7284,.T.);
#7311=ORIENTED_EDGE('',*,*,#7297,.T.);
#7312=EDGE_LOOP('',(#7308,#7309,#7310,#7311));
#7313=FACE_OUTER_BOUND('',#7312,.F.);
#7314=ADVANCED_FACE('',(#7313),#7307,.F.);
#7315=CLOSED_SHELL('',(#7239,#7261,#7275,#7289,#7302,#7314));
#7316=MANIFOLD_SOLID_BREP('',#7315);
#7317=FILL_AREA_STYLE_COLOUR('',#28);
#7318=FILL_AREA_STYLE('',(#7317));
#7319=SURFACE_STYLE_FILL_AREA(#7318);
#7320=SURFACE_SIDE_STYLE('',(#7319));
#7321=SURFACE_STYLE_USAGE(.POSITIVE.,#7320);
#7322=PRESENTATION_STYLE_ASSIGNMENT((#7321));
#7121=STYLED_ITEM('',(#7322),#7316);
#7324=DIRECTION('',(1.E0,0.E0,0.E0));
#7325=VECTOR('',#7324,3.E-1);
#7326=CARTESIAN_POINT('',(-1.75E0,0.E0,7.E-1));
#7327=LINE('',#7326,#7325);
#7328=CURVE_STYLE('',#47,POSITIVE_LENGTH_MEASURE(2.E-2),#28);
#7329=PRESENTATION_STYLE_ASSIGNMENT((#7328));
#7330=STYLED_ITEM('',(#7329),#7327);
#7331=DIRECTION('',(0.E0,0.E0,-1.E0));
#7332=VECTOR('',#7331,2.E-1);
#7333=CARTESIAN_POINT('',(-1.75E0,0.E0,9.E-1));
#7334=LINE('',#7333,#7332);
#7335=CURVE_STYLE('',#47,POSITIVE_LENGTH_MEASURE(2.E-2),#28);
#7336=PRESENTATION_STYLE_ASSIGNMENT((#7335));
#7337=STYLED_ITEM('',(#7336),#7334);
#7338=DIRECTION('',(-1.E0,0.E0,0.E0));
#7339=VECTOR('',#7338,3.E-1);
#7340=CARTESIAN_POINT('',(-1.45E0,0.E0,9.E-1));
#7341=LINE('',#7340,#7339);
#7342=CURVE_STYLE('',#47,POSITIVE_LENGTH_MEASURE(2.E-2),#28);
#7343=PRESENTATION_STYLE_ASSIGNMENT((#7342));
#7344=STYLED_ITEM('',(#7343),#7341);
#7345=CARTESIAN_POINT('',(-1.45E0,0.E0,8.E-1));
#7346=DIRECTION('',(0.E0,-1.E0,0.E0));
#7347=DIRECTION('',(0.E0,0.E0,-1.E0));
#7348=AXIS2_PLACEMENT_3D('',#7345,#7346,#7347);
#7350=CURVE_STYLE('',#47,POSITIVE_LENGTH_MEASURE(2.E-2),#28);
#7351=PRESENTATION_STYLE_ASSIGNMENT((#7350));
#7352=STYLED_ITEM('',(#7351),#7349);
#7353=DIRECTION('',(0.E0,1.E0,0.E0));
#7354=VECTOR('',#7353,2.E-1);
#7355=CARTESIAN_POINT('',(-1.75E0,0.E0,7.E-1));
#7356=LINE('',#7355,#7354);
#7357=CURVE_STYLE('',#47,POSITIVE_LENGTH_MEASURE(2.E-2),#28);
#7358=PRESENTATION_STYLE_ASSIGNMENT((#7357));
#7359=STYLED_ITEM('',(#7358),#7356);
#7360=DIRECTION('',(0.E0,1.E0,0.E0));
#7361=VECTOR('',#7360,2.E-1);
#7362=CARTESIAN_POINT('',(-1.45E0,0.E0,7.E-1));
#7363=LINE('',#7362,#7361);
#7364=CURVE_STYLE('',#47,POSITIVE_LENGTH_MEASURE(2.E-2),#28);
#7365=PRESENTATION_STYLE_ASSIGNMENT((#7364));
#7366=STYLED_ITEM('',(#7365),#7363);
#7367=DIRECTION('',(0.E0,1.E0,0.E0));
#7368=VECTOR('',#7367,2.E-1);
#7369=CARTESIAN_POINT('',(-1.45E0,0.E0,9.E-1));
#7370=LINE('',#7369,#7368);
#7371=CURVE_STYLE('',#47,POSITIVE_LENGTH_MEASURE(2.E-2),#28);
#7372=PRESENTATION_STYLE_ASSIGNMENT((#7371));
#7373=STYLED_ITEM('',(#7372),#7370);
#7374=DIRECTION('',(0.E0,1.E0,0.E0));
#7375=VECTOR('',#7374,2.E-1);
#7376=CARTESIAN_POINT('',(-1.75E0,0.E0,9.E-1));
#7377=LINE('',#7376,#7375);
#7378=CURVE_STYLE('',#47,POSITIVE_LENGTH_MEASURE(2.E-2),#28);
#7379=PRESENTATION_STYLE_ASSIGNMENT((#7378));
#7380=STYLED_ITEM('',(#7379),#7377);
#7381=DIRECTION('',(1.E0,0.E0,0.E0));
#7382=VECTOR('',#7381,3.E-1);
#7383=CARTESIAN_POINT('',(-1.75E0,2.E-1,7.E-1));
#7384=LINE('',#7383,#7382);
#7385=CURVE_STYLE('',#47,POSITIVE_LENGTH_MEASURE(2.E-2),#28);
#7386=PRESENTATION_STYLE_ASSIGNMENT((#7385));
#7387=STYLED_ITEM('',(#7386),#7384);
#7388=CARTESIAN_POINT('',(-1.45E0,2.E-1,8.E-1));
#7389=DIRECTION('',(0.E0,-1.E0,0.E0));
#7390=DIRECTION('',(0.E0,0.E0,-1.E0));
#7391=AXIS2_PLACEMENT_3D('',#7388,#7389,#7390);
#7393=CURVE_STYLE('',#47,POSITIVE_LENGTH_MEASURE(2.E-2),#28);
#7394=PRESENTATION_STYLE_ASSIGNMENT((#7393));
#7395=STYLED_ITEM('',(#7394),#7392);
#7396=DIRECTION('',(-1.E0,0.E0,0.E0));
#7397=VECTOR('',#7396,3.E-1);
#7398=CARTESIAN_POINT('',(-1.45E0,2.E-1,9.E-1));
#7399=LINE('',#7398,#7397);
#7400=CURVE_STYLE('',#47,POSITIVE_LENGTH_MEASURE(2.E-2),#28);
#7401=PRESENTATION_STYLE_ASSIGNMENT((#7400));
#7402=STYLED_ITEM('',(#7401),#7399);
#7403=DIRECTION('',(0.E0,0.E0,-1.E0));
#7404=VECTOR('',#7403,2.E-1);
#7405=CARTESIAN_POINT('',(-1.75E0,2.E-1,9.E-1));
#7406=LINE('',#7405,#7404);
#7407=CURVE_STYLE('',#47,POSITIVE_LENGTH_MEASURE(2.E-2),#28);
#7408=PRESENTATION_STYLE_ASSIGNMENT((#7407));
#7409=STYLED_ITEM('',(#7408),#7406);
#7410=CARTESIAN_POINT('',(-1.75E0,0.E0,7.E-1));
#7411=CARTESIAN_POINT('',(-1.45E0,0.E0,7.E-1));
#7412=VERTEX_POINT('',#7410);
#7413=VERTEX_POINT('',#7411);
#7414=CARTESIAN_POINT('',(-1.45E0,0.E0,9.E-1));
#7415=VERTEX_POINT('',#7414);
#7416=CARTESIAN_POINT('',(-1.75E0,0.E0,9.E-1));
#7417=VERTEX_POINT('',#7416);
#7418=CARTESIAN_POINT('',(-1.75E0,2.E-1,7.E-1));
#7419=CARTESIAN_POINT('',(-1.45E0,2.E-1,7.E-1));
#7420=VERTEX_POINT('',#7418);
#7421=VERTEX_POINT('',#7419);
#7422=CARTESIAN_POINT('',(-1.45E0,2.E-1,9.E-1));
#7423=VERTEX_POINT('',#7422);
#7424=CARTESIAN_POINT('',(-1.75E0,2.E-1,9.E-1));
#7425=VERTEX_POINT('',#7424);
#7426=CARTESIAN_POINT('',(0.E0,0.E0,0.E0));
#7427=DIRECTION('',(0.E0,-1.E0,0.E0));
#7428=DIRECTION('',(-1.E0,0.E0,0.E0));
#7429=AXIS2_PLACEMENT_3D('',#7426,#7427,#7428);
#7430=PLANE('',#7429);
#7432=ORIENTED_EDGE('',*,*,#7431,.F.);
#7434=ORIENTED_EDGE('',*,*,#7433,.F.);
#7436=ORIENTED_EDGE('',*,*,#7435,.F.);
#7438=ORIENTED_EDGE('',*,*,#7437,.F.);
#7439=EDGE_LOOP('',(#7432,#7434,#7436,#7438));
#7440=FACE_OUTER_BOUND('',#7439,.F.);
#7441=ADVANCED_FACE('',(#7440),#7430,.T.);
#7442=FILL_AREA_STYLE_COLOUR('',#34);
#7443=FILL_AREA_STYLE('',(#7442));
#7444=SURFACE_STYLE_FILL_AREA(#7443);
#7445=SURFACE_SIDE_STYLE('',(#7444));
#7446=SURFACE_STYLE_USAGE(.POSITIVE.,#7445);
#7447=PRESENTATION_STYLE_ASSIGNMENT((#7446));
#7448=OVER_RIDING_STYLED_ITEM('',(#7447),#7441,#7323);
#7449=CARTESIAN_POINT('',(-1.75E0,0.E0,7.E-1));
#7450=DIRECTION('',(0.E0,0.E0,1.E0));
#7451=DIRECTION('',(1.E0,0.E0,0.E0));
#7452=AXIS2_PLACEMENT_3D('',#7449,#7450,#7451);
#7453=PLANE('',#7452);
#7454=ORIENTED_EDGE('',*,*,#7431,.T.);
#7456=ORIENTED_EDGE('',*,*,#7455,.T.);
#7458=ORIENTED_EDGE('',*,*,#7457,.F.);
#7460=ORIENTED_EDGE('',*,*,#7459,.F.);
#7461=EDGE_LOOP('',(#7454,#7456,#7458,#7460));
#7462=FACE_OUTER_BOUND('',#7461,.F.);
#7463=ADVANCED_FACE('',(#7462),#7453,.F.);
#7464=CARTESIAN_POINT('',(-1.45E0,0.E0,8.E-1));
#7465=DIRECTION('',(0.E0,-1.E0,0.E0));
#7466=DIRECTION('',(-1.E0,0.E0,0.E0));
#7467=AXIS2_PLACEMENT_3D('',#7464,#7465,#7466);
#7468=CYLINDRICAL_SURFACE('',#7467,1.E-1);
#7469=ORIENTED_EDGE('',*,*,#7437,.T.);
#7471=ORIENTED_EDGE('',*,*,#7470,.T.);
#7473=ORIENTED_EDGE('',*,*,#7472,.F.);
#7474=ORIENTED_EDGE('',*,*,#7455,.F.);
#7475=EDGE_LOOP('',(#7469,#7471,#7473,#7474));
#7476=FACE_OUTER_BOUND('',#7475,.F.);
#7477=ADVANCED_FACE('',(#7476),#7468,.T.);
#7478=CARTESIAN_POINT('',(-1.45E0,0.E0,9.E-1));
#7479=DIRECTION('',(0.E0,0.E0,-1.E0));
#7480=DIRECTION('',(-1.E0,0.E0,0.E0));
#7481=AXIS2_PLACEMENT_3D('',#7478,#7479,#7480);
#7482=PLANE('',#7481);
#7483=ORIENTED_EDGE('',*,*,#7435,.T.);
#7485=ORIENTED_EDGE('',*,*,#7484,.T.);
#7487=ORIENTED_EDGE('',*,*,#7486,.F.);
#7488=ORIENTED_EDGE('',*,*,#7470,.F.);
#7489=EDGE_LOOP('',(#7483,#7485,#7487,#7488));
#7490=FACE_OUTER_BOUND('',#7489,.F.);
#7491=ADVANCED_FACE('',(#7490),#7482,.F.);
#7492=CARTESIAN_POINT('',(-1.75E0,0.E0,9.E-1));
#7493=DIRECTION('',(1.E0,0.E0,0.E0));
#7494=DIRECTION('',(0.E0,0.E0,-1.E0));
#7495=AXIS2_PLACEMENT_3D('',#7492,#7493,#7494);
#7496=PLANE('',#7495);
#7497=ORIENTED_EDGE('',*,*,#7433,.T.);
#7498=ORIENTED_EDGE('',*,*,#7459,.T.);
#7500=ORIENTED_EDGE('',*,*,#7499,.F.);
#7501=ORIENTED_EDGE('',*,*,#7484,.F.);
#7502=EDGE_LOOP('',(#7497,#7498,#7500,#7501));
#7503=FACE_OUTER_BOUND('',#7502,.F.);
#7504=ADVANCED_FACE('',(#7503),#7496,.F.);
#7505=CARTESIAN_POINT('',(0.E0,2.E-1,0.E0));
#7506=DIRECTION('',(0.E0,-1.E0,0.E0));
#7507=DIRECTION('',(-1.E0,0.E0,0.E0));
#7508=AXIS2_PLACEMENT_3D('',#7505,#7506,#7507);
#7509=PLANE('',#7508);
#7510=ORIENTED_EDGE('',*,*,#7457,.T.);
#7511=ORIENTED_EDGE('',*,*,#7472,.T.);
#7512=ORIENTED_EDGE('',*,*,#7486,.T.);
#7513=ORIENTED_EDGE('',*,*,#7499,.T.);
#7514=EDGE_LOOP('',(#7510,#7511,#7512,#7513));
#7515=FACE_OUTER_BOUND('',#7514,.F.);
#7516=ADVANCED_FACE('',(#7515),#7509,.F.);
#7517=CLOSED_SHELL('',(#7441,#7463,#7477,#7491,#7504,#7516));
#7518=MANIFOLD_SOLID_BREP('',#7517);
#7519=FILL_AREA_STYLE_COLOUR('',#28);
#7520=FILL_AREA_STYLE('',(#7519));
#7521=SURFACE_STYLE_FILL_AREA(#7520);
#7522=SURFACE_SIDE_STYLE('',(#7521));
#7523=SURFACE_STYLE_USAGE(.POSITIVE.,#7522);
#7524=PRESENTATION_STYLE_ASSIGNMENT((#7523));
#7323=STYLED_ITEM('',(#7524),#7518);
#7526=DIRECTION('',(1.E0,0.E0,0.E0));
#7527=VECTOR('',#7526,3.E-1);
#7528=CARTESIAN_POINT('',(-1.75E0,0.E0,3.E-1));
#7529=LINE('',#7528,#7527);
#7530=CURVE_STYLE('',#47,POSITIVE_LENGTH_MEASURE(2.E-2),#28);
#7531=PRESENTATION_STYLE_ASSIGNMENT((#7530));
#7532=STYLED_ITEM('',(#7531),#7529);
#7533=DIRECTION('',(0.E0,0.E0,-1.E0));
#7534=VECTOR('',#7533,2.E-1);
#7535=CARTESIAN_POINT('',(-1.75E0,0.E0,5.E-1));
#7536=LINE('',#7535,#7534);
#7537=CURVE_STYLE('',#47,POSITIVE_LENGTH_MEASURE(2.E-2),#28);
#7538=PRESENTATION_STYLE_ASSIGNMENT((#7537));
#7539=STYLED_ITEM('',(#7538),#7536);
#7540=DIRECTION('',(-1.E0,0.E0,0.E0));
#7541=VECTOR('',#7540,3.E-1);
#7542=CARTESIAN_POINT('',(-1.45E0,0.E0,5.E-1));
#7543=LINE('',#7542,#7541);
#7544=CURVE_STYLE('',#47,POSITIVE_LENGTH_MEASURE(2.E-2),#28);
#7545=PRESENTATION_STYLE_ASSIGNMENT((#7544));
#7546=STYLED_ITEM('',(#7545),#7543);
#7547=CARTESIAN_POINT('',(-1.45E0,0.E0,4.E-1));
#7548=DIRECTION('',(0.E0,-1.E0,0.E0));
#7549=DIRECTION('',(0.E0,0.E0,-1.E0));
#7550=AXIS2_PLACEMENT_3D('',#7547,#7548,#7549);
#7552=CURVE_STYLE('',#47,POSITIVE_LENGTH_MEASURE(2.E-2),#28);
#7553=PRESENTATION_STYLE_ASSIGNMENT((#7552));
#7554=STYLED_ITEM('',(#7553),#7551);
#7555=DIRECTION('',(0.E0,1.E0,0.E0));
#7556=VECTOR('',#7555,2.E-1);
#7557=CARTESIAN_POINT('',(-1.75E0,0.E0,3.E-1));
#7558=LINE('',#7557,#7556);
#7559=CURVE_STYLE('',#47,POSITIVE_LENGTH_MEASURE(2.E-2),#28);
#7560=PRESENTATION_STYLE_ASSIGNMENT((#7559));
#7561=STYLED_ITEM('',(#7560),#7558);
#7562=DIRECTION('',(0.E0,1.E0,0.E0));
#7563=VECTOR('',#7562,2.E-1);
#7564=CARTESIAN_POINT('',(-1.45E0,0.E0,3.E-1));
#7565=LINE('',#7564,#7563);
#7566=CURVE_STYLE('',#47,POSITIVE_LENGTH_MEASURE(2.E-2),#28);
#7567=PRESENTATION_STYLE_ASSIGNMENT((#7566));
#7568=STYLED_ITEM('',(#7567),#7565);
#7569=DIRECTION('',(0.E0,1.E0,0.E0));
#7570=VECTOR('',#7569,2.E-1);
#7571=CARTESIAN_POINT('',(-1.45E0,0.E0,5.E-1));
#7572=LINE('',#7571,#7570);
#7573=CURVE_STYLE('',#47,POSITIVE_LENGTH_MEASURE(2.E-2),#28);
#7574=PRESENTATION_STYLE_ASSIGNMENT((#7573));
#7575=STYLED_ITEM('',(#7574),#7572);
#7576=DIRECTION('',(0.E0,1.E0,0.E0));
#7577=VECTOR('',#7576,2.E-1);
#7578=CARTESIAN_POINT('',(-1.75E0,0.E0,5.E-1));
#7579=LINE('',#7578,#7577);
#7580=CURVE_STYLE('',#47,POSITIVE_LENGTH_MEASURE(2.E-2),#28);
#7581=PRESENTATION_STYLE_ASSIGNMENT((#7580));
#7582=STYLED_ITEM('',(#7581),#7579);
#7583=DIRECTION('',(1.E0,0.E0,0.E0));
#7584=VECTOR('',#7583,3.E-1);
#7585=CARTESIAN_POINT('',(-1.75E0,2.E-1,3.E-1));
#7586=LINE('',#7585,#7584);
#7587=CURVE_STYLE('',#47,POSITIVE_LENGTH_MEASURE(2.E-2),#28);
#7588=PRESENTATION_STYLE_ASSIGNMENT((#7587));
#7589=STYLED_ITEM('',(#7588),#7586);
#7590=CARTESIAN_POINT('',(-1.45E0,2.E-1,4.E-1));
#7591=DIRECTION('',(0.E0,-1.E0,0.E0));
#7592=DIRECTION('',(0.E0,0.E0,-1.E0));
#7593=AXIS2_PLACEMENT_3D('',#7590,#7591,#7592);
#7595=CURVE_STYLE('',#47,POSITIVE_LENGTH_MEASURE(2.E-2),#28);
#7596=PRESENTATION_STYLE_ASSIGNMENT((#7595));
#7597=STYLED_ITEM('',(#7596),#7594);
#7598=DIRECTION('',(-1.E0,0.E0,0.E0));
#7599=VECTOR('',#7598,3.E-1);
#7600=CARTESIAN_POINT('',(-1.45E0,2.E-1,5.E-1));
#7601=LINE('',#7600,#7599);
#7602=CURVE_STYLE('',#47,POSITIVE_LENGTH_MEASURE(2.E-2),#28);
#7603=PRESENTATION_STYLE_ASSIGNMENT((#7602));
#7604=STYLED_ITEM('',(#7603),#7601);
#7605=DIRECTION('',(0.E0,0.E0,-1.E0));
#7606=VECTOR('',#7605,2.E-1);
#7607=CARTESIAN_POINT('',(-1.75E0,2.E-1,5.E-1));
#7608=LINE('',#7607,#7606);
#7609=CURVE_STYLE('',#47,POSITIVE_LENGTH_MEASURE(2.E-2),#28);
#7610=PRESENTATION_STYLE_ASSIGNMENT((#7609));
#7611=STYLED_ITEM('',(#7610),#7608);
#7612=CARTESIAN_POINT('',(-1.75E0,0.E0,3.E-1));
#7613=CARTESIAN_POINT('',(-1.45E0,0.E0,3.E-1));
#7614=VERTEX_POINT('',#7612);
#7615=VERTEX_POINT('',#7613);
#7616=CARTESIAN_POINT('',(-1.45E0,0.E0,5.E-1));
#7617=VERTEX_POINT('',#7616);
#7618=CARTESIAN_POINT('',(-1.75E0,0.E0,5.E-1));
#7619=VERTEX_POINT('',#7618);
#7620=CARTESIAN_POINT('',(-1.75E0,2.E-1,3.E-1));
#7621=CARTESIAN_POINT('',(-1.45E0,2.E-1,3.E-1));
#7622=VERTEX_POINT('',#7620);
#7623=VERTEX_POINT('',#7621);
#7624=CARTESIAN_POINT('',(-1.45E0,2.E-1,5.E-1));
#7625=VERTEX_POINT('',#7624);
#7626=CARTESIAN_POINT('',(-1.75E0,2.E-1,5.E-1));
#7627=VERTEX_POINT('',#7626);
#7628=CARTESIAN_POINT('',(0.E0,0.E0,0.E0));
#7629=DIRECTION('',(0.E0,-1.E0,0.E0));
#7630=DIRECTION('',(-1.E0,0.E0,0.E0));
#7631=AXIS2_PLACEMENT_3D('',#7628,#7629,#7630);
#7632=PLANE('',#7631);
#7634=ORIENTED_EDGE('',*,*,#7633,.F.);
#7636=ORIENTED_EDGE('',*,*,#7635,.F.);
#7638=ORIENTED_EDGE('',*,*,#7637,.F.);
#7640=ORIENTED_EDGE('',*,*,#7639,.F.);
#7641=EDGE_LOOP('',(#7634,#7636,#7638,#7640));
#7642=FACE_OUTER_BOUND('',#7641,.F.);
#7643=ADVANCED_FACE('',(#7642),#7632,.T.);
#7644=FILL_AREA_STYLE_COLOUR('',#34);
#7645=FILL_AREA_STYLE('',(#7644));
#7646=SURFACE_STYLE_FILL_AREA(#7645);
#7647=SURFACE_SIDE_STYLE('',(#7646));
#7648=SURFACE_STYLE_USAGE(.POSITIVE.,#7647);
#7649=PRESENTATION_STYLE_ASSIGNMENT((#7648));
#7650=OVER_RIDING_STYLED_ITEM('',(#7649),#7643,#7525);
#7651=CARTESIAN_POINT('',(-1.75E0,0.E0,3.E-1));
#7652=DIRECTION('',(0.E0,0.E0,1.E0));
#7653=DIRECTION('',(1.E0,0.E0,0.E0));
#7654=AXIS2_PLACEMENT_3D('',#7651,#7652,#7653);
#7655=PLANE('',#7654);
#7656=ORIENTED_EDGE('',*,*,#7633,.T.);
#7658=ORIENTED_EDGE('',*,*,#7657,.T.);
#7660=ORIENTED_EDGE('',*,*,#7659,.F.);
#7662=ORIENTED_EDGE('',*,*,#7661,.F.);
#7663=EDGE_LOOP('',(#7656,#7658,#7660,#7662));
#7664=FACE_OUTER_BOUND('',#7663,.F.);
#7665=ADVANCED_FACE('',(#7664),#7655,.F.);
#7666=CARTESIAN_POINT('',(-1.45E0,0.E0,4.E-1));
#7667=DIRECTION('',(0.E0,-1.E0,0.E0));
#7668=DIRECTION('',(-1.E0,0.E0,0.E0));
#7669=AXIS2_PLACEMENT_3D('',#7666,#7667,#7668);
#7670=CYLINDRICAL_SURFACE('',#7669,1.E-1);
#7671=ORIENTED_EDGE('',*,*,#7639,.T.);
#7673=ORIENTED_EDGE('',*,*,#7672,.T.);
#7675=ORIENTED_EDGE('',*,*,#7674,.F.);
#7676=ORIENTED_EDGE('',*,*,#7657,.F.);
#7677=EDGE_LOOP('',(#7671,#7673,#7675,#7676));
#7678=FACE_OUTER_BOUND('',#7677,.F.);
#7679=ADVANCED_FACE('',(#7678),#7670,.T.);
#7680=CARTESIAN_POINT('',(-1.45E0,0.E0,5.E-1));
#7681=DIRECTION('',(0.E0,0.E0,-1.E0));
#7682=DIRECTION('',(-1.E0,0.E0,0.E0));
#7683=AXIS2_PLACEMENT_3D('',#7680,#7681,#7682);
#7684=PLANE('',#7683);
#7685=ORIENTED_EDGE('',*,*,#7637,.T.);
#7687=ORIENTED_EDGE('',*,*,#7686,.T.);
#7689=ORIENTED_EDGE('',*,*,#7688,.F.);
#7690=ORIENTED_EDGE('',*,*,#7672,.F.);
#7691=EDGE_LOOP('',(#7685,#7687,#7689,#7690));
#7692=FACE_OUTER_BOUND('',#7691,.F.);
#7693=ADVANCED_FACE('',(#7692),#7684,.F.);
#7694=CARTESIAN_POINT('',(-1.75E0,0.E0,5.E-1));
#7695=DIRECTION('',(1.E0,0.E0,0.E0));
#7696=DIRECTION('',(0.E0,0.E0,-1.E0));
#7697=AXIS2_PLACEMENT_3D('',#7694,#7695,#7696);
#7698=PLANE('',#7697);
#7699=ORIENTED_EDGE('',*,*,#7635,.T.);
#7700=ORIENTED_EDGE('',*,*,#7661,.T.);
#7702=ORIENTED_EDGE('',*,*,#7701,.F.);
#7703=ORIENTED_EDGE('',*,*,#7686,.F.);
#7704=EDGE_LOOP('',(#7699,#7700,#7702,#7703));
#7705=FACE_OUTER_BOUND('',#7704,.F.);
#7706=ADVANCED_FACE('',(#7705),#7698,.F.);
#7707=CARTESIAN_POINT('',(0.E0,2.E-1,0.E0));
#7708=DIRECTION('',(0.E0,-1.E0,0.E0));
#7709=DIRECTION('',(-1.E0,0.E0,0.E0));
#7710=AXIS2_PLACEMENT_3D('',#7707,#7708,#7709);
#7711=PLANE('',#7710);
#7712=ORIENTED_EDGE('',*,*,#7659,.T.);
#7713=ORIENTED_EDGE('',*,*,#7674,.T.);
#7714=ORIENTED_EDGE('',*,*,#7688,.T.);
#7715=ORIENTED_EDGE('',*,*,#7701,.T.);
#7716=EDGE_LOOP('',(#7712,#7713,#7714,#7715));
#7717=FACE_OUTER_BOUND('',#7716,.F.);
#7718=ADVANCED_FACE('',(#7717),#7711,.F.);
#7719=CLOSED_SHELL('',(#7643,#7665,#7679,#7693,#7706,#7718));
#7720=MANIFOLD_SOLID_BREP('',#7719);
#7721=FILL_AREA_STYLE_COLOUR('',#28);
#7722=FILL_AREA_STYLE('',(#7721));
#7723=SURFACE_STYLE_FILL_AREA(#7722);
#7724=SURFACE_SIDE_STYLE('',(#7723));
#7725=SURFACE_STYLE_USAGE(.POSITIVE.,#7724);
#7726=PRESENTATION_STYLE_ASSIGNMENT((#7725));
#7525=STYLED_ITEM('',(#7726),#7720);
#7728=DIRECTION('',(1.E0,0.E0,0.E0));
#7729=VECTOR('',#7728,3.E-1);
#7730=CARTESIAN_POINT('',(-1.75E0,0.E0,-1.E-1));
#7731=LINE('',#7730,#7729);
#7732=CURVE_STYLE('',#47,POSITIVE_LENGTH_MEASURE(2.E-2),#28);
#7733=PRESENTATION_STYLE_ASSIGNMENT((#7732));
#7734=STYLED_ITEM('',(#7733),#7731);
#7735=DIRECTION('',(0.E0,0.E0,-1.E0));
#7736=VECTOR('',#7735,2.E-1);
#7737=CARTESIAN_POINT('',(-1.75E0,0.E0,1.E-1));
#7738=LINE('',#7737,#7736);
#7739=CURVE_STYLE('',#47,POSITIVE_LENGTH_MEASURE(2.E-2),#28);
#7740=PRESENTATION_STYLE_ASSIGNMENT((#7739));
#7741=STYLED_ITEM('',(#7740),#7738);
#7742=DIRECTION('',(-1.E0,0.E0,0.E0));
#7743=VECTOR('',#7742,3.E-1);
#7744=CARTESIAN_POINT('',(-1.45E0,0.E0,1.E-1));
#7745=LINE('',#7744,#7743);
#7746=CURVE_STYLE('',#47,POSITIVE_LENGTH_MEASURE(2.E-2),#28);
#7747=PRESENTATION_STYLE_ASSIGNMENT((#7746));
#7748=STYLED_ITEM('',(#7747),#7745);
#7749=CARTESIAN_POINT('',(-1.45E0,0.E0,0.E0));
#7750=DIRECTION('',(0.E0,-1.E0,0.E0));
#7751=DIRECTION('',(0.E0,0.E0,-1.E0));
#7752=AXIS2_PLACEMENT_3D('',#7749,#7750,#7751);
#7754=CURVE_STYLE('',#47,POSITIVE_LENGTH_MEASURE(2.E-2),#28);
#7755=PRESENTATION_STYLE_ASSIGNMENT((#7754));
#7756=STYLED_ITEM('',(#7755),#7753);
#7757=DIRECTION('',(0.E0,1.E0,0.E0));
#7758=VECTOR('',#7757,2.E-1);
#7759=CARTESIAN_POINT('',(-1.75E0,0.E0,-1.E-1));
#7760=LINE('',#7759,#7758);
#7761=CURVE_STYLE('',#47,POSITIVE_LENGTH_MEASURE(2.E-2),#28);
#7762=PRESENTATION_STYLE_ASSIGNMENT((#7761));
#7763=STYLED_ITEM('',(#7762),#7760);
#7764=DIRECTION('',(0.E0,1.E0,0.E0));
#7765=VECTOR('',#7764,2.E-1);
#7766=CARTESIAN_POINT('',(-1.45E0,0.E0,-1.E-1));
#7767=LINE('',#7766,#7765);
#7768=CURVE_STYLE('',#47,POSITIVE_LENGTH_MEASURE(2.E-2),#28);
#7769=PRESENTATION_STYLE_ASSIGNMENT((#7768));
#7770=STYLED_ITEM('',(#7769),#7767);
#7771=DIRECTION('',(0.E0,1.E0,0.E0));
#7772=VECTOR('',#7771,2.E-1);
#7773=CARTESIAN_POINT('',(-1.45E0,0.E0,1.E-1));
#7774=LINE('',#7773,#7772);
#7775=CURVE_STYLE('',#47,POSITIVE_LENGTH_MEASURE(2.E-2),#28);
#7776=PRESENTATION_STYLE_ASSIGNMENT((#7775));
#7777=STYLED_ITEM('',(#7776),#7774);
#7778=DIRECTION('',(0.E0,1.E0,0.E0));
#7779=VECTOR('',#7778,2.E-1);
#7780=CARTESIAN_POINT('',(-1.75E0,0.E0,1.E-1));
#7781=LINE('',#7780,#7779);
#7782=CURVE_STYLE('',#47,POSITIVE_LENGTH_MEASURE(2.E-2),#28);
#7783=PRESENTATION_STYLE_ASSIGNMENT((#7782));
#7784=STYLED_ITEM('',(#7783),#7781);
#7785=DIRECTION('',(1.E0,0.E0,0.E0));
#7786=VECTOR('',#7785,3.E-1);
#7787=CARTESIAN_POINT('',(-1.75E0,2.E-1,-1.E-1));
#7788=LINE('',#7787,#7786);
#7789=CURVE_STYLE('',#47,POSITIVE_LENGTH_MEASURE(2.E-2),#28);
#7790=PRESENTATION_STYLE_ASSIGNMENT((#7789));
#7791=STYLED_ITEM('',(#7790),#7788);
#7792=CARTESIAN_POINT('',(-1.45E0,2.E-1,0.E0));
#7793=DIRECTION('',(0.E0,-1.E0,0.E0));
#7794=DIRECTION('',(0.E0,0.E0,-1.E0));
#7795=AXIS2_PLACEMENT_3D('',#7792,#7793,#7794);
#7797=CURVE_STYLE('',#47,POSITIVE_LENGTH_MEASURE(2.E-2),#28);
#7798=PRESENTATION_STYLE_ASSIGNMENT((#7797));
#7799=STYLED_ITEM('',(#7798),#7796);
#7800=DIRECTION('',(-1.E0,0.E0,0.E0));
#7801=VECTOR('',#7800,3.E-1);
#7802=CARTESIAN_POINT('',(-1.45E0,2.E-1,1.E-1));
#7803=LINE('',#7802,#7801);
#7804=CURVE_STYLE('',#47,POSITIVE_LENGTH_MEASURE(2.E-2),#28);
#7805=PRESENTATION_STYLE_ASSIGNMENT((#7804));
#7806=STYLED_ITEM('',(#7805),#7803);
#7807=DIRECTION('',(0.E0,0.E0,-1.E0));
#7808=VECTOR('',#7807,2.E-1);
#7809=CARTESIAN_POINT('',(-1.75E0,2.E-1,1.E-1));
#7810=LINE('',#7809,#7808);
#7811=CURVE_STYLE('',#47,POSITIVE_LENGTH_MEASURE(2.E-2),#28);
#7812=PRESENTATION_STYLE_ASSIGNMENT((#7811));
#7813=STYLED_ITEM('',(#7812),#7810);
#7814=CARTESIAN_POINT('',(-1.75E0,0.E0,-1.E-1));
#7815=CARTESIAN_POINT('',(-1.45E0,0.E0,-1.E-1));
#7816=VERTEX_POINT('',#7814);
#7817=VERTEX_POINT('',#7815);
#7818=CARTESIAN_POINT('',(-1.45E0,0.E0,1.E-1));
#7819=VERTEX_POINT('',#7818);
#7820=CARTESIAN_POINT('',(-1.75E0,0.E0,1.E-1));
#7821=VERTEX_POINT('',#7820);
#7822=CARTESIAN_POINT('',(-1.75E0,2.E-1,-1.E-1));
#7823=CARTESIAN_POINT('',(-1.45E0,2.E-1,-1.E-1));
#7824=VERTEX_POINT('',#7822);
#7825=VERTEX_POINT('',#7823);
#7826=CARTESIAN_POINT('',(-1.45E0,2.E-1,1.E-1));
#7827=VERTEX_POINT('',#7826);
#7828=CARTESIAN_POINT('',(-1.75E0,2.E-1,1.E-1));
#7829=VERTEX_POINT('',#7828);
#7830=CARTESIAN_POINT('',(0.E0,0.E0,0.E0));
#7831=DIRECTION('',(0.E0,-1.E0,0.E0));
#7832=DIRECTION('',(-1.E0,0.E0,0.E0));
#7833=AXIS2_PLACEMENT_3D('',#7830,#7831,#7832);
#7834=PLANE('',#7833);
#7836=ORIENTED_EDGE('',*,*,#7835,.F.);
#7838=ORIENTED_EDGE('',*,*,#7837,.F.);
#7840=ORIENTED_EDGE('',*,*,#7839,.F.);
#7842=ORIENTED_EDGE('',*,*,#7841,.F.);
#7843=EDGE_LOOP('',(#7836,#7838,#7840,#7842));
#7844=FACE_OUTER_BOUND('',#7843,.F.);
#7845=ADVANCED_FACE('',(#7844),#7834,.T.);
#7846=FILL_AREA_STYLE_COLOUR('',#34);
#7847=FILL_AREA_STYLE('',(#7846));
#7848=SURFACE_STYLE_FILL_AREA(#7847);
#7849=SURFACE_SIDE_STYLE('',(#7848));
#7850=SURFACE_STYLE_USAGE(.POSITIVE.,#7849);
#7851=PRESENTATION_STYLE_ASSIGNMENT((#7850));
#7852=OVER_RIDING_STYLED_ITEM('',(#7851),#7845,#7727);
#7853=CARTESIAN_POINT('',(-1.75E0,0.E0,-1.E-1));
#7854=DIRECTION('',(0.E0,0.E0,1.E0));
#7855=DIRECTION('',(1.E0,0.E0,0.E0));
#7856=AXIS2_PLACEMENT_3D('',#7853,#7854,#7855);
#7857=PLANE('',#7856);
#7858=ORIENTED_EDGE('',*,*,#7835,.T.);
#7860=ORIENTED_EDGE('',*,*,#7859,.T.);
#7862=ORIENTED_EDGE('',*,*,#7861,.F.);
#7864=ORIENTED_EDGE('',*,*,#7863,.F.);
#7865=EDGE_LOOP('',(#7858,#7860,#7862,#7864));
#7866=FACE_OUTER_BOUND('',#7865,.F.);
#7867=ADVANCED_FACE('',(#7866),#7857,.F.);
#7868=CARTESIAN_POINT('',(-1.45E0,0.E0,0.E0));
#7869=DIRECTION('',(0.E0,-1.E0,0.E0));
#7870=DIRECTION('',(-1.E0,0.E0,0.E0));
#7871=AXIS2_PLACEMENT_3D('',#7868,#7869,#7870);
#7872=CYLINDRICAL_SURFACE('',#7871,1.E-1);
#7873=ORIENTED_EDGE('',*,*,#7841,.T.);
#7875=ORIENTED_EDGE('',*,*,#7874,.T.);
#7877=ORIENTED_EDGE('',*,*,#7876,.F.);
#7878=ORIENTED_EDGE('',*,*,#7859,.F.);
#7879=EDGE_LOOP('',(#7873,#7875,#7877,#7878));
#7880=FACE_OUTER_BOUND('',#7879,.F.);
#7881=ADVANCED_FACE('',(#7880),#7872,.T.);
#7882=CARTESIAN_POINT('',(-1.45E0,0.E0,1.E-1));
#7883=DIRECTION('',(0.E0,0.E0,-1.E0));
#7884=DIRECTION('',(-1.E0,0.E0,0.E0));
#7885=AXIS2_PLACEMENT_3D('',#7882,#7883,#7884);
#7886=PLANE('',#7885);
#7887=ORIENTED_EDGE('',*,*,#7839,.T.);
#7889=ORIENTED_EDGE('',*,*,#7888,.T.);
#7891=ORIENTED_EDGE('',*,*,#7890,.F.);
#7892=ORIENTED_EDGE('',*,*,#7874,.F.);
#7893=EDGE_LOOP('',(#7887,#7889,#7891,#7892));
#7894=FACE_OUTER_BOUND('',#7893,.F.);
#7895=ADVANCED_FACE('',(#7894),#7886,.F.);
#7896=CARTESIAN_POINT('',(-1.75E0,0.E0,1.E-1));
#7897=DIRECTION('',(1.E0,0.E0,0.E0));
#7898=DIRECTION('',(0.E0,0.E0,-1.E0));
#7899=AXIS2_PLACEMENT_3D('',#7896,#7897,#7898);
#7900=PLANE('',#7899);
#7901=ORIENTED_EDGE('',*,*,#7837,.T.);
#7902=ORIENTED_EDGE('',*,*,#7863,.T.);
#7904=ORIENTED_EDGE('',*,*,#7903,.F.);
#7905=ORIENTED_EDGE('',*,*,#7888,.F.);
#7906=EDGE_LOOP('',(#7901,#7902,#7904,#7905));
#7907=FACE_OUTER_BOUND('',#7906,.F.);
#7908=ADVANCED_FACE('',(#7907),#7900,.F.);
#7909=CARTESIAN_POINT('',(0.E0,2.E-1,0.E0));
#7910=DIRECTION('',(0.E0,-1.E0,0.E0));
#7911=DIRECTION('',(-1.E0,0.E0,0.E0));
#7912=AXIS2_PLACEMENT_3D('',#7909,#7910,#7911);
#7913=PLANE('',#7912);
#7914=ORIENTED_EDGE('',*,*,#7861,.T.);
#7915=ORIENTED_EDGE('',*,*,#7876,.T.);
#7916=ORIENTED_EDGE('',*,*,#7890,.T.);
#7917=ORIENTED_EDGE('',*,*,#7903,.T.);
#7918=EDGE_LOOP('',(#7914,#7915,#7916,#7917));
#7919=FACE_OUTER_BOUND('',#7918,.F.);
#7920=ADVANCED_FACE('',(#7919),#7913,.F.);
#7921=CLOSED_SHELL('',(#7845,#7867,#7881,#7895,#7908,#7920));
#7922=MANIFOLD_SOLID_BREP('',#7921);
#7923=FILL_AREA_STYLE_COLOUR('',#28);
#7924=FILL_AREA_STYLE('',(#7923));
#7925=SURFACE_STYLE_FILL_AREA(#7924);
#7926=SURFACE_SIDE_STYLE('',(#7925));
#7927=SURFACE_STYLE_USAGE(.POSITIVE.,#7926);
#7928=PRESENTATION_STYLE_ASSIGNMENT((#7927));
#7727=STYLED_ITEM('',(#7928),#7922);
#7930=DIRECTION('',(-1.E0,0.E0,0.E0));
#7931=VECTOR('',#7930,3.E-1);
#7932=CARTESIAN_POINT('',(1.75E0,0.E0,-5.E-1));
#7933=LINE('',#7932,#7931);
#7934=CURVE_STYLE('',#47,POSITIVE_LENGTH_MEASURE(2.E-2),#28);
#7935=PRESENTATION_STYLE_ASSIGNMENT((#7934));
#7936=STYLED_ITEM('',(#7935),#7933);
#7937=CARTESIAN_POINT('',(1.45E0,0.E0,-4.E-1));
#7938=DIRECTION('',(0.E0,1.E0,0.E0));
#7939=DIRECTION('',(0.E0,0.E0,-1.E0));
#7940=AXIS2_PLACEMENT_3D('',#7937,#7938,#7939);
#7942=CURVE_STYLE('',#47,POSITIVE_LENGTH_MEASURE(2.E-2),#28);
#7943=PRESENTATION_STYLE_ASSIGNMENT((#7942));
#7944=STYLED_ITEM('',(#7943),#7941);
#7945=DIRECTION('',(1.E0,0.E0,0.E0));
#7946=VECTOR('',#7945,3.E-1);
#7947=CARTESIAN_POINT('',(1.45E0,0.E0,-3.E-1));
#7948=LINE('',#7947,#7946);
#7949=CURVE_STYLE('',#47,POSITIVE_LENGTH_MEASURE(2.E-2),#28);
#7950=PRESENTATION_STYLE_ASSIGNMENT((#7949));
#7951=STYLED_ITEM('',(#7950),#7948);
#7952=DIRECTION('',(0.E0,0.E0,-1.E0));
#7953=VECTOR('',#7952,2.E-1);
#7954=CARTESIAN_POINT('',(1.75E0,0.E0,-3.E-1));
#7955=LINE('',#7954,#7953);
#7956=CURVE_STYLE('',#47,POSITIVE_LENGTH_MEASURE(2.E-2),#28);
#7957=PRESENTATION_STYLE_ASSIGNMENT((#7956));
#7958=STYLED_ITEM('',(#7957),#7955);
#7959=DIRECTION('',(0.E0,1.E0,0.E0));
#7960=VECTOR('',#7959,2.E-1);
#7961=CARTESIAN_POINT('',(1.75E0,0.E0,-5.E-1));
#7962=LINE('',#7961,#7960);
#7963=CURVE_STYLE('',#47,POSITIVE_LENGTH_MEASURE(2.E-2),#28);
#7964=PRESENTATION_STYLE_ASSIGNMENT((#7963));
#7965=STYLED_ITEM('',(#7964),#7962);
#7966=DIRECTION('',(0.E0,1.E0,0.E0));
#7967=VECTOR('',#7966,2.E-1);
#7968=CARTESIAN_POINT('',(1.75E0,0.E0,-3.E-1));
#7969=LINE('',#7968,#7967);
#7970=CURVE_STYLE('',#47,POSITIVE_LENGTH_MEASURE(2.E-2),#28);
#7971=PRESENTATION_STYLE_ASSIGNMENT((#7970));
#7972=STYLED_ITEM('',(#7971),#7969);
#7973=DIRECTION('',(0.E0,1.E0,0.E0));
#7974=VECTOR('',#7973,2.E-1);
#7975=CARTESIAN_POINT('',(1.45E0,0.E0,-3.E-1));
#7976=LINE('',#7975,#7974);
#7977=CURVE_STYLE('',#47,POSITIVE_LENGTH_MEASURE(2.E-2),#28);
#7978=PRESENTATION_STYLE_ASSIGNMENT((#7977));
#7979=STYLED_ITEM('',(#7978),#7976);
#7980=DIRECTION('',(0.E0,1.E0,0.E0));
#7981=VECTOR('',#7980,2.E-1);
#7982=CARTESIAN_POINT('',(1.45E0,0.E0,-5.E-1));
#7983=LINE('',#7982,#7981);
#7984=CURVE_STYLE('',#47,POSITIVE_LENGTH_MEASURE(2.E-2),#28);
#7985=PRESENTATION_STYLE_ASSIGNMENT((#7984));
#7986=STYLED_ITEM('',(#7985),#7983);
#7987=DIRECTION('',(-1.E0,0.E0,0.E0));
#7988=VECTOR('',#7987,3.E-1);
#7989=CARTESIAN_POINT('',(1.75E0,2.E-1,-5.E-1));
#7990=LINE('',#7989,#7988);
#7991=CURVE_STYLE('',#47,POSITIVE_LENGTH_MEASURE(2.E-2),#28);
#7992=PRESENTATION_STYLE_ASSIGNMENT((#7991));
#7993=STYLED_ITEM('',(#7992),#7990);
#7994=DIRECTION('',(0.E0,0.E0,-1.E0));
#7995=VECTOR('',#7994,2.E-1);
#7996=CARTESIAN_POINT('',(1.75E0,2.E-1,-3.E-1));
#7997=LINE('',#7996,#7995);
#7998=CURVE_STYLE('',#47,POSITIVE_LENGTH_MEASURE(2.E-2),#28);
#7999=PRESENTATION_STYLE_ASSIGNMENT((#7998));
#8000=STYLED_ITEM('',(#7999),#7997);
#8001=DIRECTION('',(1.E0,0.E0,0.E0));
#8002=VECTOR('',#8001,3.E-1);
#8003=CARTESIAN_POINT('',(1.45E0,2.E-1,-3.E-1));
#8004=LINE('',#8003,#8002);
#8005=CURVE_STYLE('',#47,POSITIVE_LENGTH_MEASURE(2.E-2),#28);
#8006=PRESENTATION_STYLE_ASSIGNMENT((#8005));
#8007=STYLED_ITEM('',(#8006),#8004);
#8008=CARTESIAN_POINT('',(1.45E0,2.E-1,-4.E-1));
#8009=DIRECTION('',(0.E0,1.E0,0.E0));
#8010=DIRECTION('',(0.E0,0.E0,-1.E0));
#8011=AXIS2_PLACEMENT_3D('',#8008,#8009,#8010);
#8013=CURVE_STYLE('',#47,POSITIVE_LENGTH_MEASURE(2.E-2),#28);
#8014=PRESENTATION_STYLE_ASSIGNMENT((#8013));
#8015=STYLED_ITEM('',(#8014),#8012);
#8016=CARTESIAN_POINT('',(1.75E0,0.E0,-5.E-1));
#8017=CARTESIAN_POINT('',(1.45E0,0.E0,-5.E-1));
#8018=VERTEX_POINT('',#8016);
#8019=VERTEX_POINT('',#8017);
#8020=CARTESIAN_POINT('',(1.45E0,0.E0,-3.E-1));
#8021=VERTEX_POINT('',#8020);
#8022=CARTESIAN_POINT('',(1.75E0,0.E0,-3.E-1));
#8023=VERTEX_POINT('',#8022);
#8024=CARTESIAN_POINT('',(1.75E0,2.E-1,-5.E-1));
#8025=CARTESIAN_POINT('',(1.45E0,2.E-1,-5.E-1));
#8026=VERTEX_POINT('',#8024);
#8027=VERTEX_POINT('',#8025);
#8028=CARTESIAN_POINT('',(1.45E0,2.E-1,-3.E-1));
#8029=VERTEX_POINT('',#8028);
#8030=CARTESIAN_POINT('',(1.75E0,2.E-1,-3.E-1));
#8031=VERTEX_POINT('',#8030);
#8032=CARTESIAN_POINT('',(0.E0,0.E0,0.E0));
#8033=DIRECTION('',(0.E0,1.E0,0.E0));
#8034=DIRECTION('',(1.E0,0.E0,0.E0));
#8035=AXIS2_PLACEMENT_3D('',#8032,#8033,#8034);
#8036=PLANE('',#8035);
#8038=ORIENTED_EDGE('',*,*,#8037,.T.);
#8040=ORIENTED_EDGE('',*,*,#8039,.T.);
#8042=ORIENTED_EDGE('',*,*,#8041,.T.);
#8044=ORIENTED_EDGE('',*,*,#8043,.T.);
#8045=EDGE_LOOP('',(#8038,#8040,#8042,#8044));
#8046=FACE_OUTER_BOUND('',#8045,.F.);
#8047=ADVANCED_FACE('',(#8046),#8036,.F.);
#8048=FILL_AREA_STYLE_COLOUR('',#34);
#8049=FILL_AREA_STYLE('',(#8048));
#8050=SURFACE_STYLE_FILL_AREA(#8049);
#8051=SURFACE_SIDE_STYLE('',(#8050));
#8052=SURFACE_STYLE_USAGE(.POSITIVE.,#8051);
#8053=PRESENTATION_STYLE_ASSIGNMENT((#8052));
#8054=OVER_RIDING_STYLED_ITEM('',(#8053),#8047,#7929);
#8055=CARTESIAN_POINT('',(1.75E0,0.E0,-5.E-1));
#8056=DIRECTION('',(0.E0,0.E0,-1.E0));
#8057=DIRECTION('',(-1.E0,0.E0,0.E0));
#8058=AXIS2_PLACEMENT_3D('',#8055,#8056,#8057);
#8059=PLANE('',#8058);
#8060=ORIENTED_EDGE('',*,*,#8037,.F.);
#8062=ORIENTED_EDGE('',*,*,#8061,.T.);
#8064=ORIENTED_EDGE('',*,*,#8063,.T.);
#8066=ORIENTED_EDGE('',*,*,#8065,.F.);
#8067=EDGE_LOOP('',(#8060,#8062,#8064,#8066));
#8068=FACE_OUTER_BOUND('',#8067,.F.);
#8069=ADVANCED_FACE('',(#8068),#8059,.T.);
#8070=CARTESIAN_POINT('',(1.75E0,0.E0,-3.E-1));
#8071=DIRECTION('',(1.E0,0.E0,0.E0));
#8072=DIRECTION('',(0.E0,0.E0,-1.E0));
#8073=AXIS2_PLACEMENT_3D('',#8070,#8071,#8072);
#8074=PLANE('',#8073);
#8075=ORIENTED_EDGE('',*,*,#8043,.F.);
#8077=ORIENTED_EDGE('',*,*,#8076,.T.);
#8079=ORIENTED_EDGE('',*,*,#8078,.T.);
#8080=ORIENTED_EDGE('',*,*,#8061,.F.);
#8081=EDGE_LOOP('',(#8075,#8077,#8079,#8080));
#8082=FACE_OUTER_BOUND('',#8081,.F.);
#8083=ADVANCED_FACE('',(#8082),#8074,.T.);
#8084=CARTESIAN_POINT('',(1.45E0,0.E0,-3.E-1));
#8085=DIRECTION('',(0.E0,0.E0,1.E0));
#8086=DIRECTION('',(1.E0,0.E0,0.E0));
#8087=AXIS2_PLACEMENT_3D('',#8084,#8085,#8086);
#8088=PLANE('',#8087);
#8089=ORIENTED_EDGE('',*,*,#8041,.F.);
#8091=ORIENTED_EDGE('',*,*,#8090,.T.);
#8093=ORIENTED_EDGE('',*,*,#8092,.T.);
#8094=ORIENTED_EDGE('',*,*,#8076,.F.);
#8095=EDGE_LOOP('',(#8089,#8091,#8093,#8094));
#8096=FACE_OUTER_BOUND('',#8095,.F.);
#8097=ADVANCED_FACE('',(#8096),#8088,.T.);
#8098=CARTESIAN_POINT('',(1.45E0,0.E0,-4.E-1));
#8099=DIRECTION('',(0.E0,1.E0,0.E0));
#8100=DIRECTION('',(1.E0,0.E0,0.E0));
#8101=AXIS2_PLACEMENT_3D('',#8098,#8099,#8100);
#8102=CYLINDRICAL_SURFACE('',#8101,1.E-1);
#8103=ORIENTED_EDGE('',*,*,#8039,.F.);
#8104=ORIENTED_EDGE('',*,*,#8065,.T.);
#8106=ORIENTED_EDGE('',*,*,#8105,.T.);
#8107=ORIENTED_EDGE('',*,*,#8090,.F.);
#8108=EDGE_LOOP('',(#8103,#8104,#8106,#8107));
#8109=FACE_OUTER_BOUND('',#8108,.F.);
#8110=ADVANCED_FACE('',(#8109),#8102,.T.);
#8111=CARTESIAN_POINT('',(0.E0,2.E-1,0.E0));
#8112=DIRECTION('',(0.E0,1.E0,0.E0));
#8113=DIRECTION('',(1.E0,0.E0,0.E0));
#8114=AXIS2_PLACEMENT_3D('',#8111,#8112,#8113);
#8115=PLANE('',#8114);
#8116=ORIENTED_EDGE('',*,*,#8063,.F.);
#8117=ORIENTED_EDGE('',*,*,#8078,.F.);
#8118=ORIENTED_EDGE('',*,*,#8092,.F.);
#8119=ORIENTED_EDGE('',*,*,#8105,.F.);
#8120=EDGE_LOOP('',(#8116,#8117,#8118,#8119));
#8121=FACE_OUTER_BOUND('',#8120,.F.);
#8122=ADVANCED_FACE('',(#8121),#8115,.T.);
#8123=CLOSED_SHELL('',(#8047,#8069,#8083,#8097,#8110,#8122));
#8124=MANIFOLD_SOLID_BREP('',#8123);
#8125=FILL_AREA_STYLE_COLOUR('',#28);
#8126=FILL_AREA_STYLE('',(#8125));
#8127=SURFACE_STYLE_FILL_AREA(#8126);
#8128=SURFACE_SIDE_STYLE('',(#8127));
#8129=SURFACE_STYLE_USAGE(.POSITIVE.,#8128);
#8130=PRESENTATION_STYLE_ASSIGNMENT((#8129));
#7929=STYLED_ITEM('',(#8130),#8124);
#8132=DIRECTION('',(-1.E0,0.E0,0.E0));
#8133=VECTOR('',#8132,3.E-1);
#8134=CARTESIAN_POINT('',(1.75E0,0.E0,-9.E-1));
#8135=LINE('',#8134,#8133);
#8136=CURVE_STYLE('',#47,POSITIVE_LENGTH_MEASURE(2.E-2),#28);
#8137=PRESENTATION_STYLE_ASSIGNMENT((#8136));
#8138=STYLED_ITEM('',(#8137),#8135);
#8139=CARTESIAN_POINT('',(1.45E0,0.E0,-8.E-1));
#8140=DIRECTION('',(0.E0,1.E0,0.E0));
#8141=DIRECTION('',(0.E0,0.E0,-1.E0));
#8142=AXIS2_PLACEMENT_3D('',#8139,#8140,#8141);
#8144=CURVE_STYLE('',#47,POSITIVE_LENGTH_MEASURE(2.E-2),#28);
#8145=PRESENTATION_STYLE_ASSIGNMENT((#8144));
#8146=STYLED_ITEM('',(#8145),#8143);
#8147=DIRECTION('',(1.E0,0.E0,0.E0));
#8148=VECTOR('',#8147,3.E-1);
#8149=CARTESIAN_POINT('',(1.45E0,0.E0,-7.E-1));
#8150=LINE('',#8149,#8148);
#8151=CURVE_STYLE('',#47,POSITIVE_LENGTH_MEASURE(2.E-2),#28);
#8152=PRESENTATION_STYLE_ASSIGNMENT((#8151));
#8153=STYLED_ITEM('',(#8152),#8150);
#8154=DIRECTION('',(0.E0,0.E0,-1.E0));
#8155=VECTOR('',#8154,2.E-1);
#8156=CARTESIAN_POINT('',(1.75E0,0.E0,-7.E-1));
#8157=LINE('',#8156,#8155);
#8158=CURVE_STYLE('',#47,POSITIVE_LENGTH_MEASURE(2.E-2),#28);
#8159=PRESENTATION_STYLE_ASSIGNMENT((#8158));
#8160=STYLED_ITEM('',(#8159),#8157);
#8161=DIRECTION('',(0.E0,1.E0,0.E0));
#8162=VECTOR('',#8161,2.E-1);
#8163=CARTESIAN_POINT('',(1.75E0,0.E0,-9.E-1));
#8164=LINE('',#8163,#8162);
#8165=CURVE_STYLE('',#47,POSITIVE_LENGTH_MEASURE(2.E-2),#28);
#8166=PRESENTATION_STYLE_ASSIGNMENT((#8165));
#8167=STYLED_ITEM('',(#8166),#8164);
#8168=DIRECTION('',(0.E0,1.E0,0.E0));
#8169=VECTOR('',#8168,2.E-1);
#8170=CARTESIAN_POINT('',(1.75E0,0.E0,-7.E-1));
#8171=LINE('',#8170,#8169);
#8172=CURVE_STYLE('',#47,POSITIVE_LENGTH_MEASURE(2.E-2),#28);
#8173=PRESENTATION_STYLE_ASSIGNMENT((#8172));
#8174=STYLED_ITEM('',(#8173),#8171);
#8175=DIRECTION('',(0.E0,1.E0,0.E0));
#8176=VECTOR('',#8175,2.E-1);
#8177=CARTESIAN_POINT('',(1.45E0,0.E0,-7.E-1));
#8178=LINE('',#8177,#8176);
#8179=CURVE_STYLE('',#47,POSITIVE_LENGTH_MEASURE(2.E-2),#28);
#8180=PRESENTATION_STYLE_ASSIGNMENT((#8179));
#8181=STYLED_ITEM('',(#8180),#8178);
#8182=DIRECTION('',(0.E0,1.E0,0.E0));
#8183=VECTOR('',#8182,2.E-1);
#8184=CARTESIAN_POINT('',(1.45E0,0.E0,-9.E-1));
#8185=LINE('',#8184,#8183);
#8186=CURVE_STYLE('',#47,POSITIVE_LENGTH_MEASURE(2.E-2),#28);
#8187=PRESENTATION_STYLE_ASSIGNMENT((#8186));
#8188=STYLED_ITEM('',(#8187),#8185);
#8189=DIRECTION('',(-1.E0,0.E0,0.E0));
#8190=VECTOR('',#8189,3.E-1);
#8191=CARTESIAN_POINT('',(1.75E0,2.E-1,-9.E-1));
#8192=LINE('',#8191,#8190);
#8193=CURVE_STYLE('',#47,POSITIVE_LENGTH_MEASURE(2.E-2),#28);
#8194=PRESENTATION_STYLE_ASSIGNMENT((#8193));
#8195=STYLED_ITEM('',(#8194),#8192);
#8196=DIRECTION('',(0.E0,0.E0,-1.E0));
#8197=VECTOR('',#8196,2.E-1);
#8198=CARTESIAN_POINT('',(1.75E0,2.E-1,-7.E-1));
#8199=LINE('',#8198,#8197);
#8200=CURVE_STYLE('',#47,POSITIVE_LENGTH_MEASURE(2.E-2),#28);
#8201=PRESENTATION_STYLE_ASSIGNMENT((#8200));
#8202=STYLED_ITEM('',(#8201),#8199);
#8203=DIRECTION('',(1.E0,0.E0,0.E0));
#8204=VECTOR('',#8203,3.E-1);
#8205=CARTESIAN_POINT('',(1.45E0,2.E-1,-7.E-1));
#8206=LINE('',#8205,#8204);
#8207=CURVE_STYLE('',#47,POSITIVE_LENGTH_MEASURE(2.E-2),#28);
#8208=PRESENTATION_STYLE_ASSIGNMENT((#8207));
#8209=STYLED_ITEM('',(#8208),#8206);
#8210=CARTESIAN_POINT('',(1.45E0,2.E-1,-8.E-1));
#8211=DIRECTION('',(0.E0,1.E0,0.E0));
#8212=DIRECTION('',(0.E0,0.E0,-1.E0));
#8213=AXIS2_PLACEMENT_3D('',#8210,#8211,#8212);
#8215=CURVE_STYLE('',#47,POSITIVE_LENGTH_MEASURE(2.E-2),#28);
#8216=PRESENTATION_STYLE_ASSIGNMENT((#8215));
#8217=STYLED_ITEM('',(#8216),#8214);
#8218=CARTESIAN_POINT('',(1.75E0,0.E0,-9.E-1));
#8219=CARTESIAN_POINT('',(1.45E0,0.E0,-9.E-1));
#8220=VERTEX_POINT('',#8218);
#8221=VERTEX_POINT('',#8219);
#8222=CARTESIAN_POINT('',(1.45E0,0.E0,-7.E-1));
#8223=VERTEX_POINT('',#8222);
#8224=CARTESIAN_POINT('',(1.75E0,0.E0,-7.E-1));
#8225=VERTEX_POINT('',#8224);
#8226=CARTESIAN_POINT('',(1.75E0,2.E-1,-9.E-1));
#8227=CARTESIAN_POINT('',(1.45E0,2.E-1,-9.E-1));
#8228=VERTEX_POINT('',#8226);
#8229=VERTEX_POINT('',#8227);
#8230=CARTESIAN_POINT('',(1.45E0,2.E-1,-7.E-1));
#8231=VERTEX_POINT('',#8230);
#8232=CARTESIAN_POINT('',(1.75E0,2.E-1,-7.E-1));
#8233=VERTEX_POINT('',#8232);
#8234=CARTESIAN_POINT('',(0.E0,0.E0,0.E0));
#8235=DIRECTION('',(0.E0,1.E0,0.E0));
#8236=DIRECTION('',(1.E0,0.E0,0.E0));
#8237=AXIS2_PLACEMENT_3D('',#8234,#8235,#8236);
#8238=PLANE('',#8237);
#8240=ORIENTED_EDGE('',*,*,#8239,.T.);
#8242=ORIENTED_EDGE('',*,*,#8241,.T.);
#8244=ORIENTED_EDGE('',*,*,#8243,.T.);
#8246=ORIENTED_EDGE('',*,*,#8245,.T.);
#8247=EDGE_LOOP('',(#8240,#8242,#8244,#8246));
#8248=FACE_OUTER_BOUND('',#8247,.F.);
#8249=ADVANCED_FACE('',(#8248),#8238,.F.);
#8250=FILL_AREA_STYLE_COLOUR('',#34);
#8251=FILL_AREA_STYLE('',(#8250));
#8252=SURFACE_STYLE_FILL_AREA(#8251);
#8253=SURFACE_SIDE_STYLE('',(#8252));
#8254=SURFACE_STYLE_USAGE(.POSITIVE.,#8253);
#8255=PRESENTATION_STYLE_ASSIGNMENT((#8254));
#8256=OVER_RIDING_STYLED_ITEM('',(#8255),#8249,#8131);
#8257=CARTESIAN_POINT('',(1.75E0,0.E0,-9.E-1));
#8258=DIRECTION('',(0.E0,0.E0,-1.E0));
#8259=DIRECTION('',(-1.E0,0.E0,0.E0));
#8260=AXIS2_PLACEMENT_3D('',#8257,#8258,#8259);
#8261=PLANE('',#8260);
#8262=ORIENTED_EDGE('',*,*,#8239,.F.);
#8264=ORIENTED_EDGE('',*,*,#8263,.T.);
#8266=ORIENTED_EDGE('',*,*,#8265,.T.);
#8268=ORIENTED_EDGE('',*,*,#8267,.F.);
#8269=EDGE_LOOP('',(#8262,#8264,#8266,#8268));
#8270=FACE_OUTER_BOUND('',#8269,.F.);
#8271=ADVANCED_FACE('',(#8270),#8261,.T.);
#8272=CARTESIAN_POINT('',(1.75E0,0.E0,-7.E-1));
#8273=DIRECTION('',(1.E0,0.E0,0.E0));
#8274=DIRECTION('',(0.E0,0.E0,-1.E0));
#8275=AXIS2_PLACEMENT_3D('',#8272,#8273,#8274);
#8276=PLANE('',#8275);
#8277=ORIENTED_EDGE('',*,*,#8245,.F.);
#8279=ORIENTED_EDGE('',*,*,#8278,.T.);
#8281=ORIENTED_EDGE('',*,*,#8280,.T.);
#8282=ORIENTED_EDGE('',*,*,#8263,.F.);
#8283=EDGE_LOOP('',(#8277,#8279,#8281,#8282));
#8284=FACE_OUTER_BOUND('',#8283,.F.);
#8285=ADVANCED_FACE('',(#8284),#8276,.T.);
#8286=CARTESIAN_POINT('',(1.45E0,0.E0,-7.E-1));
#8287=DIRECTION('',(0.E0,0.E0,1.E0));
#8288=DIRECTION('',(1.E0,0.E0,0.E0));
#8289=AXIS2_PLACEMENT_3D('',#8286,#8287,#8288);
#8290=PLANE('',#8289);
#8291=ORIENTED_EDGE('',*,*,#8243,.F.);
#8293=ORIENTED_EDGE('',*,*,#8292,.T.);
#8295=ORIENTED_EDGE('',*,*,#8294,.T.);
#8296=ORIENTED_EDGE('',*,*,#8278,.F.);
#8297=EDGE_LOOP('',(#8291,#8293,#8295,#8296));
#8298=FACE_OUTER_BOUND('',#8297,.F.);
#8299=ADVANCED_FACE('',(#8298),#8290,.T.);
#8300=CARTESIAN_POINT('',(1.45E0,0.E0,-8.E-1));
#8301=DIRECTION('',(0.E0,1.E0,0.E0));
#8302=DIRECTION('',(1.E0,0.E0,0.E0));
#8303=AXIS2_PLACEMENT_3D('',#8300,#8301,#8302);
#8304=CYLINDRICAL_SURFACE('',#8303,1.E-1);
#8305=ORIENTED_EDGE('',*,*,#8241,.F.);
#8306=ORIENTED_EDGE('',*,*,#8267,.T.);
#8308=ORIENTED_EDGE('',*,*,#8307,.T.);
#8309=ORIENTED_EDGE('',*,*,#8292,.F.);
#8310=EDGE_LOOP('',(#8305,#8306,#8308,#8309));
#8311=FACE_OUTER_BOUND('',#8310,.F.);
#8312=ADVANCED_FACE('',(#8311),#8304,.T.);
#8313=CARTESIAN_POINT('',(0.E0,2.E-1,0.E0));
#8314=DIRECTION('',(0.E0,1.E0,0.E0));
#8315=DIRECTION('',(1.E0,0.E0,0.E0));
#8316=AXIS2_PLACEMENT_3D('',#8313,#8314,#8315);
#8317=PLANE('',#8316);
#8318=ORIENTED_EDGE('',*,*,#8265,.F.);
#8319=ORIENTED_EDGE('',*,*,#8280,.F.);
#8320=ORIENTED_EDGE('',*,*,#8294,.F.);
#8321=ORIENTED_EDGE('',*,*,#8307,.F.);
#8322=EDGE_LOOP('',(#8318,#8319,#8320,#8321));
#8323=FACE_OUTER_BOUND('',#8322,.F.);
#8324=ADVANCED_FACE('',(#8323),#8317,.T.);
#8325=CLOSED_SHELL('',(#8249,#8271,#8285,#8299,#8312,#8324));
#8326=MANIFOLD_SOLID_BREP('',#8325);
#8327=FILL_AREA_STYLE_COLOUR('',#28);
#8328=FILL_AREA_STYLE('',(#8327));
#8329=SURFACE_STYLE_FILL_AREA(#8328);
#8330=SURFACE_SIDE_STYLE('',(#8329));
#8331=SURFACE_STYLE_USAGE(.POSITIVE.,#8330);
#8332=PRESENTATION_STYLE_ASSIGNMENT((#8331));
#8131=STYLED_ITEM('',(#8332),#8326);
#8334=DIRECTION('',(-1.E0,0.E0,0.E0));
#8335=VECTOR('',#8334,3.E-1);
#8336=CARTESIAN_POINT('',(1.75E0,0.E0,-1.3E0));
#8337=LINE('',#8336,#8335);
#8338=CURVE_STYLE('',#47,POSITIVE_LENGTH_MEASURE(2.E-2),#28);
#8339=PRESENTATION_STYLE_ASSIGNMENT((#8338));
#8340=STYLED_ITEM('',(#8339),#8337);
#8341=CARTESIAN_POINT('',(1.45E0,0.E0,-1.2E0));
#8342=DIRECTION('',(0.E0,1.E0,0.E0));
#8343=DIRECTION('',(-1.554312234475E-14,0.E0,-1.E0));
#8344=AXIS2_PLACEMENT_3D('',#8341,#8342,#8343);
#8346=CURVE_STYLE('',#47,POSITIVE_LENGTH_MEASURE(2.E-2),#28);
#8347=PRESENTATION_STYLE_ASSIGNMENT((#8346));
#8348=STYLED_ITEM('',(#8347),#8345);
#8349=DIRECTION('',(1.E0,0.E0,0.E0));
#8350=VECTOR('',#8349,3.E-1);
#8351=CARTESIAN_POINT('',(1.45E0,0.E0,-1.1E0));
#8352=LINE('',#8351,#8350);
#8353=CURVE_STYLE('',#47,POSITIVE_LENGTH_MEASURE(2.E-2),#28);
#8354=PRESENTATION_STYLE_ASSIGNMENT((#8353));
#8355=STYLED_ITEM('',(#8354),#8352);
#8356=DIRECTION('',(0.E0,0.E0,-1.E0));
#8357=VECTOR('',#8356,2.E-1);
#8358=CARTESIAN_POINT('',(1.75E0,0.E0,-1.1E0));
#8359=LINE('',#8358,#8357);
#8360=CURVE_STYLE('',#47,POSITIVE_LENGTH_MEASURE(2.E-2),#28);
#8361=PRESENTATION_STYLE_ASSIGNMENT((#8360));
#8362=STYLED_ITEM('',(#8361),#8359);
#8363=DIRECTION('',(0.E0,1.E0,0.E0));
#8364=VECTOR('',#8363,2.E-1);
#8365=CARTESIAN_POINT('',(1.75E0,0.E0,-1.3E0));
#8366=LINE('',#8365,#8364);
#8367=CURVE_STYLE('',#47,POSITIVE_LENGTH_MEASURE(2.E-2),#28);
#8368=PRESENTATION_STYLE_ASSIGNMENT((#8367));
#8369=STYLED_ITEM('',(#8368),#8366);
#8370=DIRECTION('',(0.E0,1.E0,0.E0));
#8371=VECTOR('',#8370,2.E-1);
#8372=CARTESIAN_POINT('',(1.75E0,0.E0,-1.1E0));
#8373=LINE('',#8372,#8371);
#8374=CURVE_STYLE('',#47,POSITIVE_LENGTH_MEASURE(2.E-2),#28);
#8375=PRESENTATION_STYLE_ASSIGNMENT((#8374));
#8376=STYLED_ITEM('',(#8375),#8373);
#8377=DIRECTION('',(0.E0,1.E0,0.E0));
#8378=VECTOR('',#8377,2.E-1);
#8379=CARTESIAN_POINT('',(1.45E0,0.E0,-1.1E0));
#8380=LINE('',#8379,#8378);
#8381=CURVE_STYLE('',#47,POSITIVE_LENGTH_MEASURE(2.E-2),#28);
#8382=PRESENTATION_STYLE_ASSIGNMENT((#8381));
#8383=STYLED_ITEM('',(#8382),#8380);
#8384=DIRECTION('',(0.E0,1.E0,0.E0));
#8385=VECTOR('',#8384,2.E-1);
#8386=CARTESIAN_POINT('',(1.45E0,0.E0,-1.3E0));
#8387=LINE('',#8386,#8385);
#8388=CURVE_STYLE('',#47,POSITIVE_LENGTH_MEASURE(2.E-2),#28);
#8389=PRESENTATION_STYLE_ASSIGNMENT((#8388));
#8390=STYLED_ITEM('',(#8389),#8387);
#8391=DIRECTION('',(-1.E0,0.E0,0.E0));
#8392=VECTOR('',#8391,3.E-1);
#8393=CARTESIAN_POINT('',(1.75E0,2.E-1,-1.3E0));
#8394=LINE('',#8393,#8392);
#8395=CURVE_STYLE('',#47,POSITIVE_LENGTH_MEASURE(2.E-2),#28);
#8396=PRESENTATION_STYLE_ASSIGNMENT((#8395));
#8397=STYLED_ITEM('',(#8396),#8394);
#8398=DIRECTION('',(0.E0,0.E0,-1.E0));
#8399=VECTOR('',#8398,2.E-1);
#8400=CARTESIAN_POINT('',(1.75E0,2.E-1,-1.1E0));
#8401=LINE('',#8400,#8399);
#8402=CURVE_STYLE('',#47,POSITIVE_LENGTH_MEASURE(2.E-2),#28);
#8403=PRESENTATION_STYLE_ASSIGNMENT((#8402));
#8404=STYLED_ITEM('',(#8403),#8401);
#8405=DIRECTION('',(1.E0,0.E0,0.E0));
#8406=VECTOR('',#8405,3.E-1);
#8407=CARTESIAN_POINT('',(1.45E0,2.E-1,-1.1E0));
#8408=LINE('',#8407,#8406);
#8409=CURVE_STYLE('',#47,POSITIVE_LENGTH_MEASURE(2.E-2),#28);
#8410=PRESENTATION_STYLE_ASSIGNMENT((#8409));
#8411=STYLED_ITEM('',(#8410),#8408);
#8412=CARTESIAN_POINT('',(1.45E0,2.E-1,-1.2E0));
#8413=DIRECTION('',(0.E0,1.E0,0.E0));
#8414=DIRECTION('',(-1.554312234475E-14,0.E0,-1.E0));
#8415=AXIS2_PLACEMENT_3D('',#8412,#8413,#8414);
#8417=CURVE_STYLE('',#47,POSITIVE_LENGTH_MEASURE(2.E-2),#28);
#8418=PRESENTATION_STYLE_ASSIGNMENT((#8417));
#8419=STYLED_ITEM('',(#8418),#8416);
#8420=CARTESIAN_POINT('',(1.75E0,0.E0,-1.3E0));
#8421=CARTESIAN_POINT('',(1.45E0,0.E0,-1.3E0));
#8422=VERTEX_POINT('',#8420);
#8423=VERTEX_POINT('',#8421);
#8424=CARTESIAN_POINT('',(1.45E0,0.E0,-1.1E0));
#8425=VERTEX_POINT('',#8424);
#8426=CARTESIAN_POINT('',(1.75E0,0.E0,-1.1E0));
#8427=VERTEX_POINT('',#8426);
#8428=CARTESIAN_POINT('',(1.75E0,2.E-1,-1.3E0));
#8429=CARTESIAN_POINT('',(1.45E0,2.E-1,-1.3E0));
#8430=VERTEX_POINT('',#8428);
#8431=VERTEX_POINT('',#8429);
#8432=CARTESIAN_POINT('',(1.45E0,2.E-1,-1.1E0));
#8433=VERTEX_POINT('',#8432);
#8434=CARTESIAN_POINT('',(1.75E0,2.E-1,-1.1E0));
#8435=VERTEX_POINT('',#8434);
#8436=CARTESIAN_POINT('',(0.E0,0.E0,0.E0));
#8437=DIRECTION('',(0.E0,1.E0,0.E0));
#8438=DIRECTION('',(1.E0,0.E0,0.E0));
#8439=AXIS2_PLACEMENT_3D('',#8436,#8437,#8438);
#8440=PLANE('',#8439);
#8442=ORIENTED_EDGE('',*,*,#8441,.T.);
#8444=ORIENTED_EDGE('',*,*,#8443,.T.);
#8446=ORIENTED_EDGE('',*,*,#8445,.T.);
#8448=ORIENTED_EDGE('',*,*,#8447,.T.);
#8449=EDGE_LOOP('',(#8442,#8444,#8446,#8448));
#8450=FACE_OUTER_BOUND('',#8449,.F.);
#8451=ADVANCED_FACE('',(#8450),#8440,.F.);
#8452=FILL_AREA_STYLE_COLOUR('',#34);
#8453=FILL_AREA_STYLE('',(#8452));
#8454=SURFACE_STYLE_FILL_AREA(#8453);
#8455=SURFACE_SIDE_STYLE('',(#8454));
#8456=SURFACE_STYLE_USAGE(.POSITIVE.,#8455);
#8457=PRESENTATION_STYLE_ASSIGNMENT((#8456));
#8458=OVER_RIDING_STYLED_ITEM('',(#8457),#8451,#8333);
#8459=CARTESIAN_POINT('',(1.75E0,0.E0,-1.3E0));
#8460=DIRECTION('',(0.E0,0.E0,-1.E0));
#8461=DIRECTION('',(-1.E0,0.E0,0.E0));
#8462=AXIS2_PLACEMENT_3D('',#8459,#8460,#8461);
#8463=PLANE('',#8462);
#8464=ORIENTED_EDGE('',*,*,#8441,.F.);
#8466=ORIENTED_EDGE('',*,*,#8465,.T.);
#8468=ORIENTED_EDGE('',*,*,#8467,.T.);
#8470=ORIENTED_EDGE('',*,*,#8469,.F.);
#8471=EDGE_LOOP('',(#8464,#8466,#8468,#8470));
#8472=FACE_OUTER_BOUND('',#8471,.F.);
#8473=ADVANCED_FACE('',(#8472),#8463,.T.);
#8474=CARTESIAN_POINT('',(1.75E0,0.E0,-1.1E0));
#8475=DIRECTION('',(1.E0,0.E0,0.E0));
#8476=DIRECTION('',(0.E0,0.E0,-1.E0));
#8477=AXIS2_PLACEMENT_3D('',#8474,#8475,#8476);
#8478=PLANE('',#8477);
#8479=ORIENTED_EDGE('',*,*,#8447,.F.);
#8481=ORIENTED_EDGE('',*,*,#8480,.T.);
#8483=ORIENTED_EDGE('',*,*,#8482,.T.);
#8484=ORIENTED_EDGE('',*,*,#8465,.F.);
#8485=EDGE_LOOP('',(#8479,#8481,#8483,#8484));
#8486=FACE_OUTER_BOUND('',#8485,.F.);
#8487=ADVANCED_FACE('',(#8486),#8478,.T.);
#8488=CARTESIAN_POINT('',(1.45E0,0.E0,-1.1E0));
#8489=DIRECTION('',(0.E0,0.E0,1.E0));
#8490=DIRECTION('',(1.E0,0.E0,0.E0));
#8491=AXIS2_PLACEMENT_3D('',#8488,#8489,#8490);
#8492=PLANE('',#8491);
#8493=ORIENTED_EDGE('',*,*,#8445,.F.);
#8495=ORIENTED_EDGE('',*,*,#8494,.T.);
#8497=ORIENTED_EDGE('',*,*,#8496,.T.);
#8498=ORIENTED_EDGE('',*,*,#8480,.F.);
#8499=EDGE_LOOP('',(#8493,#8495,#8497,#8498));
#8500=FACE_OUTER_BOUND('',#8499,.F.);
#8501=ADVANCED_FACE('',(#8500),#8492,.T.);
#8502=CARTESIAN_POINT('',(1.45E0,0.E0,-1.2E0));
#8503=DIRECTION('',(0.E0,1.E0,0.E0));
#8504=DIRECTION('',(1.E0,0.E0,0.E0));
#8505=AXIS2_PLACEMENT_3D('',#8502,#8503,#8504);
#8506=CYLINDRICAL_SURFACE('',#8505,1.E-1);
#8507=ORIENTED_EDGE('',*,*,#8443,.F.);
#8508=ORIENTED_EDGE('',*,*,#8469,.T.);
#8510=ORIENTED_EDGE('',*,*,#8509,.T.);
#8511=ORIENTED_EDGE('',*,*,#8494,.F.);
#8512=EDGE_LOOP('',(#8507,#8508,#8510,#8511));
#8513=FACE_OUTER_BOUND('',#8512,.F.);
#8514=ADVANCED_FACE('',(#8513),#8506,.T.);
#8515=CARTESIAN_POINT('',(0.E0,2.E-1,0.E0));
#8516=DIRECTION('',(0.E0,1.E0,0.E0));
#8517=DIRECTION('',(1.E0,0.E0,0.E0));
#8518=AXIS2_PLACEMENT_3D('',#8515,#8516,#8517);
#8519=PLANE('',#8518);
#8520=ORIENTED_EDGE('',*,*,#8467,.F.);
#8521=ORIENTED_EDGE('',*,*,#8482,.F.);
#8522=ORIENTED_EDGE('',*,*,#8496,.F.);
#8523=ORIENTED_EDGE('',*,*,#8509,.F.);
#8524=EDGE_LOOP('',(#8520,#8521,#8522,#8523));
#8525=FACE_OUTER_BOUND('',#8524,.F.);
#8526=ADVANCED_FACE('',(#8525),#8519,.T.);
#8527=CLOSED_SHELL('',(#8451,#8473,#8487,#8501,#8514,#8526));
#8528=MANIFOLD_SOLID_BREP('',#8527);
#8529=FILL_AREA_STYLE_COLOUR('',#28);
#8530=FILL_AREA_STYLE('',(#8529));
#8531=SURFACE_STYLE_FILL_AREA(#8530);
#8532=SURFACE_SIDE_STYLE('',(#8531));
#8533=SURFACE_STYLE_USAGE(.POSITIVE.,#8532);
#8534=PRESENTATION_STYLE_ASSIGNMENT((#8533));
#8333=STYLED_ITEM('',(#8534),#8528);
#8536=DIRECTION('',(-1.E0,0.E0,0.E0));
#8537=VECTOR('',#8536,3.E-1);
#8538=CARTESIAN_POINT('',(1.75E0,0.E0,-1.7E0));
#8539=LINE('',#8538,#8537);
#8540=CURVE_STYLE('',#47,POSITIVE_LENGTH_MEASURE(2.E-2),#28);
#8541=PRESENTATION_STYLE_ASSIGNMENT((#8540));
#8542=STYLED_ITEM('',(#8541),#8539);
#8543=CARTESIAN_POINT('',(1.45E0,0.E0,-1.6E0));
#8544=DIRECTION('',(0.E0,1.E0,0.E0));
#8545=DIRECTION('',(0.E0,0.E0,-1.E0));
#8546=AXIS2_PLACEMENT_3D('',#8543,#8544,#8545);
#8548=CURVE_STYLE('',#47,POSITIVE_LENGTH_MEASURE(2.E-2),#28);
#8549=PRESENTATION_STYLE_ASSIGNMENT((#8548));
#8550=STYLED_ITEM('',(#8549),#8547);
#8551=DIRECTION('',(1.E0,0.E0,0.E0));
#8552=VECTOR('',#8551,3.E-1);
#8553=CARTESIAN_POINT('',(1.45E0,0.E0,-1.5E0));
#8554=LINE('',#8553,#8552);
#8555=CURVE_STYLE('',#47,POSITIVE_LENGTH_MEASURE(2.E-2),#28);
#8556=PRESENTATION_STYLE_ASSIGNMENT((#8555));
#8557=STYLED_ITEM('',(#8556),#8554);
#8558=DIRECTION('',(0.E0,0.E0,-1.E0));
#8559=VECTOR('',#8558,2.E-1);
#8560=CARTESIAN_POINT('',(1.75E0,0.E0,-1.5E0));
#8561=LINE('',#8560,#8559);
#8562=CURVE_STYLE('',#47,POSITIVE_LENGTH_MEASURE(2.E-2),#28);
#8563=PRESENTATION_STYLE_ASSIGNMENT((#8562));
#8564=STYLED_ITEM('',(#8563),#8561);
#8565=DIRECTION('',(0.E0,1.E0,0.E0));
#8566=VECTOR('',#8565,2.E-1);
#8567=CARTESIAN_POINT('',(1.75E0,0.E0,-1.7E0));
#8568=LINE('',#8567,#8566);
#8569=CURVE_STYLE('',#47,POSITIVE_LENGTH_MEASURE(2.E-2),#28);
#8570=PRESENTATION_STYLE_ASSIGNMENT((#8569));
#8571=STYLED_ITEM('',(#8570),#8568);
#8572=DIRECTION('',(0.E0,1.E0,0.E0));
#8573=VECTOR('',#8572,2.E-1);
#8574=CARTESIAN_POINT('',(1.75E0,0.E0,-1.5E0));
#8575=LINE('',#8574,#8573);
#8576=CURVE_STYLE('',#47,POSITIVE_LENGTH_MEASURE(2.E-2),#28);
#8577=PRESENTATION_STYLE_ASSIGNMENT((#8576));
#8578=STYLED_ITEM('',(#8577),#8575);
#8579=DIRECTION('',(0.E0,1.E0,0.E0));
#8580=VECTOR('',#8579,2.E-1);
#8581=CARTESIAN_POINT('',(1.45E0,0.E0,-1.5E0));
#8582=LINE('',#8581,#8580);
#8583=CURVE_STYLE('',#47,POSITIVE_LENGTH_MEASURE(2.E-2),#28);
#8584=PRESENTATION_STYLE_ASSIGNMENT((#8583));
#8585=STYLED_ITEM('',(#8584),#8582);
#8586=DIRECTION('',(0.E0,1.E0,0.E0));
#8587=VECTOR('',#8586,2.E-1);
#8588=CARTESIAN_POINT('',(1.45E0,0.E0,-1.7E0));
#8589=LINE('',#8588,#8587);
#8590=CURVE_STYLE('',#47,POSITIVE_LENGTH_MEASURE(2.E-2),#28);
#8591=PRESENTATION_STYLE_ASSIGNMENT((#8590));
#8592=STYLED_ITEM('',(#8591),#8589);
#8593=DIRECTION('',(-1.E0,0.E0,0.E0));
#8594=VECTOR('',#8593,3.E-1);
#8595=CARTESIAN_POINT('',(1.75E0,2.E-1,-1.7E0));
#8596=LINE('',#8595,#8594);
#8597=CURVE_STYLE('',#47,POSITIVE_LENGTH_MEASURE(2.E-2),#28);
#8598=PRESENTATION_STYLE_ASSIGNMENT((#8597));
#8599=STYLED_ITEM('',(#8598),#8596);
#8600=DIRECTION('',(0.E0,0.E0,-1.E0));
#8601=VECTOR('',#8600,2.E-1);
#8602=CARTESIAN_POINT('',(1.75E0,2.E-1,-1.5E0));
#8603=LINE('',#8602,#8601);
#8604=CURVE_STYLE('',#47,POSITIVE_LENGTH_MEASURE(2.E-2),#28);
#8605=PRESENTATION_STYLE_ASSIGNMENT((#8604));
#8606=STYLED_ITEM('',(#8605),#8603);
#8607=DIRECTION('',(1.E0,0.E0,0.E0));
#8608=VECTOR('',#8607,3.E-1);
#8609=CARTESIAN_POINT('',(1.45E0,2.E-1,-1.5E0));
#8610=LINE('',#8609,#8608);
#8611=CURVE_STYLE('',#47,POSITIVE_LENGTH_MEASURE(2.E-2),#28);
#8612=PRESENTATION_STYLE_ASSIGNMENT((#8611));
#8613=STYLED_ITEM('',(#8612),#8610);
#8614=CARTESIAN_POINT('',(1.45E0,2.E-1,-1.6E0));
#8615=DIRECTION('',(0.E0,1.E0,0.E0));
#8616=DIRECTION('',(0.E0,0.E0,-1.E0));
#8617=AXIS2_PLACEMENT_3D('',#8614,#8615,#8616);
#8619=CURVE_STYLE('',#47,POSITIVE_LENGTH_MEASURE(2.E-2),#28);
#8620=PRESENTATION_STYLE_ASSIGNMENT((#8619));
#8621=STYLED_ITEM('',(#8620),#8618);
#8622=CARTESIAN_POINT('',(1.75E0,0.E0,-1.7E0));
#8623=CARTESIAN_POINT('',(1.45E0,0.E0,-1.7E0));
#8624=VERTEX_POINT('',#8622);
#8625=VERTEX_POINT('',#8623);
#8626=CARTESIAN_POINT('',(1.45E0,0.E0,-1.5E0));
#8627=VERTEX_POINT('',#8626);
#8628=CARTESIAN_POINT('',(1.75E0,0.E0,-1.5E0));
#8629=VERTEX_POINT('',#8628);
#8630=CARTESIAN_POINT('',(1.75E0,2.E-1,-1.7E0));
#8631=CARTESIAN_POINT('',(1.45E0,2.E-1,-1.7E0));
#8632=VERTEX_POINT('',#8630);
#8633=VERTEX_POINT('',#8631);
#8634=CARTESIAN_POINT('',(1.45E0,2.E-1,-1.5E0));
#8635=VERTEX_POINT('',#8634);
#8636=CARTESIAN_POINT('',(1.75E0,2.E-1,-1.5E0));
#8637=VERTEX_POINT('',#8636);
#8638=CARTESIAN_POINT('',(0.E0,0.E0,0.E0));
#8639=DIRECTION('',(0.E0,1.E0,0.E0));
#8640=DIRECTION('',(1.E0,0.E0,0.E0));
#8641=AXIS2_PLACEMENT_3D('',#8638,#8639,#8640);
#8642=PLANE('',#8641);
#8644=ORIENTED_EDGE('',*,*,#8643,.T.);
#8646=ORIENTED_EDGE('',*,*,#8645,.T.);
#8648=ORIENTED_EDGE('',*,*,#8647,.T.);
#8650=ORIENTED_EDGE('',*,*,#8649,.T.);
#8651=EDGE_LOOP('',(#8644,#8646,#8648,#8650));
#8652=FACE_OUTER_BOUND('',#8651,.F.);
#8653=ADVANCED_FACE('',(#8652),#8642,.F.);
#8654=FILL_AREA_STYLE_COLOUR('',#34);
#8655=FILL_AREA_STYLE('',(#8654));
#8656=SURFACE_STYLE_FILL_AREA(#8655);
#8657=SURFACE_SIDE_STYLE('',(#8656));
#8658=SURFACE_STYLE_USAGE(.POSITIVE.,#8657);
#8659=PRESENTATION_STYLE_ASSIGNMENT((#8658));
#8660=OVER_RIDING_STYLED_ITEM('',(#8659),#8653,#8535);
#8661=CARTESIAN_POINT('',(1.75E0,0.E0,-1.7E0));
#8662=DIRECTION('',(0.E0,0.E0,-1.E0));
#8663=DIRECTION('',(-1.E0,0.E0,0.E0));
#8664=AXIS2_PLACEMENT_3D('',#8661,#8662,#8663);
#8665=PLANE('',#8664);
#8666=ORIENTED_EDGE('',*,*,#8643,.F.);
#8668=ORIENTED_EDGE('',*,*,#8667,.T.);
#8670=ORIENTED_EDGE('',*,*,#8669,.T.);
#8672=ORIENTED_EDGE('',*,*,#8671,.F.);
#8673=EDGE_LOOP('',(#8666,#8668,#8670,#8672));
#8674=FACE_OUTER_BOUND('',#8673,.F.);
#8675=ADVANCED_FACE('',(#8674),#8665,.T.);
#8676=CARTESIAN_POINT('',(1.75E0,0.E0,-1.5E0));
#8677=DIRECTION('',(1.E0,0.E0,0.E0));
#8678=DIRECTION('',(0.E0,0.E0,-1.E0));
#8679=AXIS2_PLACEMENT_3D('',#8676,#8677,#8678);
#8680=PLANE('',#8679);
#8681=ORIENTED_EDGE('',*,*,#8649,.F.);
#8683=ORIENTED_EDGE('',*,*,#8682,.T.);
#8685=ORIENTED_EDGE('',*,*,#8684,.T.);
#8686=ORIENTED_EDGE('',*,*,#8667,.F.);
#8687=EDGE_LOOP('',(#8681,#8683,#8685,#8686));
#8688=FACE_OUTER_BOUND('',#8687,.F.);
#8689=ADVANCED_FACE('',(#8688),#8680,.T.);
#8690=CARTESIAN_POINT('',(1.45E0,0.E0,-1.5E0));
#8691=DIRECTION('',(0.E0,0.E0,1.E0));
#8692=DIRECTION('',(1.E0,0.E0,0.E0));
#8693=AXIS2_PLACEMENT_3D('',#8690,#8691,#8692);
#8694=PLANE('',#8693);
#8695=ORIENTED_EDGE('',*,*,#8647,.F.);
#8697=ORIENTED_EDGE('',*,*,#8696,.T.);
#8699=ORIENTED_EDGE('',*,*,#8698,.T.);
#8700=ORIENTED_EDGE('',*,*,#8682,.F.);
#8701=EDGE_LOOP('',(#8695,#8697,#8699,#8700));
#8702=FACE_OUTER_BOUND('',#8701,.F.);
#8703=ADVANCED_FACE('',(#8702),#8694,.T.);
#8704=CARTESIAN_POINT('',(1.45E0,0.E0,-1.6E0));
#8705=DIRECTION('',(0.E0,1.E0,0.E0));
#8706=DIRECTION('',(1.E0,0.E0,0.E0));
#8707=AXIS2_PLACEMENT_3D('',#8704,#8705,#8706);
#8708=CYLINDRICAL_SURFACE('',#8707,1.E-1);
#8709=ORIENTED_EDGE('',*,*,#8645,.F.);
#8710=ORIENTED_EDGE('',*,*,#8671,.T.);
#8712=ORIENTED_EDGE('',*,*,#8711,.T.);
#8713=ORIENTED_EDGE('',*,*,#8696,.F.);
#8714=EDGE_LOOP('',(#8709,#8710,#8712,#8713));
#8715=FACE_OUTER_BOUND('',#8714,.F.);
#8716=ADVANCED_FACE('',(#8715),#8708,.T.);
#8717=CARTESIAN_POINT('',(0.E0,2.E-1,0.E0));
#8718=DIRECTION('',(0.E0,1.E0,0.E0));
#8719=DIRECTION('',(1.E0,0.E0,0.E0));
#8720=AXIS2_PLACEMENT_3D('',#8717,#8718,#8719);
#8721=PLANE('',#8720);
#8722=ORIENTED_EDGE('',*,*,#8669,.F.);
#8723=ORIENTED_EDGE('',*,*,#8684,.F.);
#8724=ORIENTED_EDGE('',*,*,#8698,.F.);
#8725=ORIENTED_EDGE('',*,*,#8711,.F.);
#8726=EDGE_LOOP('',(#8722,#8723,#8724,#8725));
#8727=FACE_OUTER_BOUND('',#8726,.F.);
#8728=ADVANCED_FACE('',(#8727),#8721,.T.);
#8729=CLOSED_SHELL('',(#8653,#8675,#8689,#8703,#8716,#8728));
#8730=MANIFOLD_SOLID_BREP('',#8729);
#8731=FILL_AREA_STYLE_COLOUR('',#28);
#8732=FILL_AREA_STYLE('',(#8731));
#8733=SURFACE_STYLE_FILL_AREA(#8732);
#8734=SURFACE_SIDE_STYLE('',(#8733));
#8735=SURFACE_STYLE_USAGE(.POSITIVE.,#8734);
#8736=PRESENTATION_STYLE_ASSIGNMENT((#8735));
#8535=STYLED_ITEM('',(#8736),#8730);
#8738=DIRECTION('',(1.E0,0.E0,0.E0));
#8739=VECTOR('',#8738,3.E-1);
#8740=CARTESIAN_POINT('',(-1.75E0,0.E0,-5.E-1));
#8741=LINE('',#8740,#8739);
#8742=CURVE_STYLE('',#47,POSITIVE_LENGTH_MEASURE(2.E-2),#28);
#8743=PRESENTATION_STYLE_ASSIGNMENT((#8742));
#8744=STYLED_ITEM('',(#8743),#8741);
#8745=DIRECTION('',(0.E0,0.E0,-1.E0));
#8746=VECTOR('',#8745,2.E-1);
#8747=CARTESIAN_POINT('',(-1.75E0,0.E0,-3.E-1));
#8748=LINE('',#8747,#8746);
#8749=CURVE_STYLE('',#47,POSITIVE_LENGTH_MEASURE(2.E-2),#28);
#8750=PRESENTATION_STYLE_ASSIGNMENT((#8749));
#8751=STYLED_ITEM('',(#8750),#8748);
#8752=DIRECTION('',(-1.E0,0.E0,0.E0));
#8753=VECTOR('',#8752,3.E-1);
#8754=CARTESIAN_POINT('',(-1.45E0,0.E0,-3.E-1));
#8755=LINE('',#8754,#8753);
#8756=CURVE_STYLE('',#47,POSITIVE_LENGTH_MEASURE(2.E-2),#28);
#8757=PRESENTATION_STYLE_ASSIGNMENT((#8756));
#8758=STYLED_ITEM('',(#8757),#8755);
#8759=CARTESIAN_POINT('',(-1.45E0,0.E0,-4.E-1));
#8760=DIRECTION('',(0.E0,-1.E0,0.E0));
#8761=DIRECTION('',(0.E0,0.E0,-1.E0));
#8762=AXIS2_PLACEMENT_3D('',#8759,#8760,#8761);
#8764=CURVE_STYLE('',#47,POSITIVE_LENGTH_MEASURE(2.E-2),#28);
#8765=PRESENTATION_STYLE_ASSIGNMENT((#8764));
#8766=STYLED_ITEM('',(#8765),#8763);
#8767=DIRECTION('',(0.E0,1.E0,0.E0));
#8768=VECTOR('',#8767,2.E-1);
#8769=CARTESIAN_POINT('',(-1.75E0,0.E0,-5.E-1));
#8770=LINE('',#8769,#8768);
#8771=CURVE_STYLE('',#47,POSITIVE_LENGTH_MEASURE(2.E-2),#28);
#8772=PRESENTATION_STYLE_ASSIGNMENT((#8771));
#8773=STYLED_ITEM('',(#8772),#8770);
#8774=DIRECTION('',(0.E0,1.E0,0.E0));
#8775=VECTOR('',#8774,2.E-1);
#8776=CARTESIAN_POINT('',(-1.45E0,0.E0,-5.E-1));
#8777=LINE('',#8776,#8775);
#8778=CURVE_STYLE('',#47,POSITIVE_LENGTH_MEASURE(2.E-2),#28);
#8779=PRESENTATION_STYLE_ASSIGNMENT((#8778));
#8780=STYLED_ITEM('',(#8779),#8777);
#8781=DIRECTION('',(0.E0,1.E0,0.E0));
#8782=VECTOR('',#8781,2.E-1);
#8783=CARTESIAN_POINT('',(-1.45E0,0.E0,-3.E-1));
#8784=LINE('',#8783,#8782);
#8785=CURVE_STYLE('',#47,POSITIVE_LENGTH_MEASURE(2.E-2),#28);
#8786=PRESENTATION_STYLE_ASSIGNMENT((#8785));
#8787=STYLED_ITEM('',(#8786),#8784);
#8788=DIRECTION('',(0.E0,1.E0,0.E0));
#8789=VECTOR('',#8788,2.E-1);
#8790=CARTESIAN_POINT('',(-1.75E0,0.E0,-3.E-1));
#8791=LINE('',#8790,#8789);
#8792=CURVE_STYLE('',#47,POSITIVE_LENGTH_MEASURE(2.E-2),#28);
#8793=PRESENTATION_STYLE_ASSIGNMENT((#8792));
#8794=STYLED_ITEM('',(#8793),#8791);
#8795=DIRECTION('',(1.E0,0.E0,0.E0));
#8796=VECTOR('',#8795,3.E-1);
#8797=CARTESIAN_POINT('',(-1.75E0,2.E-1,-5.E-1));
#8798=LINE('',#8797,#8796);
#8799=CURVE_STYLE('',#47,POSITIVE_LENGTH_MEASURE(2.E-2),#28);
#8800=PRESENTATION_STYLE_ASSIGNMENT((#8799));
#8801=STYLED_ITEM('',(#8800),#8798);
#8802=CARTESIAN_POINT('',(-1.45E0,2.E-1,-4.E-1));
#8803=DIRECTION('',(0.E0,-1.E0,0.E0));
#8804=DIRECTION('',(0.E0,0.E0,-1.E0));
#8805=AXIS2_PLACEMENT_3D('',#8802,#8803,#8804);
#8807=CURVE_STYLE('',#47,POSITIVE_LENGTH_MEASURE(2.E-2),#28);
#8808=PRESENTATION_STYLE_ASSIGNMENT((#8807));
#8809=STYLED_ITEM('',(#8808),#8806);
#8810=DIRECTION('',(-1.E0,0.E0,0.E0));
#8811=VECTOR('',#8810,3.E-1);
#8812=CARTESIAN_POINT('',(-1.45E0,2.E-1,-3.E-1));
#8813=LINE('',#8812,#8811);
#8814=CURVE_STYLE('',#47,POSITIVE_LENGTH_MEASURE(2.E-2),#28);
#8815=PRESENTATION_STYLE_ASSIGNMENT((#8814));
#8816=STYLED_ITEM('',(#8815),#8813);
#8817=DIRECTION('',(0.E0,0.E0,-1.E0));
#8818=VECTOR('',#8817,2.E-1);
#8819=CARTESIAN_POINT('',(-1.75E0,2.E-1,-3.E-1));
#8820=LINE('',#8819,#8818);
#8821=CURVE_STYLE('',#47,POSITIVE_LENGTH_MEASURE(2.E-2),#28);
#8822=PRESENTATION_STYLE_ASSIGNMENT((#8821));
#8823=STYLED_ITEM('',(#8822),#8820);
#8824=CARTESIAN_POINT('',(-1.75E0,0.E0,-5.E-1));
#8825=CARTESIAN_POINT('',(-1.45E0,0.E0,-5.E-1));
#8826=VERTEX_POINT('',#8824);
#8827=VERTEX_POINT('',#8825);
#8828=CARTESIAN_POINT('',(-1.45E0,0.E0,-3.E-1));
#8829=VERTEX_POINT('',#8828);
#8830=CARTESIAN_POINT('',(-1.75E0,0.E0,-3.E-1));
#8831=VERTEX_POINT('',#8830);
#8832=CARTESIAN_POINT('',(-1.75E0,2.E-1,-5.E-1));
#8833=CARTESIAN_POINT('',(-1.45E0,2.E-1,-5.E-1));
#8834=VERTEX_POINT('',#8832);
#8835=VERTEX_POINT('',#8833);
#8836=CARTESIAN_POINT('',(-1.45E0,2.E-1,-3.E-1));
#8837=VERTEX_POINT('',#8836);
#8838=CARTESIAN_POINT('',(-1.75E0,2.E-1,-3.E-1));
#8839=VERTEX_POINT('',#8838);
#8840=CARTESIAN_POINT('',(0.E0,0.E0,0.E0));
#8841=DIRECTION('',(0.E0,-1.E0,0.E0));
#8842=DIRECTION('',(-1.E0,0.E0,0.E0));
#8843=AXIS2_PLACEMENT_3D('',#8840,#8841,#8842);
#8844=PLANE('',#8843);
#8846=ORIENTED_EDGE('',*,*,#8845,.F.);
#8848=ORIENTED_EDGE('',*,*,#8847,.F.);
#8850=ORIENTED_EDGE('',*,*,#8849,.F.);
#8852=ORIENTED_EDGE('',*,*,#8851,.F.);
#8853=EDGE_LOOP('',(#8846,#8848,#8850,#8852));
#8854=FACE_OUTER_BOUND('',#8853,.F.);
#8855=ADVANCED_FACE('',(#8854),#8844,.T.);
#8856=FILL_AREA_STYLE_COLOUR('',#34);
#8857=FILL_AREA_STYLE('',(#8856));
#8858=SURFACE_STYLE_FILL_AREA(#8857);
#8859=SURFACE_SIDE_STYLE('',(#8858));
#8860=SURFACE_STYLE_USAGE(.POSITIVE.,#8859);
#8861=PRESENTATION_STYLE_ASSIGNMENT((#8860));
#8862=OVER_RIDING_STYLED_ITEM('',(#8861),#8855,#8737);
#8863=CARTESIAN_POINT('',(-1.75E0,0.E0,-5.E-1));
#8864=DIRECTION('',(0.E0,0.E0,1.E0));
#8865=DIRECTION('',(1.E0,0.E0,0.E0));
#8866=AXIS2_PLACEMENT_3D('',#8863,#8864,#8865);
#8867=PLANE('',#8866);
#8868=ORIENTED_EDGE('',*,*,#8845,.T.);
#8870=ORIENTED_EDGE('',*,*,#8869,.T.);
#8872=ORIENTED_EDGE('',*,*,#8871,.F.);
#8874=ORIENTED_EDGE('',*,*,#8873,.F.);
#8875=EDGE_LOOP('',(#8868,#8870,#8872,#8874));
#8876=FACE_OUTER_BOUND('',#8875,.F.);
#8877=ADVANCED_FACE('',(#8876),#8867,.F.);
#8878=CARTESIAN_POINT('',(-1.45E0,0.E0,-4.E-1));
#8879=DIRECTION('',(0.E0,-1.E0,0.E0));
#8880=DIRECTION('',(-1.E0,0.E0,0.E0));
#8881=AXIS2_PLACEMENT_3D('',#8878,#8879,#8880);
#8882=CYLINDRICAL_SURFACE('',#8881,1.E-1);
#8883=ORIENTED_EDGE('',*,*,#8851,.T.);
#8885=ORIENTED_EDGE('',*,*,#8884,.T.);
#8887=ORIENTED_EDGE('',*,*,#8886,.F.);
#8888=ORIENTED_EDGE('',*,*,#8869,.F.);
#8889=EDGE_LOOP('',(#8883,#8885,#8887,#8888));
#8890=FACE_OUTER_BOUND('',#8889,.F.);
#8891=ADVANCED_FACE('',(#8890),#8882,.T.);
#8892=CARTESIAN_POINT('',(-1.45E0,0.E0,-3.E-1));
#8893=DIRECTION('',(0.E0,0.E0,-1.E0));
#8894=DIRECTION('',(-1.E0,0.E0,0.E0));
#8895=AXIS2_PLACEMENT_3D('',#8892,#8893,#8894);
#8896=PLANE('',#8895);
#8897=ORIENTED_EDGE('',*,*,#8849,.T.);
#8899=ORIENTED_EDGE('',*,*,#8898,.T.);
#8901=ORIENTED_EDGE('',*,*,#8900,.F.);
#8902=ORIENTED_EDGE('',*,*,#8884,.F.);
#8903=EDGE_LOOP('',(#8897,#8899,#8901,#8902));
#8904=FACE_OUTER_BOUND('',#8903,.F.);
#8905=ADVANCED_FACE('',(#8904),#8896,.F.);
#8906=CARTESIAN_POINT('',(-1.75E0,0.E0,-3.E-1));
#8907=DIRECTION('',(1.E0,0.E0,0.E0));
#8908=DIRECTION('',(0.E0,0.E0,-1.E0));
#8909=AXIS2_PLACEMENT_3D('',#8906,#8907,#8908);
#8910=PLANE('',#8909);
#8911=ORIENTED_EDGE('',*,*,#8847,.T.);
#8912=ORIENTED_EDGE('',*,*,#8873,.T.);
#8914=ORIENTED_EDGE('',*,*,#8913,.F.);
#8915=ORIENTED_EDGE('',*,*,#8898,.F.);
#8916=EDGE_LOOP('',(#8911,#8912,#8914,#8915));
#8917=FACE_OUTER_BOUND('',#8916,.F.);
#8918=ADVANCED_FACE('',(#8917),#8910,.F.);
#8919=CARTESIAN_POINT('',(0.E0,2.E-1,0.E0));
#8920=DIRECTION('',(0.E0,-1.E0,0.E0));
#8921=DIRECTION('',(-1.E0,0.E0,0.E0));
#8922=AXIS2_PLACEMENT_3D('',#8919,#8920,#8921);
#8923=PLANE('',#8922);
#8924=ORIENTED_EDGE('',*,*,#8871,.T.);
#8925=ORIENTED_EDGE('',*,*,#8886,.T.);
#8926=ORIENTED_EDGE('',*,*,#8900,.T.);
#8927=ORIENTED_EDGE('',*,*,#8913,.T.);
#8928=EDGE_LOOP('',(#8924,#8925,#8926,#8927));
#8929=FACE_OUTER_BOUND('',#8928,.F.);
#8930=ADVANCED_FACE('',(#8929),#8923,.F.);
#8931=CLOSED_SHELL('',(#8855,#8877,#8891,#8905,#8918,#8930));
#8932=MANIFOLD_SOLID_BREP('',#8931);
#8933=FILL_AREA_STYLE_COLOUR('',#28);
#8934=FILL_AREA_STYLE('',(#8933));
#8935=SURFACE_STYLE_FILL_AREA(#8934);
#8936=SURFACE_SIDE_STYLE('',(#8935));
#8937=SURFACE_STYLE_USAGE(.POSITIVE.,#8936);
#8938=PRESENTATION_STYLE_ASSIGNMENT((#8937));
#8737=STYLED_ITEM('',(#8938),#8932);
#8940=DIRECTION('',(1.E0,0.E0,0.E0));
#8941=VECTOR('',#8940,3.E-1);
#8942=CARTESIAN_POINT('',(-1.75E0,0.E0,-9.E-1));
#8943=LINE('',#8942,#8941);
#8944=CURVE_STYLE('',#47,POSITIVE_LENGTH_MEASURE(2.E-2),#28);
#8945=PRESENTATION_STYLE_ASSIGNMENT((#8944));
#8946=STYLED_ITEM('',(#8945),#8943);
#8947=DIRECTION('',(0.E0,0.E0,-1.E0));
#8948=VECTOR('',#8947,2.E-1);
#8949=CARTESIAN_POINT('',(-1.75E0,0.E0,-7.E-1));
#8950=LINE('',#8949,#8948);
#8951=CURVE_STYLE('',#47,POSITIVE_LENGTH_MEASURE(2.E-2),#28);
#8952=PRESENTATION_STYLE_ASSIGNMENT((#8951));
#8953=STYLED_ITEM('',(#8952),#8950);
#8954=DIRECTION('',(-1.E0,0.E0,0.E0));
#8955=VECTOR('',#8954,3.E-1);
#8956=CARTESIAN_POINT('',(-1.45E0,0.E0,-7.E-1));
#8957=LINE('',#8956,#8955);
#8958=CURVE_STYLE('',#47,POSITIVE_LENGTH_MEASURE(2.E-2),#28);
#8959=PRESENTATION_STYLE_ASSIGNMENT((#8958));
#8960=STYLED_ITEM('',(#8959),#8957);
#8961=CARTESIAN_POINT('',(-1.45E0,0.E0,-8.E-1));
#8962=DIRECTION('',(0.E0,-1.E0,0.E0));
#8963=DIRECTION('',(0.E0,0.E0,-1.E0));
#8964=AXIS2_PLACEMENT_3D('',#8961,#8962,#8963);
#8966=CURVE_STYLE('',#47,POSITIVE_LENGTH_MEASURE(2.E-2),#28);
#8967=PRESENTATION_STYLE_ASSIGNMENT((#8966));
#8968=STYLED_ITEM('',(#8967),#8965);
#8969=DIRECTION('',(0.E0,1.E0,0.E0));
#8970=VECTOR('',#8969,2.E-1);
#8971=CARTESIAN_POINT('',(-1.75E0,0.E0,-9.E-1));
#8972=LINE('',#8971,#8970);
#8973=CURVE_STYLE('',#47,POSITIVE_LENGTH_MEASURE(2.E-2),#28);
#8974=PRESENTATION_STYLE_ASSIGNMENT((#8973));
#8975=STYLED_ITEM('',(#8974),#8972);
#8976=DIRECTION('',(0.E0,1.E0,0.E0));
#8977=VECTOR('',#8976,2.E-1);
#8978=CARTESIAN_POINT('',(-1.45E0,0.E0,-9.E-1));
#8979=LINE('',#8978,#8977);
#8980=CURVE_STYLE('',#47,POSITIVE_LENGTH_MEASURE(2.E-2),#28);
#8981=PRESENTATION_STYLE_ASSIGNMENT((#8980));
#8982=STYLED_ITEM('',(#8981),#8979);
#8983=DIRECTION('',(0.E0,1.E0,0.E0));
#8984=VECTOR('',#8983,2.E-1);
#8985=CARTESIAN_POINT('',(-1.45E0,0.E0,-7.E-1));
#8986=LINE('',#8985,#8984);
#8987=CURVE_STYLE('',#47,POSITIVE_LENGTH_MEASURE(2.E-2),#28);
#8988=PRESENTATION_STYLE_ASSIGNMENT((#8987));
#8989=STYLED_ITEM('',(#8988),#8986);
#8990=DIRECTION('',(0.E0,1.E0,0.E0));
#8991=VECTOR('',#8990,2.E-1);
#8992=CARTESIAN_POINT('',(-1.75E0,0.E0,-7.E-1));
#8993=LINE('',#8992,#8991);
#8994=CURVE_STYLE('',#47,POSITIVE_LENGTH_MEASURE(2.E-2),#28);
#8995=PRESENTATION_STYLE_ASSIGNMENT((#8994));
#8996=STYLED_ITEM('',(#8995),#8993);
#8997=DIRECTION('',(1.E0,0.E0,0.E0));
#8998=VECTOR('',#8997,3.E-1);
#8999=CARTESIAN_POINT('',(-1.75E0,2.E-1,-9.E-1));
#9000=LINE('',#8999,#8998);
#9001=CURVE_STYLE('',#47,POSITIVE_LENGTH_MEASURE(2.E-2),#28);
#9002=PRESENTATION_STYLE_ASSIGNMENT((#9001));
#9003=STYLED_ITEM('',(#9002),#9000);
#9004=CARTESIAN_POINT('',(-1.45E0,2.E-1,-8.E-1));
#9005=DIRECTION('',(0.E0,-1.E0,0.E0));
#9006=DIRECTION('',(0.E0,0.E0,-1.E0));
#9007=AXIS2_PLACEMENT_3D('',#9004,#9005,#9006);
#9009=CURVE_STYLE('',#47,POSITIVE_LENGTH_MEASURE(2.E-2),#28);
#9010=PRESENTATION_STYLE_ASSIGNMENT((#9009));
#9011=STYLED_ITEM('',(#9010),#9008);
#9012=DIRECTION('',(-1.E0,0.E0,0.E0));
#9013=VECTOR('',#9012,3.E-1);
#9014=CARTESIAN_POINT('',(-1.45E0,2.E-1,-7.E-1));
#9015=LINE('',#9014,#9013);
#9016=CURVE_STYLE('',#47,POSITIVE_LENGTH_MEASURE(2.E-2),#28);
#9017=PRESENTATION_STYLE_ASSIGNMENT((#9016));
#9018=STYLED_ITEM('',(#9017),#9015);
#9019=DIRECTION('',(0.E0,0.E0,-1.E0));
#9020=VECTOR('',#9019,2.E-1);
#9021=CARTESIAN_POINT('',(-1.75E0,2.E-1,-7.E-1));
#9022=LINE('',#9021,#9020);
#9023=CURVE_STYLE('',#47,POSITIVE_LENGTH_MEASURE(2.E-2),#28);
#9024=PRESENTATION_STYLE_ASSIGNMENT((#9023));
#9025=STYLED_ITEM('',(#9024),#9022);
#9026=CARTESIAN_POINT('',(-1.75E0,0.E0,-9.E-1));
#9027=CARTESIAN_POINT('',(-1.45E0,0.E0,-9.E-1));
#9028=VERTEX_POINT('',#9026);
#9029=VERTEX_POINT('',#9027);
#9030=CARTESIAN_POINT('',(-1.45E0,0.E0,-7.E-1));
#9031=VERTEX_POINT('',#9030);
#9032=CARTESIAN_POINT('',(-1.75E0,0.E0,-7.E-1));
#9033=VERTEX_POINT('',#9032);
#9034=CARTESIAN_POINT('',(-1.75E0,2.E-1,-9.E-1));
#9035=CARTESIAN_POINT('',(-1.45E0,2.E-1,-9.E-1));
#9036=VERTEX_POINT('',#9034);
#9037=VERTEX_POINT('',#9035);
#9038=CARTESIAN_POINT('',(-1.45E0,2.E-1,-7.E-1));
#9039=VERTEX_POINT('',#9038);
#9040=CARTESIAN_POINT('',(-1.75E0,2.E-1,-7.E-1));
#9041=VERTEX_POINT('',#9040);
#9042=CARTESIAN_POINT('',(0.E0,0.E0,0.E0));
#9043=DIRECTION('',(0.E0,-1.E0,0.E0));
#9044=DIRECTION('',(-1.E0,0.E0,0.E0));
#9045=AXIS2_PLACEMENT_3D('',#9042,#9043,#9044);
#9046=PLANE('',#9045);
#9048=ORIENTED_EDGE('',*,*,#9047,.F.);
#9050=ORIENTED_EDGE('',*,*,#9049,.F.);
#9052=ORIENTED_EDGE('',*,*,#9051,.F.);
#9054=ORIENTED_EDGE('',*,*,#9053,.F.);
#9055=EDGE_LOOP('',(#9048,#9050,#9052,#9054));
#9056=FACE_OUTER_BOUND('',#9055,.F.);
#9057=ADVANCED_FACE('',(#9056),#9046,.T.);
#9058=FILL_AREA_STYLE_COLOUR('',#34);
#9059=FILL_AREA_STYLE('',(#9058));
#9060=SURFACE_STYLE_FILL_AREA(#9059);
#9061=SURFACE_SIDE_STYLE('',(#9060));
#9062=SURFACE_STYLE_USAGE(.POSITIVE.,#9061);
#9063=PRESENTATION_STYLE_ASSIGNMENT((#9062));
#9064=OVER_RIDING_STYLED_ITEM('',(#9063),#9057,#8939);
#9065=CARTESIAN_POINT('',(-1.75E0,0.E0,-9.E-1));
#9066=DIRECTION('',(0.E0,0.E0,1.E0));
#9067=DIRECTION('',(1.E0,0.E0,0.E0));
#9068=AXIS2_PLACEMENT_3D('',#9065,#9066,#9067);
#9069=PLANE('',#9068);
#9070=ORIENTED_EDGE('',*,*,#9047,.T.);
#9072=ORIENTED_EDGE('',*,*,#9071,.T.);
#9074=ORIENTED_EDGE('',*,*,#9073,.F.);
#9076=ORIENTED_EDGE('',*,*,#9075,.F.);
#9077=EDGE_LOOP('',(#9070,#9072,#9074,#9076));
#9078=FACE_OUTER_BOUND('',#9077,.F.);
#9079=ADVANCED_FACE('',(#9078),#9069,.F.);
#9080=CARTESIAN_POINT('',(-1.45E0,0.E0,-8.E-1));
#9081=DIRECTION('',(0.E0,-1.E0,0.E0));
#9082=DIRECTION('',(-1.E0,0.E0,0.E0));
#9083=AXIS2_PLACEMENT_3D('',#9080,#9081,#9082);
#9084=CYLINDRICAL_SURFACE('',#9083,1.E-1);
#9085=ORIENTED_EDGE('',*,*,#9053,.T.);
#9087=ORIENTED_EDGE('',*,*,#9086,.T.);
#9089=ORIENTED_EDGE('',*,*,#9088,.F.);
#9090=ORIENTED_EDGE('',*,*,#9071,.F.);
#9091=EDGE_LOOP('',(#9085,#9087,#9089,#9090));
#9092=FACE_OUTER_BOUND('',#9091,.F.);
#9093=ADVANCED_FACE('',(#9092),#9084,.T.);
#9094=CARTESIAN_POINT('',(-1.45E0,0.E0,-7.E-1));
#9095=DIRECTION('',(0.E0,0.E0,-1.E0));
#9096=DIRECTION('',(-1.E0,0.E0,0.E0));
#9097=AXIS2_PLACEMENT_3D('',#9094,#9095,#9096);
#9098=PLANE('',#9097);
#9099=ORIENTED_EDGE('',*,*,#9051,.T.);
#9101=ORIENTED_EDGE('',*,*,#9100,.T.);
#9103=ORIENTED_EDGE('',*,*,#9102,.F.);
#9104=ORIENTED_EDGE('',*,*,#9086,.F.);
#9105=EDGE_LOOP('',(#9099,#9101,#9103,#9104));
#9106=FACE_OUTER_BOUND('',#9105,.F.);
#9107=ADVANCED_FACE('',(#9106),#9098,.F.);
#9108=CARTESIAN_POINT('',(-1.75E0,0.E0,-7.E-1));
#9109=DIRECTION('',(1.E0,0.E0,0.E0));
#9110=DIRECTION('',(0.E0,0.E0,-1.E0));
#9111=AXIS2_PLACEMENT_3D('',#9108,#9109,#9110);
#9112=PLANE('',#9111);
#9113=ORIENTED_EDGE('',*,*,#9049,.T.);
#9114=ORIENTED_EDGE('',*,*,#9075,.T.);
#9116=ORIENTED_EDGE('',*,*,#9115,.F.);
#9117=ORIENTED_EDGE('',*,*,#9100,.F.);
#9118=EDGE_LOOP('',(#9113,#9114,#9116,#9117));
#9119=FACE_OUTER_BOUND('',#9118,.F.);
#9120=ADVANCED_FACE('',(#9119),#9112,.F.);
#9121=CARTESIAN_POINT('',(0.E0,2.E-1,0.E0));
#9122=DIRECTION('',(0.E0,-1.E0,0.E0));
#9123=DIRECTION('',(-1.E0,0.E0,0.E0));
#9124=AXIS2_PLACEMENT_3D('',#9121,#9122,#9123);
#9125=PLANE('',#9124);
#9126=ORIENTED_EDGE('',*,*,#9073,.T.);
#9127=ORIENTED_EDGE('',*,*,#9088,.T.);
#9128=ORIENTED_EDGE('',*,*,#9102,.T.);
#9129=ORIENTED_EDGE('',*,*,#9115,.T.);
#9130=EDGE_LOOP('',(#9126,#9127,#9128,#9129));
#9131=FACE_OUTER_BOUND('',#9130,.F.);
#9132=ADVANCED_FACE('',(#9131),#9125,.F.);
#9133=CLOSED_SHELL('',(#9057,#9079,#9093,#9107,#9120,#9132));
#9134=MANIFOLD_SOLID_BREP('',#9133);
#9135=FILL_AREA_STYLE_COLOUR('',#28);
#9136=FILL_AREA_STYLE('',(#9135));
#9137=SURFACE_STYLE_FILL_AREA(#9136);
#9138=SURFACE_SIDE_STYLE('',(#9137));
#9139=SURFACE_STYLE_USAGE(.POSITIVE.,#9138);
#9140=PRESENTATION_STYLE_ASSIGNMENT((#9139));
#8939=STYLED_ITEM('',(#9140),#9134);
#9142=DIRECTION('',(1.E0,0.E0,0.E0));
#9143=VECTOR('',#9142,3.E-1);
#9144=CARTESIAN_POINT('',(-1.75E0,0.E0,-1.3E0));
#9145=LINE('',#9144,#9143);
#9146=CURVE_STYLE('',#47,POSITIVE_LENGTH_MEASURE(2.E-2),#28);
#9147=PRESENTATION_STYLE_ASSIGNMENT((#9146));
#9148=STYLED_ITEM('',(#9147),#9145);
#9149=DIRECTION('',(0.E0,0.E0,-1.E0));
#9150=VECTOR('',#9149,2.E-1);
#9151=CARTESIAN_POINT('',(-1.75E0,0.E0,-1.1E0));
#9152=LINE('',#9151,#9150);
#9153=CURVE_STYLE('',#47,POSITIVE_LENGTH_MEASURE(2.E-2),#28);
#9154=PRESENTATION_STYLE_ASSIGNMENT((#9153));
#9155=STYLED_ITEM('',(#9154),#9152);
#9156=DIRECTION('',(-1.E0,0.E0,0.E0));
#9157=VECTOR('',#9156,3.E-1);
#9158=CARTESIAN_POINT('',(-1.45E0,0.E0,-1.1E0));
#9159=LINE('',#9158,#9157);
#9160=CURVE_STYLE('',#47,POSITIVE_LENGTH_MEASURE(2.E-2),#28);
#9161=PRESENTATION_STYLE_ASSIGNMENT((#9160));
#9162=STYLED_ITEM('',(#9161),#9159);
#9163=CARTESIAN_POINT('',(-1.45E0,0.E0,-1.2E0));
#9164=DIRECTION('',(0.E0,-1.E0,0.E0));
#9165=DIRECTION('',(0.E0,0.E0,-1.E0));
#9166=AXIS2_PLACEMENT_3D('',#9163,#9164,#9165);
#9168=CURVE_STYLE('',#47,POSITIVE_LENGTH_MEASURE(2.E-2),#28);
#9169=PRESENTATION_STYLE_ASSIGNMENT((#9168));
#9170=STYLED_ITEM('',(#9169),#9167);
#9171=DIRECTION('',(0.E0,1.E0,0.E0));
#9172=VECTOR('',#9171,2.E-1);
#9173=CARTESIAN_POINT('',(-1.75E0,0.E0,-1.3E0));
#9174=LINE('',#9173,#9172);
#9175=CURVE_STYLE('',#47,POSITIVE_LENGTH_MEASURE(2.E-2),#28);
#9176=PRESENTATION_STYLE_ASSIGNMENT((#9175));
#9177=STYLED_ITEM('',(#9176),#9174);
#9178=DIRECTION('',(0.E0,1.E0,0.E0));
#9179=VECTOR('',#9178,2.E-1);
#9180=CARTESIAN_POINT('',(-1.45E0,0.E0,-1.3E0));
#9181=LINE('',#9180,#9179);
#9182=CURVE_STYLE('',#47,POSITIVE_LENGTH_MEASURE(2.E-2),#28);
#9183=PRESENTATION_STYLE_ASSIGNMENT((#9182));
#9184=STYLED_ITEM('',(#9183),#9181);
#9185=DIRECTION('',(0.E0,1.E0,0.E0));
#9186=VECTOR('',#9185,2.E-1);
#9187=CARTESIAN_POINT('',(-1.45E0,0.E0,-1.1E0));
#9188=LINE('',#9187,#9186);
#9189=CURVE_STYLE('',#47,POSITIVE_LENGTH_MEASURE(2.E-2),#28);
#9190=PRESENTATION_STYLE_ASSIGNMENT((#9189));
#9191=STYLED_ITEM('',(#9190),#9188);
#9192=DIRECTION('',(0.E0,1.E0,0.E0));
#9193=VECTOR('',#9192,2.E-1);
#9194=CARTESIAN_POINT('',(-1.75E0,0.E0,-1.1E0));
#9195=LINE('',#9194,#9193);
#9196=CURVE_STYLE('',#47,POSITIVE_LENGTH_MEASURE(2.E-2),#28);
#9197=PRESENTATION_STYLE_ASSIGNMENT((#9196));
#9198=STYLED_ITEM('',(#9197),#9195);
#9199=DIRECTION('',(1.E0,0.E0,0.E0));
#9200=VECTOR('',#9199,3.E-1);
#9201=CARTESIAN_POINT('',(-1.75E0,2.E-1,-1.3E0));
#9202=LINE('',#9201,#9200);
#9203=CURVE_STYLE('',#47,POSITIVE_LENGTH_MEASURE(2.E-2),#28);
#9204=PRESENTATION_STYLE_ASSIGNMENT((#9203));
#9205=STYLED_ITEM('',(#9204),#9202);
#9206=CARTESIAN_POINT('',(-1.45E0,2.E-1,-1.2E0));
#9207=DIRECTION('',(0.E0,-1.E0,0.E0));
#9208=DIRECTION('',(0.E0,0.E0,-1.E0));
#9209=AXIS2_PLACEMENT_3D('',#9206,#9207,#9208);
#9211=CURVE_STYLE('',#47,POSITIVE_LENGTH_MEASURE(2.E-2),#28);
#9212=PRESENTATION_STYLE_ASSIGNMENT((#9211));
#9213=STYLED_ITEM('',(#9212),#9210);
#9214=DIRECTION('',(-1.E0,0.E0,0.E0));
#9215=VECTOR('',#9214,3.E-1);
#9216=CARTESIAN_POINT('',(-1.45E0,2.E-1,-1.1E0));
#9217=LINE('',#9216,#9215);
#9218=CURVE_STYLE('',#47,POSITIVE_LENGTH_MEASURE(2.E-2),#28);
#9219=PRESENTATION_STYLE_ASSIGNMENT((#9218));
#9220=STYLED_ITEM('',(#9219),#9217);
#9221=DIRECTION('',(0.E0,0.E0,-1.E0));
#9222=VECTOR('',#9221,2.E-1);
#9223=CARTESIAN_POINT('',(-1.75E0,2.E-1,-1.1E0));
#9224=LINE('',#9223,#9222);
#9225=CURVE_STYLE('',#47,POSITIVE_LENGTH_MEASURE(2.E-2),#28);
#9226=PRESENTATION_STYLE_ASSIGNMENT((#9225));
#9227=STYLED_ITEM('',(#9226),#9224);
#9228=CARTESIAN_POINT('',(-1.75E0,0.E0,-1.3E0));
#9229=CARTESIAN_POINT('',(-1.45E0,0.E0,-1.3E0));
#9230=VERTEX_POINT('',#9228);
#9231=VERTEX_POINT('',#9229);
#9232=CARTESIAN_POINT('',(-1.45E0,0.E0,-1.1E0));
#9233=VERTEX_POINT('',#9232);
#9234=CARTESIAN_POINT('',(-1.75E0,0.E0,-1.1E0));
#9235=VERTEX_POINT('',#9234);
#9236=CARTESIAN_POINT('',(-1.75E0,2.E-1,-1.3E0));
#9237=CARTESIAN_POINT('',(-1.45E0,2.E-1,-1.3E0));
#9238=VERTEX_POINT('',#9236);
#9239=VERTEX_POINT('',#9237);
#9240=CARTESIAN_POINT('',(-1.45E0,2.E-1,-1.1E0));
#9241=VERTEX_POINT('',#9240);
#9242=CARTESIAN_POINT('',(-1.75E0,2.E-1,-1.1E0));
#9243=VERTEX_POINT('',#9242);
#9244=CARTESIAN_POINT('',(0.E0,0.E0,0.E0));
#9245=DIRECTION('',(0.E0,-1.E0,0.E0));
#9246=DIRECTION('',(-1.E0,0.E0,0.E0));
#9247=AXIS2_PLACEMENT_3D('',#9244,#9245,#9246);
#9248=PLANE('',#9247);
#9250=ORIENTED_EDGE('',*,*,#9249,.F.);
#9252=ORIENTED_EDGE('',*,*,#9251,.F.);
#9254=ORIENTED_EDGE('',*,*,#9253,.F.);
#9256=ORIENTED_EDGE('',*,*,#9255,.F.);
#9257=EDGE_LOOP('',(#9250,#9252,#9254,#9256));
#9258=FACE_OUTER_BOUND('',#9257,.F.);
#9259=ADVANCED_FACE('',(#9258),#9248,.T.);
#9260=FILL_AREA_STYLE_COLOUR('',#34);
#9261=FILL_AREA_STYLE('',(#9260));
#9262=SURFACE_STYLE_FILL_AREA(#9261);
#9263=SURFACE_SIDE_STYLE('',(#9262));
#9264=SURFACE_STYLE_USAGE(.POSITIVE.,#9263);
#9265=PRESENTATION_STYLE_ASSIGNMENT((#9264));
#9266=OVER_RIDING_STYLED_ITEM('',(#9265),#9259,#9141);
#9267=CARTESIAN_POINT('',(-1.75E0,0.E0,-1.3E0));
#9268=DIRECTION('',(0.E0,0.E0,1.E0));
#9269=DIRECTION('',(1.E0,0.E0,0.E0));
#9270=AXIS2_PLACEMENT_3D('',#9267,#9268,#9269);
#9271=PLANE('',#9270);
#9272=ORIENTED_EDGE('',*,*,#9249,.T.);
#9274=ORIENTED_EDGE('',*,*,#9273,.T.);
#9276=ORIENTED_EDGE('',*,*,#9275,.F.);
#9278=ORIENTED_EDGE('',*,*,#9277,.F.);
#9279=EDGE_LOOP('',(#9272,#9274,#9276,#9278));
#9280=FACE_OUTER_BOUND('',#9279,.F.);
#9281=ADVANCED_FACE('',(#9280),#9271,.F.);
#9282=CARTESIAN_POINT('',(-1.45E0,0.E0,-1.2E0));
#9283=DIRECTION('',(0.E0,-1.E0,0.E0));
#9284=DIRECTION('',(-1.E0,0.E0,0.E0));
#9285=AXIS2_PLACEMENT_3D('',#9282,#9283,#9284);
#9286=CYLINDRICAL_SURFACE('',#9285,1.E-1);
#9287=ORIENTED_EDGE('',*,*,#9255,.T.);
#9289=ORIENTED_EDGE('',*,*,#9288,.T.);
#9291=ORIENTED_EDGE('',*,*,#9290,.F.);
#9292=ORIENTED_EDGE('',*,*,#9273,.F.);
#9293=EDGE_LOOP('',(#9287,#9289,#9291,#9292));
#9294=FACE_OUTER_BOUND('',#9293,.F.);
#9295=ADVANCED_FACE('',(#9294),#9286,.T.);
#9296=CARTESIAN_POINT('',(-1.45E0,0.E0,-1.1E0));
#9297=DIRECTION('',(0.E0,0.E0,-1.E0));
#9298=DIRECTION('',(-1.E0,0.E0,0.E0));
#9299=AXIS2_PLACEMENT_3D('',#9296,#9297,#9298);
#9300=PLANE('',#9299);
#9301=ORIENTED_EDGE('',*,*,#9253,.T.);
#9303=ORIENTED_EDGE('',*,*,#9302,.T.);
#9305=ORIENTED_EDGE('',*,*,#9304,.F.);
#9306=ORIENTED_EDGE('',*,*,#9288,.F.);
#9307=EDGE_LOOP('',(#9301,#9303,#9305,#9306));
#9308=FACE_OUTER_BOUND('',#9307,.F.);
#9309=ADVANCED_FACE('',(#9308),#9300,.F.);
#9310=CARTESIAN_POINT('',(-1.75E0,0.E0,-1.1E0));
#9311=DIRECTION('',(1.E0,0.E0,0.E0));
#9312=DIRECTION('',(0.E0,0.E0,-1.E0));
#9313=AXIS2_PLACEMENT_3D('',#9310,#9311,#9312);
#9314=PLANE('',#9313);
#9315=ORIENTED_EDGE('',*,*,#9251,.T.);
#9316=ORIENTED_EDGE('',*,*,#9277,.T.);
#9318=ORIENTED_EDGE('',*,*,#9317,.F.);
#9319=ORIENTED_EDGE('',*,*,#9302,.F.);
#9320=EDGE_LOOP('',(#9315,#9316,#9318,#9319));
#9321=FACE_OUTER_BOUND('',#9320,.F.);
#9322=ADVANCED_FACE('',(#9321),#9314,.F.);
#9323=CARTESIAN_POINT('',(0.E0,2.E-1,0.E0));
#9324=DIRECTION('',(0.E0,-1.E0,0.E0));
#9325=DIRECTION('',(-1.E0,0.E0,0.E0));
#9326=AXIS2_PLACEMENT_3D('',#9323,#9324,#9325);
#9327=PLANE('',#9326);
#9328=ORIENTED_EDGE('',*,*,#9275,.T.);
#9329=ORIENTED_EDGE('',*,*,#9290,.T.);
#9330=ORIENTED_EDGE('',*,*,#9304,.T.);
#9331=ORIENTED_EDGE('',*,*,#9317,.T.);
#9332=EDGE_LOOP('',(#9328,#9329,#9330,#9331));
#9333=FACE_OUTER_BOUND('',#9332,.F.);
#9334=ADVANCED_FACE('',(#9333),#9327,.F.);
#9335=CLOSED_SHELL('',(#9259,#9281,#9295,#9309,#9322,#9334));
#9336=MANIFOLD_SOLID_BREP('',#9335);
#9337=FILL_AREA_STYLE_COLOUR('',#28);
#9338=FILL_AREA_STYLE('',(#9337));
#9339=SURFACE_STYLE_FILL_AREA(#9338);
#9340=SURFACE_SIDE_STYLE('',(#9339));
#9341=SURFACE_STYLE_USAGE(.POSITIVE.,#9340);
#9342=PRESENTATION_STYLE_ASSIGNMENT((#9341));
#9141=STYLED_ITEM('',(#9342),#9336);
#9344=DIRECTION('',(1.E0,0.E0,0.E0));
#9345=VECTOR('',#9344,3.E-1);
#9346=CARTESIAN_POINT('',(-1.75E0,0.E0,-1.7E0));
#9347=LINE('',#9346,#9345);
#9348=CURVE_STYLE('',#47,POSITIVE_LENGTH_MEASURE(2.E-2),#28);
#9349=PRESENTATION_STYLE_ASSIGNMENT((#9348));
#9350=STYLED_ITEM('',(#9349),#9347);
#9351=DIRECTION('',(0.E0,0.E0,-1.E0));
#9352=VECTOR('',#9351,2.E-1);
#9353=CARTESIAN_POINT('',(-1.75E0,0.E0,-1.5E0));
#9354=LINE('',#9353,#9352);
#9355=CURVE_STYLE('',#47,POSITIVE_LENGTH_MEASURE(2.E-2),#28);
#9356=PRESENTATION_STYLE_ASSIGNMENT((#9355));
#9357=STYLED_ITEM('',(#9356),#9354);
#9358=DIRECTION('',(-1.E0,0.E0,0.E0));
#9359=VECTOR('',#9358,3.E-1);
#9360=CARTESIAN_POINT('',(-1.45E0,0.E0,-1.5E0));
#9361=LINE('',#9360,#9359);
#9362=CURVE_STYLE('',#47,POSITIVE_LENGTH_MEASURE(2.E-2),#28);
#9363=PRESENTATION_STYLE_ASSIGNMENT((#9362));
#9364=STYLED_ITEM('',(#9363),#9361);
#9365=CARTESIAN_POINT('',(-1.45E0,0.E0,-1.6E0));
#9366=DIRECTION('',(0.E0,-1.E0,0.E0));
#9367=DIRECTION('',(0.E0,0.E0,-1.E0));
#9368=AXIS2_PLACEMENT_3D('',#9365,#9366,#9367);
#9370=CURVE_STYLE('',#47,POSITIVE_LENGTH_MEASURE(2.E-2),#28);
#9371=PRESENTATION_STYLE_ASSIGNMENT((#9370));
#9372=STYLED_ITEM('',(#9371),#9369);
#9373=DIRECTION('',(0.E0,1.E0,0.E0));
#9374=VECTOR('',#9373,2.E-1);
#9375=CARTESIAN_POINT('',(-1.75E0,0.E0,-1.7E0));
#9376=LINE('',#9375,#9374);
#9377=CURVE_STYLE('',#47,POSITIVE_LENGTH_MEASURE(2.E-2),#28);
#9378=PRESENTATION_STYLE_ASSIGNMENT((#9377));
#9379=STYLED_ITEM('',(#9378),#9376);
#9380=DIRECTION('',(0.E0,1.E0,0.E0));
#9381=VECTOR('',#9380,2.E-1);
#9382=CARTESIAN_POINT('',(-1.45E0,0.E0,-1.7E0));
#9383=LINE('',#9382,#9381);
#9384=CURVE_STYLE('',#47,POSITIVE_LENGTH_MEASURE(2.E-2),#28);
#9385=PRESENTATION_STYLE_ASSIGNMENT((#9384));
#9386=STYLED_ITEM('',(#9385),#9383);
#9387=DIRECTION('',(0.E0,1.E0,0.E0));
#9388=VECTOR('',#9387,2.E-1);
#9389=CARTESIAN_POINT('',(-1.45E0,0.E0,-1.5E0));
#9390=LINE('',#9389,#9388);
#9391=CURVE_STYLE('',#47,POSITIVE_LENGTH_MEASURE(2.E-2),#28);
#9392=PRESENTATION_STYLE_ASSIGNMENT((#9391));
#9393=STYLED_ITEM('',(#9392),#9390);
#9394=DIRECTION('',(0.E0,1.E0,0.E0));
#9395=VECTOR('',#9394,2.E-1);
#9396=CARTESIAN_POINT('',(-1.75E0,0.E0,-1.5E0));
#9397=LINE('',#9396,#9395);
#9398=CURVE_STYLE('',#47,POSITIVE_LENGTH_MEASURE(2.E-2),#28);
#9399=PRESENTATION_STYLE_ASSIGNMENT((#9398));
#9400=STYLED_ITEM('',(#9399),#9397);
#9401=DIRECTION('',(1.E0,0.E0,0.E0));
#9402=VECTOR('',#9401,3.E-1);
#9403=CARTESIAN_POINT('',(-1.75E0,2.E-1,-1.7E0));
#9404=LINE('',#9403,#9402);
#9405=CURVE_STYLE('',#47,POSITIVE_LENGTH_MEASURE(2.E-2),#28);
#9406=PRESENTATION_STYLE_ASSIGNMENT((#9405));
#9407=STYLED_ITEM('',(#9406),#9404);
#9408=CARTESIAN_POINT('',(-1.45E0,2.E-1,-1.6E0));
#9409=DIRECTION('',(0.E0,-1.E0,0.E0));
#9410=DIRECTION('',(0.E0,0.E0,-1.E0));
#9411=AXIS2_PLACEMENT_3D('',#9408,#9409,#9410);
#9413=CURVE_STYLE('',#47,POSITIVE_LENGTH_MEASURE(2.E-2),#28);
#9414=PRESENTATION_STYLE_ASSIGNMENT((#9413));
#9415=STYLED_ITEM('',(#9414),#9412);
#9416=DIRECTION('',(-1.E0,0.E0,0.E0));
#9417=VECTOR('',#9416,3.E-1);
#9418=CARTESIAN_POINT('',(-1.45E0,2.E-1,-1.5E0));
#9419=LINE('',#9418,#9417);
#9420=CURVE_STYLE('',#47,POSITIVE_LENGTH_MEASURE(2.E-2),#28);
#9421=PRESENTATION_STYLE_ASSIGNMENT((#9420));
#9422=STYLED_ITEM('',(#9421),#9419);
#9423=DIRECTION('',(0.E0,0.E0,-1.E0));
#9424=VECTOR('',#9423,2.E-1);
#9425=CARTESIAN_POINT('',(-1.75E0,2.E-1,-1.5E0));
#9426=LINE('',#9425,#9424);
#9427=CURVE_STYLE('',#47,POSITIVE_LENGTH_MEASURE(2.E-2),#28);
#9428=PRESENTATION_STYLE_ASSIGNMENT((#9427));
#9429=STYLED_ITEM('',(#9428),#9426);
#9430=CARTESIAN_POINT('',(-1.75E0,0.E0,-1.7E0));
#9431=CARTESIAN_POINT('',(-1.45E0,0.E0,-1.7E0));
#9432=VERTEX_POINT('',#9430);
#9433=VERTEX_POINT('',#9431);
#9434=CARTESIAN_POINT('',(-1.45E0,0.E0,-1.5E0));
#9435=VERTEX_POINT('',#9434);
#9436=CARTESIAN_POINT('',(-1.75E0,0.E0,-1.5E0));
#9437=VERTEX_POINT('',#9436);
#9438=CARTESIAN_POINT('',(-1.75E0,2.E-1,-1.7E0));
#9439=CARTESIAN_POINT('',(-1.45E0,2.E-1,-1.7E0));
#9440=VERTEX_POINT('',#9438);
#9441=VERTEX_POINT('',#9439);
#9442=CARTESIAN_POINT('',(-1.45E0,2.E-1,-1.5E0));
#9443=VERTEX_POINT('',#9442);
#9444=CARTESIAN_POINT('',(-1.75E0,2.E-1,-1.5E0));
#9445=VERTEX_POINT('',#9444);
#9446=CARTESIAN_POINT('',(0.E0,0.E0,0.E0));
#9447=DIRECTION('',(0.E0,-1.E0,0.E0));
#9448=DIRECTION('',(-1.E0,0.E0,0.E0));
#9449=AXIS2_PLACEMENT_3D('',#9446,#9447,#9448);
#9450=PLANE('',#9449);
#9452=ORIENTED_EDGE('',*,*,#9451,.F.);
#9454=ORIENTED_EDGE('',*,*,#9453,.F.);
#9456=ORIENTED_EDGE('',*,*,#9455,.F.);
#9458=ORIENTED_EDGE('',*,*,#9457,.F.);
#9459=EDGE_LOOP('',(#9452,#9454,#9456,#9458));
#9460=FACE_OUTER_BOUND('',#9459,.F.);
#9461=ADVANCED_FACE('',(#9460),#9450,.T.);
#9462=FILL_AREA_STYLE_COLOUR('',#34);
#9463=FILL_AREA_STYLE('',(#9462));
#9464=SURFACE_STYLE_FILL_AREA(#9463);
#9465=SURFACE_SIDE_STYLE('',(#9464));
#9466=SURFACE_STYLE_USAGE(.POSITIVE.,#9465);
#9467=PRESENTATION_STYLE_ASSIGNMENT((#9466));
#9468=OVER_RIDING_STYLED_ITEM('',(#9467),#9461,#9343);
#9469=CARTESIAN_POINT('',(-1.75E0,0.E0,-1.7E0));
#9470=DIRECTION('',(0.E0,0.E0,1.E0));
#9471=DIRECTION('',(1.E0,0.E0,0.E0));
#9472=AXIS2_PLACEMENT_3D('',#9469,#9470,#9471);
#9473=PLANE('',#9472);
#9474=ORIENTED_EDGE('',*,*,#9451,.T.);
#9476=ORIENTED_EDGE('',*,*,#9475,.T.);
#9478=ORIENTED_EDGE('',*,*,#9477,.F.);
#9480=ORIENTED_EDGE('',*,*,#9479,.F.);
#9481=EDGE_LOOP('',(#9474,#9476,#9478,#9480));
#9482=FACE_OUTER_BOUND('',#9481,.F.);
#9483=ADVANCED_FACE('',(#9482),#9473,.F.);
#9484=CARTESIAN_POINT('',(-1.45E0,0.E0,-1.6E0));
#9485=DIRECTION('',(0.E0,-1.E0,0.E0));
#9486=DIRECTION('',(-1.E0,0.E0,0.E0));
#9487=AXIS2_PLACEMENT_3D('',#9484,#9485,#9486);
#9488=CYLINDRICAL_SURFACE('',#9487,1.E-1);
#9489=ORIENTED_EDGE('',*,*,#9457,.T.);
#9491=ORIENTED_EDGE('',*,*,#9490,.T.);
#9493=ORIENTED_EDGE('',*,*,#9492,.F.);
#9494=ORIENTED_EDGE('',*,*,#9475,.F.);
#9495=EDGE_LOOP('',(#9489,#9491,#9493,#9494));
#9496=FACE_OUTER_BOUND('',#9495,.F.);
#9497=ADVANCED_FACE('',(#9496),#9488,.T.);
#9498=CARTESIAN_POINT('',(-1.45E0,0.E0,-1.5E0));
#9499=DIRECTION('',(0.E0,0.E0,-1.E0));
#9500=DIRECTION('',(-1.E0,0.E0,0.E0));
#9501=AXIS2_PLACEMENT_3D('',#9498,#9499,#9500);
#9502=PLANE('',#9501);
#9503=ORIENTED_EDGE('',*,*,#9455,.T.);
#9505=ORIENTED_EDGE('',*,*,#9504,.T.);
#9507=ORIENTED_EDGE('',*,*,#9506,.F.);
#9508=ORIENTED_EDGE('',*,*,#9490,.F.);
#9509=EDGE_LOOP('',(#9503,#9505,#9507,#9508));
#9510=FACE_OUTER_BOUND('',#9509,.F.);
#9511=ADVANCED_FACE('',(#9510),#9502,.F.);
#9512=CARTESIAN_POINT('',(-1.75E0,0.E0,-1.5E0));
#9513=DIRECTION('',(1.E0,0.E0,0.E0));
#9514=DIRECTION('',(0.E0,0.E0,-1.E0));
#9515=AXIS2_PLACEMENT_3D('',#9512,#9513,#9514);
#9516=PLANE('',#9515);
#9517=ORIENTED_EDGE('',*,*,#9453,.T.);
#9518=ORIENTED_EDGE('',*,*,#9479,.T.);
#9520=ORIENTED_EDGE('',*,*,#9519,.F.);
#9521=ORIENTED_EDGE('',*,*,#9504,.F.);
#9522=EDGE_LOOP('',(#9517,#9518,#9520,#9521));
#9523=FACE_OUTER_BOUND('',#9522,.F.);
#9524=ADVANCED_FACE('',(#9523),#9516,.F.);
#9525=CARTESIAN_POINT('',(0.E0,2.E-1,0.E0));
#9526=DIRECTION('',(0.E0,-1.E0,0.E0));
#9527=DIRECTION('',(-1.E0,0.E0,0.E0));
#9528=AXIS2_PLACEMENT_3D('',#9525,#9526,#9527);
#9529=PLANE('',#9528);
#9530=ORIENTED_EDGE('',*,*,#9477,.T.);
#9531=ORIENTED_EDGE('',*,*,#9492,.T.);
#9532=ORIENTED_EDGE('',*,*,#9506,.T.);
#9533=ORIENTED_EDGE('',*,*,#9519,.T.);
#9534=EDGE_LOOP('',(#9530,#9531,#9532,#9533));
#9535=FACE_OUTER_BOUND('',#9534,.F.);
#9536=ADVANCED_FACE('',(#9535),#9529,.F.);
#9537=CLOSED_SHELL('',(#9461,#9483,#9497,#9511,#9524,#9536));
#9538=MANIFOLD_SOLID_BREP('',#9537);
#9539=FILL_AREA_STYLE_COLOUR('',#28);
#9540=FILL_AREA_STYLE('',(#9539));
#9541=SURFACE_STYLE_FILL_AREA(#9540);
#9542=SURFACE_SIDE_STYLE('',(#9541));
#9543=SURFACE_STYLE_USAGE(.POSITIVE.,#9542);
#9544=PRESENTATION_STYLE_ASSIGNMENT((#9543));
#9343=STYLED_ITEM('',(#9544),#9538);
#9546=DIRECTION('',(0.E0,0.E0,1.E0));
#9547=VECTOR('',#9546,3.E-1);
#9548=CARTESIAN_POINT('',(-9.E-1,0.E0,-2.25E0));
#9549=LINE('',#9548,#9547);
#9550=CURVE_STYLE('',#47,POSITIVE_LENGTH_MEASURE(2.E-2),#28);
#9551=PRESENTATION_STYLE_ASSIGNMENT((#9550));
#9552=STYLED_ITEM('',(#9551),#9549);
#9553=CARTESIAN_POINT('',(-8.E-1,0.E0,-1.95E0));
#9554=DIRECTION('',(0.E0,1.E0,0.E0));
#9555=DIRECTION('',(-1.E0,0.E0,0.E0));
#9556=AXIS2_PLACEMENT_3D('',#9553,#9554,#9555);
#9558=CURVE_STYLE('',#47,POSITIVE_LENGTH_MEASURE(2.E-2),#28);
#9559=PRESENTATION_STYLE_ASSIGNMENT((#9558));
#9560=STYLED_ITEM('',(#9559),#9557);
#9561=DIRECTION('',(0.E0,0.E0,-1.E0));
#9562=VECTOR('',#9561,3.E-1);
#9563=CARTESIAN_POINT('',(-7.E-1,0.E0,-1.95E0));
#9564=LINE('',#9563,#9562);
#9565=CURVE_STYLE('',#47,POSITIVE_LENGTH_MEASURE(2.E-2),#28);
#9566=PRESENTATION_STYLE_ASSIGNMENT((#9565));
#9567=STYLED_ITEM('',(#9566),#9564);
#9568=DIRECTION('',(-1.E0,0.E0,0.E0));
#9569=VECTOR('',#9568,2.E-1);
#9570=CARTESIAN_POINT('',(-7.E-1,0.E0,-2.25E0));
#9571=LINE('',#9570,#9569);
#9572=CURVE_STYLE('',#47,POSITIVE_LENGTH_MEASURE(2.E-2),#28);
#9573=PRESENTATION_STYLE_ASSIGNMENT((#9572));
#9574=STYLED_ITEM('',(#9573),#9571);
#9575=DIRECTION('',(0.E0,1.E0,0.E0));
#9576=VECTOR('',#9575,2.E-1);
#9577=CARTESIAN_POINT('',(-9.E-1,0.E0,-2.25E0));
#9578=LINE('',#9577,#9576);
#9579=CURVE_STYLE('',#47,POSITIVE_LENGTH_MEASURE(2.E-2),#28);
#9580=PRESENTATION_STYLE_ASSIGNMENT((#9579));
#9581=STYLED_ITEM('',(#9580),#9578);
#9582=DIRECTION('',(0.E0,1.E0,0.E0));
#9583=VECTOR('',#9582,2.E-1);
#9584=CARTESIAN_POINT('',(-7.E-1,0.E0,-2.25E0));
#9585=LINE('',#9584,#9583);
#9586=CURVE_STYLE('',#47,POSITIVE_LENGTH_MEASURE(2.E-2),#28);
#9587=PRESENTATION_STYLE_ASSIGNMENT((#9586));
#9588=STYLED_ITEM('',(#9587),#9585);
#9589=DIRECTION('',(0.E0,1.E0,0.E0));
#9590=VECTOR('',#9589,2.E-1);
#9591=CARTESIAN_POINT('',(-7.E-1,0.E0,-1.95E0));
#9592=LINE('',#9591,#9590);
#9593=CURVE_STYLE('',#47,POSITIVE_LENGTH_MEASURE(2.E-2),#28);
#9594=PRESENTATION_STYLE_ASSIGNMENT((#9593));
#9595=STYLED_ITEM('',(#9594),#9592);
#9596=DIRECTION('',(0.E0,1.E0,0.E0));
#9597=VECTOR('',#9596,2.E-1);
#9598=CARTESIAN_POINT('',(-9.E-1,0.E0,-1.95E0));
#9599=LINE('',#9598,#9597);
#9600=CURVE_STYLE('',#47,POSITIVE_LENGTH_MEASURE(2.E-2),#28);
#9601=PRESENTATION_STYLE_ASSIGNMENT((#9600));
#9602=STYLED_ITEM('',(#9601),#9599);
#9603=DIRECTION('',(0.E0,0.E0,1.E0));
#9604=VECTOR('',#9603,3.E-1);
#9605=CARTESIAN_POINT('',(-9.E-1,2.E-1,-2.25E0));
#9606=LINE('',#9605,#9604);
#9607=CURVE_STYLE('',#47,POSITIVE_LENGTH_MEASURE(2.E-2),#28);
#9608=PRESENTATION_STYLE_ASSIGNMENT((#9607));
#9609=STYLED_ITEM('',(#9608),#9606);
#9610=DIRECTION('',(-1.E0,0.E0,0.E0));
#9611=VECTOR('',#9610,2.E-1);
#9612=CARTESIAN_POINT('',(-7.E-1,2.E-1,-2.25E0));
#9613=LINE('',#9612,#9611);
#9614=CURVE_STYLE('',#47,POSITIVE_LENGTH_MEASURE(2.E-2),#28);
#9615=PRESENTATION_STYLE_ASSIGNMENT((#9614));
#9616=STYLED_ITEM('',(#9615),#9613);
#9617=DIRECTION('',(0.E0,0.E0,-1.E0));
#9618=VECTOR('',#9617,3.E-1);
#9619=CARTESIAN_POINT('',(-7.E-1,2.E-1,-1.95E0));
#9620=LINE('',#9619,#9618);
#9621=CURVE_STYLE('',#47,POSITIVE_LENGTH_MEASURE(2.E-2),#28);
#9622=PRESENTATION_STYLE_ASSIGNMENT((#9621));
#9623=STYLED_ITEM('',(#9622),#9620);
#9624=CARTESIAN_POINT('',(-8.E-1,2.E-1,-1.95E0));
#9625=DIRECTION('',(0.E0,1.E0,0.E0));
#9626=DIRECTION('',(-1.E0,0.E0,0.E0));
#9627=AXIS2_PLACEMENT_3D('',#9624,#9625,#9626);
#9629=CURVE_STYLE('',#47,POSITIVE_LENGTH_MEASURE(2.E-2),#28);
#9630=PRESENTATION_STYLE_ASSIGNMENT((#9629));
#9631=STYLED_ITEM('',(#9630),#9628);
#9632=CARTESIAN_POINT('',(-9.E-1,0.E0,-2.25E0));
#9633=CARTESIAN_POINT('',(-9.E-1,0.E0,-1.95E0));
#9634=VERTEX_POINT('',#9632);
#9635=VERTEX_POINT('',#9633);
#9636=CARTESIAN_POINT('',(-7.E-1,0.E0,-1.95E0));
#9637=VERTEX_POINT('',#9636);
#9638=CARTESIAN_POINT('',(-7.E-1,0.E0,-2.25E0));
#9639=VERTEX_POINT('',#9638);
#9640=CARTESIAN_POINT('',(-9.E-1,2.E-1,-2.25E0));
#9641=CARTESIAN_POINT('',(-9.E-1,2.E-1,-1.95E0));
#9642=VERTEX_POINT('',#9640);
#9643=VERTEX_POINT('',#9641);
#9644=CARTESIAN_POINT('',(-7.E-1,2.E-1,-1.95E0));
#9645=VERTEX_POINT('',#9644);
#9646=CARTESIAN_POINT('',(-7.E-1,2.E-1,-2.25E0));
#9647=VERTEX_POINT('',#9646);
#9648=CARTESIAN_POINT('',(0.E0,0.E0,0.E0));
#9649=DIRECTION('',(0.E0,1.E0,0.E0));
#9650=DIRECTION('',(1.E0,0.E0,0.E0));
#9651=AXIS2_PLACEMENT_3D('',#9648,#9649,#9650);
#9652=PLANE('',#9651);
#9654=ORIENTED_EDGE('',*,*,#9653,.T.);
#9656=ORIENTED_EDGE('',*,*,#9655,.T.);
#9658=ORIENTED_EDGE('',*,*,#9657,.T.);
#9660=ORIENTED_EDGE('',*,*,#9659,.T.);
#9661=EDGE_LOOP('',(#9654,#9656,#9658,#9660));
#9662=FACE_OUTER_BOUND('',#9661,.F.);
#9663=ADVANCED_FACE('',(#9662),#9652,.F.);
#9664=FILL_AREA_STYLE_COLOUR('',#34);
#9665=FILL_AREA_STYLE('',(#9664));
#9666=SURFACE_STYLE_FILL_AREA(#9665);
#9667=SURFACE_SIDE_STYLE('',(#9666));
#9668=SURFACE_STYLE_USAGE(.POSITIVE.,#9667);
#9669=PRESENTATION_STYLE_ASSIGNMENT((#9668));
#9670=OVER_RIDING_STYLED_ITEM('',(#9669),#9663,#9545);
#9671=CARTESIAN_POINT('',(-9.E-1,0.E0,-2.25E0));
#9672=DIRECTION('',(-1.E0,0.E0,0.E0));
#9673=DIRECTION('',(0.E0,0.E0,1.E0));
#9674=AXIS2_PLACEMENT_3D('',#9671,#9672,#9673);
#9675=PLANE('',#9674);
#9676=ORIENTED_EDGE('',*,*,#9653,.F.);
#9678=ORIENTED_EDGE('',*,*,#9677,.T.);
#9680=ORIENTED_EDGE('',*,*,#9679,.T.);
#9682=ORIENTED_EDGE('',*,*,#9681,.F.);
#9683=EDGE_LOOP('',(#9676,#9678,#9680,#9682));
#9684=FACE_OUTER_BOUND('',#9683,.F.);
#9685=ADVANCED_FACE('',(#9684),#9675,.T.);
#9686=CARTESIAN_POINT('',(-7.E-1,0.E0,-2.25E0));
#9687=DIRECTION('',(0.E0,0.E0,-1.E0));
#9688=DIRECTION('',(-1.E0,0.E0,0.E0));
#9689=AXIS2_PLACEMENT_3D('',#9686,#9687,#9688);
#9690=PLANE('',#9689);
#9691=ORIENTED_EDGE('',*,*,#9659,.F.);
#9693=ORIENTED_EDGE('',*,*,#9692,.T.);
#9695=ORIENTED_EDGE('',*,*,#9694,.T.);
#9696=ORIENTED_EDGE('',*,*,#9677,.F.);
#9697=EDGE_LOOP('',(#9691,#9693,#9695,#9696));
#9698=FACE_OUTER_BOUND('',#9697,.F.);
#9699=ADVANCED_FACE('',(#9698),#9690,.T.);
#9700=CARTESIAN_POINT('',(-7.E-1,0.E0,-1.95E0));
#9701=DIRECTION('',(1.E0,0.E0,0.E0));
#9702=DIRECTION('',(0.E0,0.E0,-1.E0));
#9703=AXIS2_PLACEMENT_3D('',#9700,#9701,#9702);
#9704=PLANE('',#9703);
#9705=ORIENTED_EDGE('',*,*,#9657,.F.);
#9707=ORIENTED_EDGE('',*,*,#9706,.T.);
#9709=ORIENTED_EDGE('',*,*,#9708,.T.);
#9710=ORIENTED_EDGE('',*,*,#9692,.F.);
#9711=EDGE_LOOP('',(#9705,#9707,#9709,#9710));
#9712=FACE_OUTER_BOUND('',#9711,.F.);
#9713=ADVANCED_FACE('',(#9712),#9704,.T.);
#9714=CARTESIAN_POINT('',(-8.E-1,0.E0,-1.95E0));
#9715=DIRECTION('',(0.E0,1.E0,0.E0));
#9716=DIRECTION('',(1.E0,0.E0,0.E0));
#9717=AXIS2_PLACEMENT_3D('',#9714,#9715,#9716);
#9718=CYLINDRICAL_SURFACE('',#9717,1.E-1);
#9719=ORIENTED_EDGE('',*,*,#9655,.F.);
#9720=ORIENTED_EDGE('',*,*,#9681,.T.);
#9722=ORIENTED_EDGE('',*,*,#9721,.T.);
#9723=ORIENTED_EDGE('',*,*,#9706,.F.);
#9724=EDGE_LOOP('',(#9719,#9720,#9722,#9723));
#9725=FACE_OUTER_BOUND('',#9724,.F.);
#9726=ADVANCED_FACE('',(#9725),#9718,.T.);
#9727=CARTESIAN_POINT('',(0.E0,2.E-1,0.E0));
#9728=DIRECTION('',(0.E0,1.E0,0.E0));
#9729=DIRECTION('',(1.E0,0.E0,0.E0));
#9730=AXIS2_PLACEMENT_3D('',#9727,#9728,#9729);
#9731=PLANE('',#9730);
#9732=ORIENTED_EDGE('',*,*,#9679,.F.);
#9733=ORIENTED_EDGE('',*,*,#9694,.F.);
#9734=ORIENTED_EDGE('',*,*,#9708,.F.);
#9735=ORIENTED_EDGE('',*,*,#9721,.F.);
#9736=EDGE_LOOP('',(#9732,#9733,#9734,#9735));
#9737=FACE_OUTER_BOUND('',#9736,.F.);
#9738=ADVANCED_FACE('',(#9737),#9731,.T.);
#9739=CLOSED_SHELL('',(#9663,#9685,#9699,#9713,#9726,#9738));
#9740=MANIFOLD_SOLID_BREP('',#9739);
#9741=FILL_AREA_STYLE_COLOUR('',#28);
#9742=FILL_AREA_STYLE('',(#9741));
#9743=SURFACE_STYLE_FILL_AREA(#9742);
#9744=SURFACE_SIDE_STYLE('',(#9743));
#9745=SURFACE_STYLE_USAGE(.POSITIVE.,#9744);
#9746=PRESENTATION_STYLE_ASSIGNMENT((#9745));
#9545=STYLED_ITEM('',(#9746),#9740);
#9748=DIRECTION('',(0.E0,0.E0,1.E0));
#9749=VECTOR('',#9748,3.E-1);
#9750=CARTESIAN_POINT('',(-5.E-1,0.E0,-2.25E0));
#9751=LINE('',#9750,#9749);
#9752=CURVE_STYLE('',#47,POSITIVE_LENGTH_MEASURE(2.E-2),#28);
#9753=PRESENTATION_STYLE_ASSIGNMENT((#9752));
#9754=STYLED_ITEM('',(#9753),#9751);
#9755=CARTESIAN_POINT('',(-4.E-1,0.E0,-1.95E0));
#9756=DIRECTION('',(0.E0,1.E0,0.E0));
#9757=DIRECTION('',(-1.E0,0.E0,0.E0));
#9758=AXIS2_PLACEMENT_3D('',#9755,#9756,#9757);
#9760=CURVE_STYLE('',#47,POSITIVE_LENGTH_MEASURE(2.E-2),#28);
#9761=PRESENTATION_STYLE_ASSIGNMENT((#9760));
#9762=STYLED_ITEM('',(#9761),#9759);
#9763=DIRECTION('',(0.E0,0.E0,-1.E0));
#9764=VECTOR('',#9763,3.E-1);
#9765=CARTESIAN_POINT('',(-3.E-1,0.E0,-1.95E0));
#9766=LINE('',#9765,#9764);
#9767=CURVE_STYLE('',#47,POSITIVE_LENGTH_MEASURE(2.E-2),#28);
#9768=PRESENTATION_STYLE_ASSIGNMENT((#9767));
#9769=STYLED_ITEM('',(#9768),#9766);
#9770=DIRECTION('',(-1.E0,0.E0,0.E0));
#9771=VECTOR('',#9770,2.E-1);
#9772=CARTESIAN_POINT('',(-3.E-1,0.E0,-2.25E0));
#9773=LINE('',#9772,#9771);
#9774=CURVE_STYLE('',#47,POSITIVE_LENGTH_MEASURE(2.E-2),#28);
#9775=PRESENTATION_STYLE_ASSIGNMENT((#9774));
#9776=STYLED_ITEM('',(#9775),#9773);
#9777=DIRECTION('',(0.E0,1.E0,0.E0));
#9778=VECTOR('',#9777,2.E-1);
#9779=CARTESIAN_POINT('',(-5.E-1,0.E0,-2.25E0));
#9780=LINE('',#9779,#9778);
#9781=CURVE_STYLE('',#47,POSITIVE_LENGTH_MEASURE(2.E-2),#28);
#9782=PRESENTATION_STYLE_ASSIGNMENT((#9781));
#9783=STYLED_ITEM('',(#9782),#9780);
#9784=DIRECTION('',(0.E0,1.E0,0.E0));
#9785=VECTOR('',#9784,2.E-1);
#9786=CARTESIAN_POINT('',(-3.E-1,0.E0,-2.25E0));
#9787=LINE('',#9786,#9785);
#9788=CURVE_STYLE('',#47,POSITIVE_LENGTH_MEASURE(2.E-2),#28);
#9789=PRESENTATION_STYLE_ASSIGNMENT((#9788));
#9790=STYLED_ITEM('',(#9789),#9787);
#9791=DIRECTION('',(0.E0,1.E0,0.E0));
#9792=VECTOR('',#9791,2.E-1);
#9793=CARTESIAN_POINT('',(-3.E-1,0.E0,-1.95E0));
#9794=LINE('',#9793,#9792);
#9795=CURVE_STYLE('',#47,POSITIVE_LENGTH_MEASURE(2.E-2),#28);
#9796=PRESENTATION_STYLE_ASSIGNMENT((#9795));
#9797=STYLED_ITEM('',(#9796),#9794);
#9798=DIRECTION('',(0.E0,1.E0,0.E0));
#9799=VECTOR('',#9798,2.E-1);
#9800=CARTESIAN_POINT('',(-5.E-1,0.E0,-1.95E0));
#9801=LINE('',#9800,#9799);
#9802=CURVE_STYLE('',#47,POSITIVE_LENGTH_MEASURE(2.E-2),#28);
#9803=PRESENTATION_STYLE_ASSIGNMENT((#9802));
#9804=STYLED_ITEM('',(#9803),#9801);
#9805=DIRECTION('',(0.E0,0.E0,1.E0));
#9806=VECTOR('',#9805,3.E-1);
#9807=CARTESIAN_POINT('',(-5.E-1,2.E-1,-2.25E0));
#9808=LINE('',#9807,#9806);
#9809=CURVE_STYLE('',#47,POSITIVE_LENGTH_MEASURE(2.E-2),#28);
#9810=PRESENTATION_STYLE_ASSIGNMENT((#9809));
#9811=STYLED_ITEM('',(#9810),#9808);
#9812=DIRECTION('',(-1.E0,0.E0,0.E0));
#9813=VECTOR('',#9812,2.E-1);
#9814=CARTESIAN_POINT('',(-3.E-1,2.E-1,-2.25E0));
#9815=LINE('',#9814,#9813);
#9816=CURVE_STYLE('',#47,POSITIVE_LENGTH_MEASURE(2.E-2),#28);
#9817=PRESENTATION_STYLE_ASSIGNMENT((#9816));
#9818=STYLED_ITEM('',(#9817),#9815);
#9819=DIRECTION('',(0.E0,0.E0,-1.E0));
#9820=VECTOR('',#9819,3.E-1);
#9821=CARTESIAN_POINT('',(-3.E-1,2.E-1,-1.95E0));
#9822=LINE('',#9821,#9820);
#9823=CURVE_STYLE('',#47,POSITIVE_LENGTH_MEASURE(2.E-2),#28);
#9824=PRESENTATION_STYLE_ASSIGNMENT((#9823));
#9825=STYLED_ITEM('',(#9824),#9822);
#9826=CARTESIAN_POINT('',(-4.E-1,2.E-1,-1.95E0));
#9827=DIRECTION('',(0.E0,1.E0,0.E0));
#9828=DIRECTION('',(-1.E0,0.E0,0.E0));
#9829=AXIS2_PLACEMENT_3D('',#9826,#9827,#9828);
#9831=CURVE_STYLE('',#47,POSITIVE_LENGTH_MEASURE(2.E-2),#28);
#9832=PRESENTATION_STYLE_ASSIGNMENT((#9831));
#9833=STYLED_ITEM('',(#9832),#9830);
#9834=CARTESIAN_POINT('',(-5.E-1,0.E0,-2.25E0));
#9835=CARTESIAN_POINT('',(-5.E-1,0.E0,-1.95E0));
#9836=VERTEX_POINT('',#9834);
#9837=VERTEX_POINT('',#9835);
#9838=CARTESIAN_POINT('',(-3.E-1,0.E0,-1.95E0));
#9839=VERTEX_POINT('',#9838);
#9840=CARTESIAN_POINT('',(-3.E-1,0.E0,-2.25E0));
#9841=VERTEX_POINT('',#9840);
#9842=CARTESIAN_POINT('',(-5.E-1,2.E-1,-2.25E0));
#9843=CARTESIAN_POINT('',(-5.E-1,2.E-1,-1.95E0));
#9844=VERTEX_POINT('',#9842);
#9845=VERTEX_POINT('',#9843);
#9846=CARTESIAN_POINT('',(-3.E-1,2.E-1,-1.95E0));
#9847=VERTEX_POINT('',#9846);
#9848=CARTESIAN_POINT('',(-3.E-1,2.E-1,-2.25E0));
#9849=VERTEX_POINT('',#9848);
#9850=CARTESIAN_POINT('',(0.E0,0.E0,0.E0));
#9851=DIRECTION('',(0.E0,1.E0,0.E0));
#9852=DIRECTION('',(1.E0,0.E0,0.E0));
#9853=AXIS2_PLACEMENT_3D('',#9850,#9851,#9852);
#9854=PLANE('',#9853);
#9856=ORIENTED_EDGE('',*,*,#9855,.T.);
#9858=ORIENTED_EDGE('',*,*,#9857,.T.);
#9860=ORIENTED_EDGE('',*,*,#9859,.T.);
#9862=ORIENTED_EDGE('',*,*,#9861,.T.);
#9863=EDGE_LOOP('',(#9856,#9858,#9860,#9862));
#9864=FACE_OUTER_BOUND('',#9863,.F.);
#9865=ADVANCED_FACE('',(#9864),#9854,.F.);
#9866=FILL_AREA_STYLE_COLOUR('',#34);
#9867=FILL_AREA_STYLE('',(#9866));
#9868=SURFACE_STYLE_FILL_AREA(#9867);
#9869=SURFACE_SIDE_STYLE('',(#9868));
#9870=SURFACE_STYLE_USAGE(.POSITIVE.,#9869);
#9871=PRESENTATION_STYLE_ASSIGNMENT((#9870));
#9872=OVER_RIDING_STYLED_ITEM('',(#9871),#9865,#9747);
#9873=CARTESIAN_POINT('',(-5.E-1,0.E0,-2.25E0));
#9874=DIRECTION('',(-1.E0,0.E0,0.E0));
#9875=DIRECTION('',(0.E0,0.E0,1.E0));
#9876=AXIS2_PLACEMENT_3D('',#9873,#9874,#9875);
#9877=PLANE('',#9876);
#9878=ORIENTED_EDGE('',*,*,#9855,.F.);
#9880=ORIENTED_EDGE('',*,*,#9879,.T.);
#9882=ORIENTED_EDGE('',*,*,#9881,.T.);
#9884=ORIENTED_EDGE('',*,*,#9883,.F.);
#9885=EDGE_LOOP('',(#9878,#9880,#9882,#9884));
#9886=FACE_OUTER_BOUND('',#9885,.F.);
#9887=ADVANCED_FACE('',(#9886),#9877,.T.);
#9888=CARTESIAN_POINT('',(-3.E-1,0.E0,-2.25E0));
#9889=DIRECTION('',(0.E0,0.E0,-1.E0));
#9890=DIRECTION('',(-1.E0,0.E0,0.E0));
#9891=AXIS2_PLACEMENT_3D('',#9888,#9889,#9890);
#9892=PLANE('',#9891);
#9893=ORIENTED_EDGE('',*,*,#9861,.F.);
#9895=ORIENTED_EDGE('',*,*,#9894,.T.);
#9897=ORIENTED_EDGE('',*,*,#9896,.T.);
#9898=ORIENTED_EDGE('',*,*,#9879,.F.);
#9899=EDGE_LOOP('',(#9893,#9895,#9897,#9898));
#9900=FACE_OUTER_BOUND('',#9899,.F.);
#9901=ADVANCED_FACE('',(#9900),#9892,.T.);
#9902=CARTESIAN_POINT('',(-3.E-1,0.E0,-1.95E0));
#9903=DIRECTION('',(1.E0,0.E0,0.E0));
#9904=DIRECTION('',(0.E0,0.E0,-1.E0));
#9905=AXIS2_PLACEMENT_3D('',#9902,#9903,#9904);
#9906=PLANE('',#9905);
#9907=ORIENTED_EDGE('',*,*,#9859,.F.);
#9909=ORIENTED_EDGE('',*,*,#9908,.T.);
#9911=ORIENTED_EDGE('',*,*,#9910,.T.);
#9912=ORIENTED_EDGE('',*,*,#9894,.F.);
#9913=EDGE_LOOP('',(#9907,#9909,#9911,#9912));
#9914=FACE_OUTER_BOUND('',#9913,.F.);
#9915=ADVANCED_FACE('',(#9914),#9906,.T.);
#9916=CARTESIAN_POINT('',(-4.E-1,0.E0,-1.95E0));
#9917=DIRECTION('',(0.E0,1.E0,0.E0));
#9918=DIRECTION('',(1.E0,0.E0,0.E0));
#9919=AXIS2_PLACEMENT_3D('',#9916,#9917,#9918);
#9920=CYLINDRICAL_SURFACE('',#9919,1.E-1);
#9921=ORIENTED_EDGE('',*,*,#9857,.F.);
#9922=ORIENTED_EDGE('',*,*,#9883,.T.);
#9924=ORIENTED_EDGE('',*,*,#9923,.T.);
#9925=ORIENTED_EDGE('',*,*,#9908,.F.);
#9926=EDGE_LOOP('',(#9921,#9922,#9924,#9925));
#9927=FACE_OUTER_BOUND('',#9926,.F.);
#9928=ADVANCED_FACE('',(#9927),#9920,.T.);
#9929=CARTESIAN_POINT('',(0.E0,2.E-1,0.E0));
#9930=DIRECTION('',(0.E0,1.E0,0.E0));
#9931=DIRECTION('',(1.E0,0.E0,0.E0));
#9932=AXIS2_PLACEMENT_3D('',#9929,#9930,#9931);
#9933=PLANE('',#9932);
#9934=ORIENTED_EDGE('',*,*,#9881,.F.);
#9935=ORIENTED_EDGE('',*,*,#9896,.F.);
#9936=ORIENTED_EDGE('',*,*,#9910,.F.);
#9937=ORIENTED_EDGE('',*,*,#9923,.F.);
#9938=EDGE_LOOP('',(#9934,#9935,#9936,#9937));
#9939=FACE_OUTER_BOUND('',#9938,.F.);
#9940=ADVANCED_FACE('',(#9939),#9933,.T.);
#9941=CLOSED_SHELL('',(#9865,#9887,#9901,#9915,#9928,#9940));
#9942=MANIFOLD_SOLID_BREP('',#9941);
#9943=FILL_AREA_STYLE_COLOUR('',#28);
#9944=FILL_AREA_STYLE('',(#9943));
#9945=SURFACE_STYLE_FILL_AREA(#9944);
#9946=SURFACE_SIDE_STYLE('',(#9945));
#9947=SURFACE_STYLE_USAGE(.POSITIVE.,#9946);
#9948=PRESENTATION_STYLE_ASSIGNMENT((#9947));
#9747=STYLED_ITEM('',(#9948),#9942);
#9950=DIRECTION('',(0.E0,0.E0,1.E0));
#9951=VECTOR('',#9950,3.E-1);
#9952=CARTESIAN_POINT('',(-1.E-1,0.E0,-2.25E0));
#9953=LINE('',#9952,#9951);
#9954=CURVE_STYLE('',#47,POSITIVE_LENGTH_MEASURE(2.E-2),#28);
#9955=PRESENTATION_STYLE_ASSIGNMENT((#9954));
#9956=STYLED_ITEM('',(#9955),#9953);
#9957=CARTESIAN_POINT('',(0.E0,0.E0,-1.95E0));
#9958=DIRECTION('',(0.E0,1.E0,0.E0));
#9959=DIRECTION('',(-1.E0,0.E0,0.E0));
#9960=AXIS2_PLACEMENT_3D('',#9957,#9958,#9959);
#9962=CURVE_STYLE('',#47,POSITIVE_LENGTH_MEASURE(2.E-2),#28);
#9963=PRESENTATION_STYLE_ASSIGNMENT((#9962));
#9964=STYLED_ITEM('',(#9963),#9961);
#9965=DIRECTION('',(0.E0,0.E0,-1.E0));
#9966=VECTOR('',#9965,3.E-1);
#9967=CARTESIAN_POINT('',(1.E-1,0.E0,-1.95E0));
#9968=LINE('',#9967,#9966);
#9969=CURVE_STYLE('',#47,POSITIVE_LENGTH_MEASURE(2.E-2),#28);
#9970=PRESENTATION_STYLE_ASSIGNMENT((#9969));
#9971=STYLED_ITEM('',(#9970),#9968);
#9972=DIRECTION('',(-1.E0,0.E0,0.E0));
#9973=VECTOR('',#9972,2.E-1);
#9974=CARTESIAN_POINT('',(1.E-1,0.E0,-2.25E0));
#9975=LINE('',#9974,#9973);
#9976=CURVE_STYLE('',#47,POSITIVE_LENGTH_MEASURE(2.E-2),#28);
#9977=PRESENTATION_STYLE_ASSIGNMENT((#9976));
#9978=STYLED_ITEM('',(#9977),#9975);
#9979=DIRECTION('',(0.E0,1.E0,0.E0));
#9980=VECTOR('',#9979,2.E-1);
#9981=CARTESIAN_POINT('',(-1.E-1,0.E0,-2.25E0));
#9982=LINE('',#9981,#9980);
#9983=CURVE_STYLE('',#47,POSITIVE_LENGTH_MEASURE(2.E-2),#28);
#9984=PRESENTATION_STYLE_ASSIGNMENT((#9983));
#9985=STYLED_ITEM('',(#9984),#9982);
#9986=DIRECTION('',(0.E0,1.E0,0.E0));
#9987=VECTOR('',#9986,2.E-1);
#9988=CARTESIAN_POINT('',(1.E-1,0.E0,-2.25E0));
#9989=LINE('',#9988,#9987);
#9990=CURVE_STYLE('',#47,POSITIVE_LENGTH_MEASURE(2.E-2),#28);
#9991=PRESENTATION_STYLE_ASSIGNMENT((#9990));
#9992=STYLED_ITEM('',(#9991),#9989);
#9993=DIRECTION('',(0.E0,1.E0,0.E0));
#9994=VECTOR('',#9993,2.E-1);
#9995=CARTESIAN_POINT('',(1.E-1,0.E0,-1.95E0));
#9996=LINE('',#9995,#9994);
#9997=CURVE_STYLE('',#47,POSITIVE_LENGTH_MEASURE(2.E-2),#28);
#9998=PRESENTATION_STYLE_ASSIGNMENT((#9997));
#9999=STYLED_ITEM('',(#9998),#9996);
#10000=DIRECTION('',(0.E0,1.E0,0.E0));
#10001=VECTOR('',#10000,2.E-1);
#10002=CARTESIAN_POINT('',(-1.E-1,0.E0,-1.95E0));
#10003=LINE('',#10002,#10001);
#10004=CURVE_STYLE('',#47,POSITIVE_LENGTH_MEASURE(2.E-2),#28);
#10005=PRESENTATION_STYLE_ASSIGNMENT((#10004));
#10006=STYLED_ITEM('',(#10005),#10003);
#10007=DIRECTION('',(0.E0,0.E0,1.E0));
#10008=VECTOR('',#10007,3.E-1);
#10009=CARTESIAN_POINT('',(-1.E-1,2.E-1,-2.25E0));
#10010=LINE('',#10009,#10008);
#10011=CURVE_STYLE('',#47,POSITIVE_LENGTH_MEASURE(2.E-2),#28);
#10012=PRESENTATION_STYLE_ASSIGNMENT((#10011));
#10013=STYLED_ITEM('',(#10012),#10010);
#10014=DIRECTION('',(-1.E0,0.E0,0.E0));
#10015=VECTOR('',#10014,2.E-1);
#10016=CARTESIAN_POINT('',(1.E-1,2.E-1,-2.25E0));
#10017=LINE('',#10016,#10015);
#10018=CURVE_STYLE('',#47,POSITIVE_LENGTH_MEASURE(2.E-2),#28);
#10019=PRESENTATION_STYLE_ASSIGNMENT((#10018));
#10020=STYLED_ITEM('',(#10019),#10017);
#10021=DIRECTION('',(0.E0,0.E0,-1.E0));
#10022=VECTOR('',#10021,3.E-1);
#10023=CARTESIAN_POINT('',(1.E-1,2.E-1,-1.95E0));
#10024=LINE('',#10023,#10022);
#10025=CURVE_STYLE('',#47,POSITIVE_LENGTH_MEASURE(2.E-2),#28);
#10026=PRESENTATION_STYLE_ASSIGNMENT((#10025));
#10027=STYLED_ITEM('',(#10026),#10024);
#10028=CARTESIAN_POINT('',(0.E0,2.E-1,-1.95E0));
#10029=DIRECTION('',(0.E0,1.E0,0.E0));
#10030=DIRECTION('',(-1.E0,0.E0,0.E0));
#10031=AXIS2_PLACEMENT_3D('',#10028,#10029,#10030);
#10033=CURVE_STYLE('',#47,POSITIVE_LENGTH_MEASURE(2.E-2),#28);
#10034=PRESENTATION_STYLE_ASSIGNMENT((#10033));
#10035=STYLED_ITEM('',(#10034),#10032);
#10036=CARTESIAN_POINT('',(-1.E-1,0.E0,-2.25E0));
#10037=CARTESIAN_POINT('',(-1.E-1,0.E0,-1.95E0));
#10038=VERTEX_POINT('',#10036);
#10039=VERTEX_POINT('',#10037);
#10040=CARTESIAN_POINT('',(1.E-1,0.E0,-1.95E0));
#10041=VERTEX_POINT('',#10040);
#10042=CARTESIAN_POINT('',(1.E-1,0.E0,-2.25E0));
#10043=VERTEX_POINT('',#10042);
#10044=CARTESIAN_POINT('',(-1.E-1,2.E-1,-2.25E0));
#10045=CARTESIAN_POINT('',(-1.E-1,2.E-1,-1.95E0));
#10046=VERTEX_POINT('',#10044);
#10047=VERTEX_POINT('',#10045);
#10048=CARTESIAN_POINT('',(1.E-1,2.E-1,-1.95E0));
#10049=VERTEX_POINT('',#10048);
#10050=CARTESIAN_POINT('',(1.E-1,2.E-1,-2.25E0));
#10051=VERTEX_POINT('',#10050);
#10052=CARTESIAN_POINT('',(0.E0,0.E0,0.E0));
#10053=DIRECTION('',(0.E0,1.E0,0.E0));
#10054=DIRECTION('',(1.E0,0.E0,0.E0));
#10055=AXIS2_PLACEMENT_3D('',#10052,#10053,#10054);
#10056=PLANE('',#10055);
#10058=ORIENTED_EDGE('',*,*,#10057,.T.);
#10060=ORIENTED_EDGE('',*,*,#10059,.T.);
#10062=ORIENTED_EDGE('',*,*,#10061,.T.);
#10064=ORIENTED_EDGE('',*,*,#10063,.T.);
#10065=EDGE_LOOP('',(#10058,#10060,#10062,#10064));
#10066=FACE_OUTER_BOUND('',#10065,.F.);
#10067=ADVANCED_FACE('',(#10066),#10056,.F.);
#10068=FILL_AREA_STYLE_COLOUR('',#34);
#10069=FILL_AREA_STYLE('',(#10068));
#10070=SURFACE_STYLE_FILL_AREA(#10069);
#10071=SURFACE_SIDE_STYLE('',(#10070));
#10072=SURFACE_STYLE_USAGE(.POSITIVE.,#10071);
#10073=PRESENTATION_STYLE_ASSIGNMENT((#10072));
#10074=OVER_RIDING_STYLED_ITEM('',(#10073),#10067,#9949);
#10075=CARTESIAN_POINT('',(-1.E-1,0.E0,-2.25E0));
#10076=DIRECTION('',(-1.E0,0.E0,0.E0));
#10077=DIRECTION('',(0.E0,0.E0,1.E0));
#10078=AXIS2_PLACEMENT_3D('',#10075,#10076,#10077);
#10079=PLANE('',#10078);
#10080=ORIENTED_EDGE('',*,*,#10057,.F.);
#10082=ORIENTED_EDGE('',*,*,#10081,.T.);
#10084=ORIENTED_EDGE('',*,*,#10083,.T.);
#10086=ORIENTED_EDGE('',*,*,#10085,.F.);
#10087=EDGE_LOOP('',(#10080,#10082,#10084,#10086));
#10088=FACE_OUTER_BOUND('',#10087,.F.);
#10089=ADVANCED_FACE('',(#10088),#10079,.T.);
#10090=CARTESIAN_POINT('',(1.E-1,0.E0,-2.25E0));
#10091=DIRECTION('',(0.E0,0.E0,-1.E0));
#10092=DIRECTION('',(-1.E0,0.E0,0.E0));
#10093=AXIS2_PLACEMENT_3D('',#10090,#10091,#10092);
#10094=PLANE('',#10093);
#10095=ORIENTED_EDGE('',*,*,#10063,.F.);
#10097=ORIENTED_EDGE('',*,*,#10096,.T.);
#10099=ORIENTED_EDGE('',*,*,#10098,.T.);
#10100=ORIENTED_EDGE('',*,*,#10081,.F.);
#10101=EDGE_LOOP('',(#10095,#10097,#10099,#10100));
#10102=FACE_OUTER_BOUND('',#10101,.F.);
#10103=ADVANCED_FACE('',(#10102),#10094,.T.);
#10104=CARTESIAN_POINT('',(1.E-1,0.E0,-1.95E0));
#10105=DIRECTION('',(1.E0,0.E0,0.E0));
#10106=DIRECTION('',(0.E0,0.E0,-1.E0));
#10107=AXIS2_PLACEMENT_3D('',#10104,#10105,#10106);
#10108=PLANE('',#10107);
#10109=ORIENTED_EDGE('',*,*,#10061,.F.);
#10111=ORIENTED_EDGE('',*,*,#10110,.T.);
#10113=ORIENTED_EDGE('',*,*,#10112,.T.);
#10114=ORIENTED_EDGE('',*,*,#10096,.F.);
#10115=EDGE_LOOP('',(#10109,#10111,#10113,#10114));
#10116=FACE_OUTER_BOUND('',#10115,.F.);
#10117=ADVANCED_FACE('',(#10116),#10108,.T.);
#10118=CARTESIAN_POINT('',(0.E0,0.E0,-1.95E0));
#10119=DIRECTION('',(0.E0,1.E0,0.E0));
#10120=DIRECTION('',(1.E0,0.E0,0.E0));
#10121=AXIS2_PLACEMENT_3D('',#10118,#10119,#10120);
#10122=CYLINDRICAL_SURFACE('',#10121,1.E-1);
#10123=ORIENTED_EDGE('',*,*,#10059,.F.);
#10124=ORIENTED_EDGE('',*,*,#10085,.T.);
#10126=ORIENTED_EDGE('',*,*,#10125,.T.);
#10127=ORIENTED_EDGE('',*,*,#10110,.F.);
#10128=EDGE_LOOP('',(#10123,#10124,#10126,#10127));
#10129=FACE_OUTER_BOUND('',#10128,.F.);
#10130=ADVANCED_FACE('',(#10129),#10122,.T.);
#10131=CARTESIAN_POINT('',(0.E0,2.E-1,0.E0));
#10132=DIRECTION('',(0.E0,1.E0,0.E0));
#10133=DIRECTION('',(1.E0,0.E0,0.E0));
#10134=AXIS2_PLACEMENT_3D('',#10131,#10132,#10133);
#10135=PLANE('',#10134);
#10136=ORIENTED_EDGE('',*,*,#10083,.F.);
#10137=ORIENTED_EDGE('',*,*,#10098,.F.);
#10138=ORIENTED_EDGE('',*,*,#10112,.F.);
#10139=ORIENTED_EDGE('',*,*,#10125,.F.);
#10140=EDGE_LOOP('',(#10136,#10137,#10138,#10139));
#10141=FACE_OUTER_BOUND('',#10140,.F.);
#10142=ADVANCED_FACE('',(#10141),#10135,.T.);
#10143=CLOSED_SHELL('',(#10067,#10089,#10103,#10117,#10130,#10142));
#10144=MANIFOLD_SOLID_BREP('',#10143);
#10145=FILL_AREA_STYLE_COLOUR('',#28);
#10146=FILL_AREA_STYLE('',(#10145));
#10147=SURFACE_STYLE_FILL_AREA(#10146);
#10148=SURFACE_SIDE_STYLE('',(#10147));
#10149=SURFACE_STYLE_USAGE(.POSITIVE.,#10148);
#10150=PRESENTATION_STYLE_ASSIGNMENT((#10149));
#9949=STYLED_ITEM('',(#10150),#10144);
#10152=DIRECTION('',(0.E0,0.E0,1.E0));
#10153=VECTOR('',#10152,3.E-1);
#10154=CARTESIAN_POINT('',(3.E-1,0.E0,-2.25E0));
#10155=LINE('',#10154,#10153);
#10156=CURVE_STYLE('',#47,POSITIVE_LENGTH_MEASURE(2.E-2),#28);
#10157=PRESENTATION_STYLE_ASSIGNMENT((#10156));
#10158=STYLED_ITEM('',(#10157),#10155);
#10159=CARTESIAN_POINT('',(4.E-1,0.E0,-1.95E0));
#10160=DIRECTION('',(0.E0,1.E0,0.E0));
#10161=DIRECTION('',(-1.E0,0.E0,0.E0));
#10162=AXIS2_PLACEMENT_3D('',#10159,#10160,#10161);
#10164=CURVE_STYLE('',#47,POSITIVE_LENGTH_MEASURE(2.E-2),#28);
#10165=PRESENTATION_STYLE_ASSIGNMENT((#10164));
#10166=STYLED_ITEM('',(#10165),#10163);
#10167=DIRECTION('',(0.E0,0.E0,-1.E0));
#10168=VECTOR('',#10167,3.E-1);
#10169=CARTESIAN_POINT('',(5.E-1,0.E0,-1.95E0));
#10170=LINE('',#10169,#10168);
#10171=CURVE_STYLE('',#47,POSITIVE_LENGTH_MEASURE(2.E-2),#28);
#10172=PRESENTATION_STYLE_ASSIGNMENT((#10171));
#10173=STYLED_ITEM('',(#10172),#10170);
#10174=DIRECTION('',(-1.E0,0.E0,0.E0));
#10175=VECTOR('',#10174,2.E-1);
#10176=CARTESIAN_POINT('',(5.E-1,0.E0,-2.25E0));
#10177=LINE('',#10176,#10175);
#10178=CURVE_STYLE('',#47,POSITIVE_LENGTH_MEASURE(2.E-2),#28);
#10179=PRESENTATION_STYLE_ASSIGNMENT((#10178));
#10180=STYLED_ITEM('',(#10179),#10177);
#10181=DIRECTION('',(0.E0,1.E0,0.E0));
#10182=VECTOR('',#10181,2.E-1);
#10183=CARTESIAN_POINT('',(3.E-1,0.E0,-2.25E0));
#10184=LINE('',#10183,#10182);
#10185=CURVE_STYLE('',#47,POSITIVE_LENGTH_MEASURE(2.E-2),#28);
#10186=PRESENTATION_STYLE_ASSIGNMENT((#10185));
#10187=STYLED_ITEM('',(#10186),#10184);
#10188=DIRECTION('',(0.E0,1.E0,0.E0));
#10189=VECTOR('',#10188,2.E-1);
#10190=CARTESIAN_POINT('',(5.E-1,0.E0,-2.25E0));
#10191=LINE('',#10190,#10189);
#10192=CURVE_STYLE('',#47,POSITIVE_LENGTH_MEASURE(2.E-2),#28);
#10193=PRESENTATION_STYLE_ASSIGNMENT((#10192));
#10194=STYLED_ITEM('',(#10193),#10191);
#10195=DIRECTION('',(0.E0,1.E0,0.E0));
#10196=VECTOR('',#10195,2.E-1);
#10197=CARTESIAN_POINT('',(5.E-1,0.E0,-1.95E0));
#10198=LINE('',#10197,#10196);
#10199=CURVE_STYLE('',#47,POSITIVE_LENGTH_MEASURE(2.E-2),#28);
#10200=PRESENTATION_STYLE_ASSIGNMENT((#10199));
#10201=STYLED_ITEM('',(#10200),#10198);
#10202=DIRECTION('',(0.E0,1.E0,0.E0));
#10203=VECTOR('',#10202,2.E-1);
#10204=CARTESIAN_POINT('',(3.E-1,0.E0,-1.95E0));
#10205=LINE('',#10204,#10203);
#10206=CURVE_STYLE('',#47,POSITIVE_LENGTH_MEASURE(2.E-2),#28);
#10207=PRESENTATION_STYLE_ASSIGNMENT((#10206));
#10208=STYLED_ITEM('',(#10207),#10205);
#10209=DIRECTION('',(0.E0,0.E0,1.E0));
#10210=VECTOR('',#10209,3.E-1);
#10211=CARTESIAN_POINT('',(3.E-1,2.E-1,-2.25E0));
#10212=LINE('',#10211,#10210);
#10213=CURVE_STYLE('',#47,POSITIVE_LENGTH_MEASURE(2.E-2),#28);
#10214=PRESENTATION_STYLE_ASSIGNMENT((#10213));
#10215=STYLED_ITEM('',(#10214),#10212);
#10216=DIRECTION('',(-1.E0,0.E0,0.E0));
#10217=VECTOR('',#10216,2.E-1);
#10218=CARTESIAN_POINT('',(5.E-1,2.E-1,-2.25E0));
#10219=LINE('',#10218,#10217);
#10220=CURVE_STYLE('',#47,POSITIVE_LENGTH_MEASURE(2.E-2),#28);
#10221=PRESENTATION_STYLE_ASSIGNMENT((#10220));
#10222=STYLED_ITEM('',(#10221),#10219);
#10223=DIRECTION('',(0.E0,0.E0,-1.E0));
#10224=VECTOR('',#10223,3.E-1);
#10225=CARTESIAN_POINT('',(5.E-1,2.E-1,-1.95E0));
#10226=LINE('',#10225,#10224);
#10227=CURVE_STYLE('',#47,POSITIVE_LENGTH_MEASURE(2.E-2),#28);
#10228=PRESENTATION_STYLE_ASSIGNMENT((#10227));
#10229=STYLED_ITEM('',(#10228),#10226);
#10230=CARTESIAN_POINT('',(4.E-1,2.E-1,-1.95E0));
#10231=DIRECTION('',(0.E0,1.E0,0.E0));
#10232=DIRECTION('',(-1.E0,0.E0,0.E0));
#10233=AXIS2_PLACEMENT_3D('',#10230,#10231,#10232);
#10235=CURVE_STYLE('',#47,POSITIVE_LENGTH_MEASURE(2.E-2),#28);
#10236=PRESENTATION_STYLE_ASSIGNMENT((#10235));
#10237=STYLED_ITEM('',(#10236),#10234);
#10238=CARTESIAN_POINT('',(3.E-1,0.E0,-2.25E0));
#10239=CARTESIAN_POINT('',(3.E-1,0.E0,-1.95E0));
#10240=VERTEX_POINT('',#10238);
#10241=VERTEX_POINT('',#10239);
#10242=CARTESIAN_POINT('',(5.E-1,0.E0,-1.95E0));
#10243=VERTEX_POINT('',#10242);
#10244=CARTESIAN_POINT('',(5.E-1,0.E0,-2.25E0));
#10245=VERTEX_POINT('',#10244);
#10246=CARTESIAN_POINT('',(3.E-1,2.E-1,-2.25E0));
#10247=CARTESIAN_POINT('',(3.E-1,2.E-1,-1.95E0));
#10248=VERTEX_POINT('',#10246);
#10249=VERTEX_POINT('',#10247);
#10250=CARTESIAN_POINT('',(5.E-1,2.E-1,-1.95E0));
#10251=VERTEX_POINT('',#10250);
#10252=CARTESIAN_POINT('',(5.E-1,2.E-1,-2.25E0));
#10253=VERTEX_POINT('',#10252);
#10254=CARTESIAN_POINT('',(0.E0,0.E0,0.E0));
#10255=DIRECTION('',(0.E0,1.E0,0.E0));
#10256=DIRECTION('',(1.E0,0.E0,0.E0));
#10257=AXIS2_PLACEMENT_3D('',#10254,#10255,#10256);
#10258=PLANE('',#10257);
#10260=ORIENTED_EDGE('',*,*,#10259,.T.);
#10262=ORIENTED_EDGE('',*,*,#10261,.T.);
#10264=ORIENTED_EDGE('',*,*,#10263,.T.);
#10266=ORIENTED_EDGE('',*,*,#10265,.T.);
#10267=EDGE_LOOP('',(#10260,#10262,#10264,#10266));
#10268=FACE_OUTER_BOUND('',#10267,.F.);
#10269=ADVANCED_FACE('',(#10268),#10258,.F.);
#10270=FILL_AREA_STYLE_COLOUR('',#34);
#10271=FILL_AREA_STYLE('',(#10270));
#10272=SURFACE_STYLE_FILL_AREA(#10271);
#10273=SURFACE_SIDE_STYLE('',(#10272));
#10274=SURFACE_STYLE_USAGE(.POSITIVE.,#10273);
#10275=PRESENTATION_STYLE_ASSIGNMENT((#10274));
#10276=OVER_RIDING_STYLED_ITEM('',(#10275),#10269,#10151);
#10277=CARTESIAN_POINT('',(3.E-1,0.E0,-2.25E0));
#10278=DIRECTION('',(-1.E0,0.E0,0.E0));
#10279=DIRECTION('',(0.E0,0.E0,1.E0));
#10280=AXIS2_PLACEMENT_3D('',#10277,#10278,#10279);
#10281=PLANE('',#10280);
#10282=ORIENTED_EDGE('',*,*,#10259,.F.);
#10284=ORIENTED_EDGE('',*,*,#10283,.T.);
#10286=ORIENTED_EDGE('',*,*,#10285,.T.);
#10288=ORIENTED_EDGE('',*,*,#10287,.F.);
#10289=EDGE_LOOP('',(#10282,#10284,#10286,#10288));
#10290=FACE_OUTER_BOUND('',#10289,.F.);
#10291=ADVANCED_FACE('',(#10290),#10281,.T.);
#10292=CARTESIAN_POINT('',(5.E-1,0.E0,-2.25E0));
#10293=DIRECTION('',(0.E0,0.E0,-1.E0));
#10294=DIRECTION('',(-1.E0,0.E0,0.E0));
#10295=AXIS2_PLACEMENT_3D('',#10292,#10293,#10294);
#10296=PLANE('',#10295);
#10297=ORIENTED_EDGE('',*,*,#10265,.F.);
#10299=ORIENTED_EDGE('',*,*,#10298,.T.);
#10301=ORIENTED_EDGE('',*,*,#10300,.T.);
#10302=ORIENTED_EDGE('',*,*,#10283,.F.);
#10303=EDGE_LOOP('',(#10297,#10299,#10301,#10302));
#10304=FACE_OUTER_BOUND('',#10303,.F.);
#10305=ADVANCED_FACE('',(#10304),#10296,.T.);
#10306=CARTESIAN_POINT('',(5.E-1,0.E0,-1.95E0));
#10307=DIRECTION('',(1.E0,0.E0,0.E0));
#10308=DIRECTION('',(0.E0,0.E0,-1.E0));
#10309=AXIS2_PLACEMENT_3D('',#10306,#10307,#10308);
#10310=PLANE('',#10309);
#10311=ORIENTED_EDGE('',*,*,#10263,.F.);
#10313=ORIENTED_EDGE('',*,*,#10312,.T.);
#10315=ORIENTED_EDGE('',*,*,#10314,.T.);
#10316=ORIENTED_EDGE('',*,*,#10298,.F.);
#10317=EDGE_LOOP('',(#10311,#10313,#10315,#10316));
#10318=FACE_OUTER_BOUND('',#10317,.F.);
#10319=ADVANCED_FACE('',(#10318),#10310,.T.);
#10320=CARTESIAN_POINT('',(4.E-1,0.E0,-1.95E0));
#10321=DIRECTION('',(0.E0,1.E0,0.E0));
#10322=DIRECTION('',(1.E0,0.E0,0.E0));
#10323=AXIS2_PLACEMENT_3D('',#10320,#10321,#10322);
#10324=CYLINDRICAL_SURFACE('',#10323,1.E-1);
#10325=ORIENTED_EDGE('',*,*,#10261,.F.);
#10326=ORIENTED_EDGE('',*,*,#10287,.T.);
#10328=ORIENTED_EDGE('',*,*,#10327,.T.);
#10329=ORIENTED_EDGE('',*,*,#10312,.F.);
#10330=EDGE_LOOP('',(#10325,#10326,#10328,#10329));
#10331=FACE_OUTER_BOUND('',#10330,.F.);
#10332=ADVANCED_FACE('',(#10331),#10324,.T.);
#10333=CARTESIAN_POINT('',(0.E0,2.E-1,0.E0));
#10334=DIRECTION('',(0.E0,1.E0,0.E0));
#10335=DIRECTION('',(1.E0,0.E0,0.E0));
#10336=AXIS2_PLACEMENT_3D('',#10333,#10334,#10335);
#10337=PLANE('',#10336);
#10338=ORIENTED_EDGE('',*,*,#10285,.F.);
#10339=ORIENTED_EDGE('',*,*,#10300,.F.);
#10340=ORIENTED_EDGE('',*,*,#10314,.F.);
#10341=ORIENTED_EDGE('',*,*,#10327,.F.);
#10342=EDGE_LOOP('',(#10338,#10339,#10340,#10341));
#10343=FACE_OUTER_BOUND('',#10342,.F.);
#10344=ADVANCED_FACE('',(#10343),#10337,.T.);
#10345=CLOSED_SHELL('',(#10269,#10291,#10305,#10319,#10332,#10344));
#10346=MANIFOLD_SOLID_BREP('',#10345);
#10347=FILL_AREA_STYLE_COLOUR('',#28);
#10348=FILL_AREA_STYLE('',(#10347));
#10349=SURFACE_STYLE_FILL_AREA(#10348);
#10350=SURFACE_SIDE_STYLE('',(#10349));
#10351=SURFACE_STYLE_USAGE(.POSITIVE.,#10350);
#10352=PRESENTATION_STYLE_ASSIGNMENT((#10351));
#10151=STYLED_ITEM('',(#10352),#10346);
#10354=DIRECTION('',(0.E0,0.E0,1.E0));
#10355=VECTOR('',#10354,3.E-1);
#10356=CARTESIAN_POINT('',(7.E-1,0.E0,-2.25E0));
#10357=LINE('',#10356,#10355);
#10358=CURVE_STYLE('',#47,POSITIVE_LENGTH_MEASURE(2.E-2),#28);
#10359=PRESENTATION_STYLE_ASSIGNMENT((#10358));
#10360=STYLED_ITEM('',(#10359),#10357);
#10361=CARTESIAN_POINT('',(8.E-1,0.E0,-1.95E0));
#10362=DIRECTION('',(0.E0,1.E0,0.E0));
#10363=DIRECTION('',(-1.E0,0.E0,0.E0));
#10364=AXIS2_PLACEMENT_3D('',#10361,#10362,#10363);
#10366=CURVE_STYLE('',#47,POSITIVE_LENGTH_MEASURE(2.E-2),#28);
#10367=PRESENTATION_STYLE_ASSIGNMENT((#10366));
#10368=STYLED_ITEM('',(#10367),#10365);
#10369=DIRECTION('',(0.E0,0.E0,-1.E0));
#10370=VECTOR('',#10369,3.E-1);
#10371=CARTESIAN_POINT('',(9.E-1,0.E0,-1.95E0));
#10372=LINE('',#10371,#10370);
#10373=CURVE_STYLE('',#47,POSITIVE_LENGTH_MEASURE(2.E-2),#28);
#10374=PRESENTATION_STYLE_ASSIGNMENT((#10373));
#10375=STYLED_ITEM('',(#10374),#10372);
#10376=DIRECTION('',(-1.E0,0.E0,0.E0));
#10377=VECTOR('',#10376,2.E-1);
#10378=CARTESIAN_POINT('',(9.E-1,0.E0,-2.25E0));
#10379=LINE('',#10378,#10377);
#10380=CURVE_STYLE('',#47,POSITIVE_LENGTH_MEASURE(2.E-2),#28);
#10381=PRESENTATION_STYLE_ASSIGNMENT((#10380));
#10382=STYLED_ITEM('',(#10381),#10379);
#10383=DIRECTION('',(0.E0,1.E0,0.E0));
#10384=VECTOR('',#10383,2.E-1);
#10385=CARTESIAN_POINT('',(7.E-1,0.E0,-2.25E0));
#10386=LINE('',#10385,#10384);
#10387=CURVE_STYLE('',#47,POSITIVE_LENGTH_MEASURE(2.E-2),#28);
#10388=PRESENTATION_STYLE_ASSIGNMENT((#10387));
#10389=STYLED_ITEM('',(#10388),#10386);
#10390=DIRECTION('',(0.E0,1.E0,0.E0));
#10391=VECTOR('',#10390,2.E-1);
#10392=CARTESIAN_POINT('',(9.E-1,0.E0,-2.25E0));
#10393=LINE('',#10392,#10391);
#10394=CURVE_STYLE('',#47,POSITIVE_LENGTH_MEASURE(2.E-2),#28);
#10395=PRESENTATION_STYLE_ASSIGNMENT((#10394));
#10396=STYLED_ITEM('',(#10395),#10393);
#10397=DIRECTION('',(0.E0,1.E0,0.E0));
#10398=VECTOR('',#10397,2.E-1);
#10399=CARTESIAN_POINT('',(9.E-1,0.E0,-1.95E0));
#10400=LINE('',#10399,#10398);
#10401=CURVE_STYLE('',#47,POSITIVE_LENGTH_MEASURE(2.E-2),#28);
#10402=PRESENTATION_STYLE_ASSIGNMENT((#10401));
#10403=STYLED_ITEM('',(#10402),#10400);
#10404=DIRECTION('',(0.E0,1.E0,0.E0));
#10405=VECTOR('',#10404,2.E-1);
#10406=CARTESIAN_POINT('',(7.E-1,0.E0,-1.95E0));
#10407=LINE('',#10406,#10405);
#10408=CURVE_STYLE('',#47,POSITIVE_LENGTH_MEASURE(2.E-2),#28);
#10409=PRESENTATION_STYLE_ASSIGNMENT((#10408));
#10410=STYLED_ITEM('',(#10409),#10407);
#10411=DIRECTION('',(0.E0,0.E0,1.E0));
#10412=VECTOR('',#10411,3.E-1);
#10413=CARTESIAN_POINT('',(7.E-1,2.E-1,-2.25E0));
#10414=LINE('',#10413,#10412);
#10415=CURVE_STYLE('',#47,POSITIVE_LENGTH_MEASURE(2.E-2),#28);
#10416=PRESENTATION_STYLE_ASSIGNMENT((#10415));
#10417=STYLED_ITEM('',(#10416),#10414);
#10418=DIRECTION('',(-1.E0,0.E0,0.E0));
#10419=VECTOR('',#10418,2.E-1);
#10420=CARTESIAN_POINT('',(9.E-1,2.E-1,-2.25E0));
#10421=LINE('',#10420,#10419);
#10422=CURVE_STYLE('',#47,POSITIVE_LENGTH_MEASURE(2.E-2),#28);
#10423=PRESENTATION_STYLE_ASSIGNMENT((#10422));
#10424=STYLED_ITEM('',(#10423),#10421);
#10425=DIRECTION('',(0.E0,0.E0,-1.E0));
#10426=VECTOR('',#10425,3.E-1);
#10427=CARTESIAN_POINT('',(9.E-1,2.E-1,-1.95E0));
#10428=LINE('',#10427,#10426);
#10429=CURVE_STYLE('',#47,POSITIVE_LENGTH_MEASURE(2.E-2),#28);
#10430=PRESENTATION_STYLE_ASSIGNMENT((#10429));
#10431=STYLED_ITEM('',(#10430),#10428);
#10432=CARTESIAN_POINT('',(8.E-1,2.E-1,-1.95E0));
#10433=DIRECTION('',(0.E0,1.E0,0.E0));
#10434=DIRECTION('',(-1.E0,0.E0,0.E0));
#10435=AXIS2_PLACEMENT_3D('',#10432,#10433,#10434);
#10437=CURVE_STYLE('',#47,POSITIVE_LENGTH_MEASURE(2.E-2),#28);
#10438=PRESENTATION_STYLE_ASSIGNMENT((#10437));
#10439=STYLED_ITEM('',(#10438),#10436);
#10440=CARTESIAN_POINT('',(7.E-1,0.E0,-2.25E0));
#10441=CARTESIAN_POINT('',(7.E-1,0.E0,-1.95E0));
#10442=VERTEX_POINT('',#10440);
#10443=VERTEX_POINT('',#10441);
#10444=CARTESIAN_POINT('',(9.E-1,0.E0,-1.95E0));
#10445=VERTEX_POINT('',#10444);
#10446=CARTESIAN_POINT('',(9.E-1,0.E0,-2.25E0));
#10447=VERTEX_POINT('',#10446);
#10448=CARTESIAN_POINT('',(7.E-1,2.E-1,-2.25E0));
#10449=CARTESIAN_POINT('',(7.E-1,2.E-1,-1.95E0));
#10450=VERTEX_POINT('',#10448);
#10451=VERTEX_POINT('',#10449);
#10452=CARTESIAN_POINT('',(9.E-1,2.E-1,-1.95E0));
#10453=VERTEX_POINT('',#10452);
#10454=CARTESIAN_POINT('',(9.E-1,2.E-1,-2.25E0));
#10455=VERTEX_POINT('',#10454);
#10456=CARTESIAN_POINT('',(0.E0,0.E0,0.E0));
#10457=DIRECTION('',(0.E0,1.E0,0.E0));
#10458=DIRECTION('',(1.E0,0.E0,0.E0));
#10459=AXIS2_PLACEMENT_3D('',#10456,#10457,#10458);
#10460=PLANE('',#10459);
#10462=ORIENTED_EDGE('',*,*,#10461,.T.);
#10464=ORIENTED_EDGE('',*,*,#10463,.T.);
#10466=ORIENTED_EDGE('',*,*,#10465,.T.);
#10468=ORIENTED_EDGE('',*,*,#10467,.T.);
#10469=EDGE_LOOP('',(#10462,#10464,#10466,#10468));
#10470=FACE_OUTER_BOUND('',#10469,.F.);
#10471=ADVANCED_FACE('',(#10470),#10460,.F.);
#10472=FILL_AREA_STYLE_COLOUR('',#34);
#10473=FILL_AREA_STYLE('',(#10472));
#10474=SURFACE_STYLE_FILL_AREA(#10473);
#10475=SURFACE_SIDE_STYLE('',(#10474));
#10476=SURFACE_STYLE_USAGE(.POSITIVE.,#10475);
#10477=PRESENTATION_STYLE_ASSIGNMENT((#10476));
#10478=OVER_RIDING_STYLED_ITEM('',(#10477),#10471,#10353);
#10479=CARTESIAN_POINT('',(7.E-1,0.E0,-2.25E0));
#10480=DIRECTION('',(-1.E0,0.E0,0.E0));
#10481=DIRECTION('',(0.E0,0.E0,1.E0));
#10482=AXIS2_PLACEMENT_3D('',#10479,#10480,#10481);
#10483=PLANE('',#10482);
#10484=ORIENTED_EDGE('',*,*,#10461,.F.);
#10486=ORIENTED_EDGE('',*,*,#10485,.T.);
#10488=ORIENTED_EDGE('',*,*,#10487,.T.);
#10490=ORIENTED_EDGE('',*,*,#10489,.F.);
#10491=EDGE_LOOP('',(#10484,#10486,#10488,#10490));
#10492=FACE_OUTER_BOUND('',#10491,.F.);
#10493=ADVANCED_FACE('',(#10492),#10483,.T.);
#10494=CARTESIAN_POINT('',(9.E-1,0.E0,-2.25E0));
#10495=DIRECTION('',(0.E0,0.E0,-1.E0));
#10496=DIRECTION('',(-1.E0,0.E0,0.E0));
#10497=AXIS2_PLACEMENT_3D('',#10494,#10495,#10496);
#10498=PLANE('',#10497);
#10499=ORIENTED_EDGE('',*,*,#10467,.F.);
#10501=ORIENTED_EDGE('',*,*,#10500,.T.);
#10503=ORIENTED_EDGE('',*,*,#10502,.T.);
#10504=ORIENTED_EDGE('',*,*,#10485,.F.);
#10505=EDGE_LOOP('',(#10499,#10501,#10503,#10504));
#10506=FACE_OUTER_BOUND('',#10505,.F.);
#10507=ADVANCED_FACE('',(#10506),#10498,.T.);
#10508=CARTESIAN_POINT('',(9.E-1,0.E0,-1.95E0));
#10509=DIRECTION('',(1.E0,0.E0,0.E0));
#10510=DIRECTION('',(0.E0,0.E0,-1.E0));
#10511=AXIS2_PLACEMENT_3D('',#10508,#10509,#10510);
#10512=PLANE('',#10511);
#10513=ORIENTED_EDGE('',*,*,#10465,.F.);
#10515=ORIENTED_EDGE('',*,*,#10514,.T.);
#10517=ORIENTED_EDGE('',*,*,#10516,.T.);
#10518=ORIENTED_EDGE('',*,*,#10500,.F.);
#10519=EDGE_LOOP('',(#10513,#10515,#10517,#10518));
#10520=FACE_OUTER_BOUND('',#10519,.F.);
#10521=ADVANCED_FACE('',(#10520),#10512,.T.);
#10522=CARTESIAN_POINT('',(8.E-1,0.E0,-1.95E0));
#10523=DIRECTION('',(0.E0,1.E0,0.E0));
#10524=DIRECTION('',(1.E0,0.E0,0.E0));
#10525=AXIS2_PLACEMENT_3D('',#10522,#10523,#10524);
#10526=CYLINDRICAL_SURFACE('',#10525,1.E-1);
#10527=ORIENTED_EDGE('',*,*,#10463,.F.);
#10528=ORIENTED_EDGE('',*,*,#10489,.T.);
#10530=ORIENTED_EDGE('',*,*,#10529,.T.);
#10531=ORIENTED_EDGE('',*,*,#10514,.F.);
#10532=EDGE_LOOP('',(#10527,#10528,#10530,#10531));
#10533=FACE_OUTER_BOUND('',#10532,.F.);
#10534=ADVANCED_FACE('',(#10533),#10526,.T.);
#10535=CARTESIAN_POINT('',(0.E0,2.E-1,0.E0));
#10536=DIRECTION('',(0.E0,1.E0,0.E0));
#10537=DIRECTION('',(1.E0,0.E0,0.E0));
#10538=AXIS2_PLACEMENT_3D('',#10535,#10536,#10537);
#10539=PLANE('',#10538);
#10540=ORIENTED_EDGE('',*,*,#10487,.F.);
#10541=ORIENTED_EDGE('',*,*,#10502,.F.);
#10542=ORIENTED_EDGE('',*,*,#10516,.F.);
#10543=ORIENTED_EDGE('',*,*,#10529,.F.);
#10544=EDGE_LOOP('',(#10540,#10541,#10542,#10543));
#10545=FACE_OUTER_BOUND('',#10544,.F.);
#10546=ADVANCED_FACE('',(#10545),#10539,.T.);
#10547=CLOSED_SHELL('',(#10471,#10493,#10507,#10521,#10534,#10546));
#10548=MANIFOLD_SOLID_BREP('',#10547);
#10549=FILL_AREA_STYLE_COLOUR('',#28);
#10550=FILL_AREA_STYLE('',(#10549));
#10551=SURFACE_STYLE_FILL_AREA(#10550);
#10552=SURFACE_SIDE_STYLE('',(#10551));
#10553=SURFACE_STYLE_USAGE(.POSITIVE.,#10552);
#10554=PRESENTATION_STYLE_ASSIGNMENT((#10553));
#10353=STYLED_ITEM('',(#10554),#10548);
#10556=DIRECTION('',(0.E0,0.E0,-1.E0));
#10557=VECTOR('',#10556,3.E-1);
#10558=CARTESIAN_POINT('',(-9.E-1,0.E0,2.25E0));
#10559=LINE('',#10558,#10557);
#10560=CURVE_STYLE('',#47,POSITIVE_LENGTH_MEASURE(2.E-2),#28);
#10561=PRESENTATION_STYLE_ASSIGNMENT((#10560));
#10562=STYLED_ITEM('',(#10561),#10559);
#10563=DIRECTION('',(-1.E0,0.E0,0.E0));
#10564=VECTOR('',#10563,2.E-1);
#10565=CARTESIAN_POINT('',(-7.E-1,0.E0,2.25E0));
#10566=LINE('',#10565,#10564);
#10567=CURVE_STYLE('',#47,POSITIVE_LENGTH_MEASURE(2.E-2),#28);
#10568=PRESENTATION_STYLE_ASSIGNMENT((#10567));
#10569=STYLED_ITEM('',(#10568),#10566);
#10570=DIRECTION('',(0.E0,0.E0,1.E0));
#10571=VECTOR('',#10570,3.E-1);
#10572=CARTESIAN_POINT('',(-7.E-1,0.E0,1.95E0));
#10573=LINE('',#10572,#10571);
#10574=CURVE_STYLE('',#47,POSITIVE_LENGTH_MEASURE(2.E-2),#28);
#10575=PRESENTATION_STYLE_ASSIGNMENT((#10574));
#10576=STYLED_ITEM('',(#10575),#10573);
#10577=CARTESIAN_POINT('',(-8.E-1,0.E0,1.95E0));
#10578=DIRECTION('',(0.E0,-1.E0,0.E0));
#10579=DIRECTION('',(-1.E0,0.E0,0.E0));
#10580=AXIS2_PLACEMENT_3D('',#10577,#10578,#10579);
#10582=CURVE_STYLE('',#47,POSITIVE_LENGTH_MEASURE(2.E-2),#28);
#10583=PRESENTATION_STYLE_ASSIGNMENT((#10582));
#10584=STYLED_ITEM('',(#10583),#10581);
#10585=DIRECTION('',(0.E0,1.E0,0.E0));
#10586=VECTOR('',#10585,2.E-1);
#10587=CARTESIAN_POINT('',(-9.E-1,0.E0,2.25E0));
#10588=LINE('',#10587,#10586);
#10589=CURVE_STYLE('',#47,POSITIVE_LENGTH_MEASURE(2.E-2),#28);
#10590=PRESENTATION_STYLE_ASSIGNMENT((#10589));
#10591=STYLED_ITEM('',(#10590),#10588);
#10592=DIRECTION('',(0.E0,1.E0,0.E0));
#10593=VECTOR('',#10592,2.E-1);
#10594=CARTESIAN_POINT('',(-9.E-1,0.E0,1.95E0));
#10595=LINE('',#10594,#10593);
#10596=CURVE_STYLE('',#47,POSITIVE_LENGTH_MEASURE(2.E-2),#28);
#10597=PRESENTATION_STYLE_ASSIGNMENT((#10596));
#10598=STYLED_ITEM('',(#10597),#10595);
#10599=DIRECTION('',(0.E0,1.E0,0.E0));
#10600=VECTOR('',#10599,2.E-1);
#10601=CARTESIAN_POINT('',(-7.E-1,0.E0,1.95E0));
#10602=LINE('',#10601,#10600);
#10603=CURVE_STYLE('',#47,POSITIVE_LENGTH_MEASURE(2.E-2),#28);
#10604=PRESENTATION_STYLE_ASSIGNMENT((#10603));
#10605=STYLED_ITEM('',(#10604),#10602);
#10606=DIRECTION('',(0.E0,1.E0,0.E0));
#10607=VECTOR('',#10606,2.E-1);
#10608=CARTESIAN_POINT('',(-7.E-1,0.E0,2.25E0));
#10609=LINE('',#10608,#10607);
#10610=CURVE_STYLE('',#47,POSITIVE_LENGTH_MEASURE(2.E-2),#28);
#10611=PRESENTATION_STYLE_ASSIGNMENT((#10610));
#10612=STYLED_ITEM('',(#10611),#10609);
#10613=DIRECTION('',(0.E0,0.E0,-1.E0));
#10614=VECTOR('',#10613,3.E-1);
#10615=CARTESIAN_POINT('',(-9.E-1,2.E-1,2.25E0));
#10616=LINE('',#10615,#10614);
#10617=CURVE_STYLE('',#47,POSITIVE_LENGTH_MEASURE(2.E-2),#28);
#10618=PRESENTATION_STYLE_ASSIGNMENT((#10617));
#10619=STYLED_ITEM('',(#10618),#10616);
#10620=CARTESIAN_POINT('',(-8.E-1,2.E-1,1.95E0));
#10621=DIRECTION('',(0.E0,-1.E0,0.E0));
#10622=DIRECTION('',(-1.E0,0.E0,0.E0));
#10623=AXIS2_PLACEMENT_3D('',#10620,#10621,#10622);
#10625=CURVE_STYLE('',#47,POSITIVE_LENGTH_MEASURE(2.E-2),#28);
#10626=PRESENTATION_STYLE_ASSIGNMENT((#10625));
#10627=STYLED_ITEM('',(#10626),#10624);
#10628=DIRECTION('',(0.E0,0.E0,1.E0));
#10629=VECTOR('',#10628,3.E-1);
#10630=CARTESIAN_POINT('',(-7.E-1,2.E-1,1.95E0));
#10631=LINE('',#10630,#10629);
#10632=CURVE_STYLE('',#47,POSITIVE_LENGTH_MEASURE(2.E-2),#28);
#10633=PRESENTATION_STYLE_ASSIGNMENT((#10632));
#10634=STYLED_ITEM('',(#10633),#10631);
#10635=DIRECTION('',(-1.E0,0.E0,0.E0));
#10636=VECTOR('',#10635,2.E-1);
#10637=CARTESIAN_POINT('',(-7.E-1,2.E-1,2.25E0));
#10638=LINE('',#10637,#10636);
#10639=CURVE_STYLE('',#47,POSITIVE_LENGTH_MEASURE(2.E-2),#28);
#10640=PRESENTATION_STYLE_ASSIGNMENT((#10639));
#10641=STYLED_ITEM('',(#10640),#10638);
#10642=CARTESIAN_POINT('',(-9.E-1,0.E0,2.25E0));
#10643=CARTESIAN_POINT('',(-9.E-1,0.E0,1.95E0));
#10644=VERTEX_POINT('',#10642);
#10645=VERTEX_POINT('',#10643);
#10646=CARTESIAN_POINT('',(-7.E-1,0.E0,1.95E0));
#10647=VERTEX_POINT('',#10646);
#10648=CARTESIAN_POINT('',(-7.E-1,0.E0,2.25E0));
#10649=VERTEX_POINT('',#10648);
#10650=CARTESIAN_POINT('',(-9.E-1,2.E-1,2.25E0));
#10651=CARTESIAN_POINT('',(-9.E-1,2.E-1,1.95E0));
#10652=VERTEX_POINT('',#10650);
#10653=VERTEX_POINT('',#10651);
#10654=CARTESIAN_POINT('',(-7.E-1,2.E-1,1.95E0));
#10655=VERTEX_POINT('',#10654);
#10656=CARTESIAN_POINT('',(-7.E-1,2.E-1,2.25E0));
#10657=VERTEX_POINT('',#10656);
#10658=CARTESIAN_POINT('',(0.E0,0.E0,0.E0));
#10659=DIRECTION('',(0.E0,-1.E0,0.E0));
#10660=DIRECTION('',(1.E0,0.E0,0.E0));
#10661=AXIS2_PLACEMENT_3D('',#10658,#10659,#10660);
#10662=PLANE('',#10661);
#10664=ORIENTED_EDGE('',*,*,#10663,.F.);
#10666=ORIENTED_EDGE('',*,*,#10665,.F.);
#10668=ORIENTED_EDGE('',*,*,#10667,.F.);
#10670=ORIENTED_EDGE('',*,*,#10669,.F.);
#10671=EDGE_LOOP('',(#10664,#10666,#10668,#10670));
#10672=FACE_OUTER_BOUND('',#10671,.F.);
#10673=ADVANCED_FACE('',(#10672),#10662,.T.);
#10674=FILL_AREA_STYLE_COLOUR('',#34);
#10675=FILL_AREA_STYLE('',(#10674));
#10676=SURFACE_STYLE_FILL_AREA(#10675);
#10677=SURFACE_SIDE_STYLE('',(#10676));
#10678=SURFACE_STYLE_USAGE(.POSITIVE.,#10677);
#10679=PRESENTATION_STYLE_ASSIGNMENT((#10678));
#10680=OVER_RIDING_STYLED_ITEM('',(#10679),#10673,#10555);
#10681=CARTESIAN_POINT('',(-9.E-1,0.E0,2.25E0));
#10682=DIRECTION('',(1.E0,0.E0,0.E0));
#10683=DIRECTION('',(0.E0,0.E0,-1.E0));
#10684=AXIS2_PLACEMENT_3D('',#10681,#10682,#10683);
#10685=PLANE('',#10684);
#10686=ORIENTED_EDGE('',*,*,#10663,.T.);
#10688=ORIENTED_EDGE('',*,*,#10687,.T.);
#10690=ORIENTED_EDGE('',*,*,#10689,.F.);
#10692=ORIENTED_EDGE('',*,*,#10691,.F.);
#10693=EDGE_LOOP('',(#10686,#10688,#10690,#10692));
#10694=FACE_OUTER_BOUND('',#10693,.F.);
#10695=ADVANCED_FACE('',(#10694),#10685,.F.);
#10696=CARTESIAN_POINT('',(-8.E-1,0.E0,1.95E0));
#10697=DIRECTION('',(0.E0,-1.E0,0.E0));
#10698=DIRECTION('',(1.E0,0.E0,0.E0));
#10699=AXIS2_PLACEMENT_3D('',#10696,#10697,#10698);
#10700=CYLINDRICAL_SURFACE('',#10699,1.E-1);
#10701=ORIENTED_EDGE('',*,*,#10669,.T.);
#10703=ORIENTED_EDGE('',*,*,#10702,.T.);
#10705=ORIENTED_EDGE('',*,*,#10704,.F.);
#10706=ORIENTED_EDGE('',*,*,#10687,.F.);
#10707=EDGE_LOOP('',(#10701,#10703,#10705,#10706));
#10708=FACE_OUTER_BOUND('',#10707,.F.);
#10709=ADVANCED_FACE('',(#10708),#10700,.T.);
#10710=CARTESIAN_POINT('',(-7.E-1,0.E0,1.95E0));
#10711=DIRECTION('',(-1.E0,0.E0,0.E0));
#10712=DIRECTION('',(0.E0,0.E0,1.E0));
#10713=AXIS2_PLACEMENT_3D('',#10710,#10711,#10712);
#10714=PLANE('',#10713);
#10715=ORIENTED_EDGE('',*,*,#10667,.T.);
#10717=ORIENTED_EDGE('',*,*,#10716,.T.);
#10719=ORIENTED_EDGE('',*,*,#10718,.F.);
#10720=ORIENTED_EDGE('',*,*,#10702,.F.);
#10721=EDGE_LOOP('',(#10715,#10717,#10719,#10720));
#10722=FACE_OUTER_BOUND('',#10721,.F.);
#10723=ADVANCED_FACE('',(#10722),#10714,.F.);
#10724=CARTESIAN_POINT('',(-7.E-1,0.E0,2.25E0));
#10725=DIRECTION('',(0.E0,0.E0,-1.E0));
#10726=DIRECTION('',(-1.E0,0.E0,0.E0));
#10727=AXIS2_PLACEMENT_3D('',#10724,#10725,#10726);
#10728=PLANE('',#10727);
#10729=ORIENTED_EDGE('',*,*,#10665,.T.);
#10730=ORIENTED_EDGE('',*,*,#10691,.T.);
#10732=ORIENTED_EDGE('',*,*,#10731,.F.);
#10733=ORIENTED_EDGE('',*,*,#10716,.F.);
#10734=EDGE_LOOP('',(#10729,#10730,#10732,#10733));
#10735=FACE_OUTER_BOUND('',#10734,.F.);
#10736=ADVANCED_FACE('',(#10735),#10728,.F.);
#10737=CARTESIAN_POINT('',(0.E0,2.E-1,0.E0));
#10738=DIRECTION('',(0.E0,-1.E0,0.E0));
#10739=DIRECTION('',(1.E0,0.E0,0.E0));
#10740=AXIS2_PLACEMENT_3D('',#10737,#10738,#10739);
#10741=PLANE('',#10740);
#10742=ORIENTED_EDGE('',*,*,#10689,.T.);
#10743=ORIENTED_EDGE('',*,*,#10704,.T.);
#10744=ORIENTED_EDGE('',*,*,#10718,.T.);
#10745=ORIENTED_EDGE('',*,*,#10731,.T.);
#10746=EDGE_LOOP('',(#10742,#10743,#10744,#10745));
#10747=FACE_OUTER_BOUND('',#10746,.F.);
#10748=ADVANCED_FACE('',(#10747),#10741,.F.);
#10749=CLOSED_SHELL('',(#10673,#10695,#10709,#10723,#10736,#10748));
#10750=MANIFOLD_SOLID_BREP('',#10749);
#10751=FILL_AREA_STYLE_COLOUR('',#28);
#10752=FILL_AREA_STYLE('',(#10751));
#10753=SURFACE_STYLE_FILL_AREA(#10752);
#10754=SURFACE_SIDE_STYLE('',(#10753));
#10755=SURFACE_STYLE_USAGE(.POSITIVE.,#10754);
#10756=PRESENTATION_STYLE_ASSIGNMENT((#10755));
#10555=STYLED_ITEM('',(#10756),#10750);
#10758=DIRECTION('',(0.E0,0.E0,-1.E0));
#10759=VECTOR('',#10758,3.E-1);
#10760=CARTESIAN_POINT('',(-5.E-1,0.E0,2.25E0));
#10761=LINE('',#10760,#10759);
#10762=CURVE_STYLE('',#47,POSITIVE_LENGTH_MEASURE(2.E-2),#28);
#10763=PRESENTATION_STYLE_ASSIGNMENT((#10762));
#10764=STYLED_ITEM('',(#10763),#10761);
#10765=DIRECTION('',(-1.E0,0.E0,0.E0));
#10766=VECTOR('',#10765,2.E-1);
#10767=CARTESIAN_POINT('',(-3.E-1,0.E0,2.25E0));
#10768=LINE('',#10767,#10766);
#10769=CURVE_STYLE('',#47,POSITIVE_LENGTH_MEASURE(2.E-2),#28);
#10770=PRESENTATION_STYLE_ASSIGNMENT((#10769));
#10771=STYLED_ITEM('',(#10770),#10768);
#10772=DIRECTION('',(0.E0,0.E0,1.E0));
#10773=VECTOR('',#10772,3.E-1);
#10774=CARTESIAN_POINT('',(-3.E-1,0.E0,1.95E0));
#10775=LINE('',#10774,#10773);
#10776=CURVE_STYLE('',#47,POSITIVE_LENGTH_MEASURE(2.E-2),#28);
#10777=PRESENTATION_STYLE_ASSIGNMENT((#10776));
#10778=STYLED_ITEM('',(#10777),#10775);
#10779=CARTESIAN_POINT('',(-4.E-1,0.E0,1.95E0));
#10780=DIRECTION('',(0.E0,-1.E0,0.E0));
#10781=DIRECTION('',(-1.E0,0.E0,0.E0));
#10782=AXIS2_PLACEMENT_3D('',#10779,#10780,#10781);
#10784=CURVE_STYLE('',#47,POSITIVE_LENGTH_MEASURE(2.E-2),#28);
#10785=PRESENTATION_STYLE_ASSIGNMENT((#10784));
#10786=STYLED_ITEM('',(#10785),#10783);
#10787=DIRECTION('',(0.E0,1.E0,0.E0));
#10788=VECTOR('',#10787,2.E-1);
#10789=CARTESIAN_POINT('',(-5.E-1,0.E0,2.25E0));
#10790=LINE('',#10789,#10788);
#10791=CURVE_STYLE('',#47,POSITIVE_LENGTH_MEASURE(2.E-2),#28);
#10792=PRESENTATION_STYLE_ASSIGNMENT((#10791));
#10793=STYLED_ITEM('',(#10792),#10790);
#10794=DIRECTION('',(0.E0,1.E0,0.E0));
#10795=VECTOR('',#10794,2.E-1);
#10796=CARTESIAN_POINT('',(-5.E-1,0.E0,1.95E0));
#10797=LINE('',#10796,#10795);
#10798=CURVE_STYLE('',#47,POSITIVE_LENGTH_MEASURE(2.E-2),#28);
#10799=PRESENTATION_STYLE_ASSIGNMENT((#10798));
#10800=STYLED_ITEM('',(#10799),#10797);
#10801=DIRECTION('',(0.E0,1.E0,0.E0));
#10802=VECTOR('',#10801,2.E-1);
#10803=CARTESIAN_POINT('',(-3.E-1,0.E0,1.95E0));
#10804=LINE('',#10803,#10802);
#10805=CURVE_STYLE('',#47,POSITIVE_LENGTH_MEASURE(2.E-2),#28);
#10806=PRESENTATION_STYLE_ASSIGNMENT((#10805));
#10807=STYLED_ITEM('',(#10806),#10804);
#10808=DIRECTION('',(0.E0,1.E0,0.E0));
#10809=VECTOR('',#10808,2.E-1);
#10810=CARTESIAN_POINT('',(-3.E-1,0.E0,2.25E0));
#10811=LINE('',#10810,#10809);
#10812=CURVE_STYLE('',#47,POSITIVE_LENGTH_MEASURE(2.E-2),#28);
#10813=PRESENTATION_STYLE_ASSIGNMENT((#10812));
#10814=STYLED_ITEM('',(#10813),#10811);
#10815=DIRECTION('',(0.E0,0.E0,-1.E0));
#10816=VECTOR('',#10815,3.E-1);
#10817=CARTESIAN_POINT('',(-5.E-1,2.E-1,2.25E0));
#10818=LINE('',#10817,#10816);
#10819=CURVE_STYLE('',#47,POSITIVE_LENGTH_MEASURE(2.E-2),#28);
#10820=PRESENTATION_STYLE_ASSIGNMENT((#10819));
#10821=STYLED_ITEM('',(#10820),#10818);
#10822=CARTESIAN_POINT('',(-4.E-1,2.E-1,1.95E0));
#10823=DIRECTION('',(0.E0,-1.E0,0.E0));
#10824=DIRECTION('',(-1.E0,0.E0,0.E0));
#10825=AXIS2_PLACEMENT_3D('',#10822,#10823,#10824);
#10827=CURVE_STYLE('',#47,POSITIVE_LENGTH_MEASURE(2.E-2),#28);
#10828=PRESENTATION_STYLE_ASSIGNMENT((#10827));
#10829=STYLED_ITEM('',(#10828),#10826);
#10830=DIRECTION('',(0.E0,0.E0,1.E0));
#10831=VECTOR('',#10830,3.E-1);
#10832=CARTESIAN_POINT('',(-3.E-1,2.E-1,1.95E0));
#10833=LINE('',#10832,#10831);
#10834=CURVE_STYLE('',#47,POSITIVE_LENGTH_MEASURE(2.E-2),#28);
#10835=PRESENTATION_STYLE_ASSIGNMENT((#10834));
#10836=STYLED_ITEM('',(#10835),#10833);
#10837=DIRECTION('',(-1.E0,0.E0,0.E0));
#10838=VECTOR('',#10837,2.E-1);
#10839=CARTESIAN_POINT('',(-3.E-1,2.E-1,2.25E0));
#10840=LINE('',#10839,#10838);
#10841=CURVE_STYLE('',#47,POSITIVE_LENGTH_MEASURE(2.E-2),#28);
#10842=PRESENTATION_STYLE_ASSIGNMENT((#10841));
#10843=STYLED_ITEM('',(#10842),#10840);
#10844=CARTESIAN_POINT('',(-5.E-1,0.E0,2.25E0));
#10845=CARTESIAN_POINT('',(-5.E-1,0.E0,1.95E0));
#10846=VERTEX_POINT('',#10844);
#10847=VERTEX_POINT('',#10845);
#10848=CARTESIAN_POINT('',(-3.E-1,0.E0,1.95E0));
#10849=VERTEX_POINT('',#10848);
#10850=CARTESIAN_POINT('',(-3.E-1,0.E0,2.25E0));
#10851=VERTEX_POINT('',#10850);
#10852=CARTESIAN_POINT('',(-5.E-1,2.E-1,2.25E0));
#10853=CARTESIAN_POINT('',(-5.E-1,2.E-1,1.95E0));
#10854=VERTEX_POINT('',#10852);
#10855=VERTEX_POINT('',#10853);
#10856=CARTESIAN_POINT('',(-3.E-1,2.E-1,1.95E0));
#10857=VERTEX_POINT('',#10856);
#10858=CARTESIAN_POINT('',(-3.E-1,2.E-1,2.25E0));
#10859=VERTEX_POINT('',#10858);
#10860=CARTESIAN_POINT('',(0.E0,0.E0,0.E0));
#10861=DIRECTION('',(0.E0,-1.E0,0.E0));
#10862=DIRECTION('',(1.E0,0.E0,0.E0));
#10863=AXIS2_PLACEMENT_3D('',#10860,#10861,#10862);
#10864=PLANE('',#10863);
#10866=ORIENTED_EDGE('',*,*,#10865,.F.);
#10868=ORIENTED_EDGE('',*,*,#10867,.F.);
#10870=ORIENTED_EDGE('',*,*,#10869,.F.);
#10872=ORIENTED_EDGE('',*,*,#10871,.F.);
#10873=EDGE_LOOP('',(#10866,#10868,#10870,#10872));
#10874=FACE_OUTER_BOUND('',#10873,.F.);
#10875=ADVANCED_FACE('',(#10874),#10864,.T.);
#10876=FILL_AREA_STYLE_COLOUR('',#34);
#10877=FILL_AREA_STYLE('',(#10876));
#10878=SURFACE_STYLE_FILL_AREA(#10877);
#10879=SURFACE_SIDE_STYLE('',(#10878));
#10880=SURFACE_STYLE_USAGE(.POSITIVE.,#10879);
#10881=PRESENTATION_STYLE_ASSIGNMENT((#10880));
#10882=OVER_RIDING_STYLED_ITEM('',(#10881),#10875,#10757);
#10883=CARTESIAN_POINT('',(-5.E-1,0.E0,2.25E0));
#10884=DIRECTION('',(1.E0,0.E0,0.E0));
#10885=DIRECTION('',(0.E0,0.E0,-1.E0));
#10886=AXIS2_PLACEMENT_3D('',#10883,#10884,#10885);
#10887=PLANE('',#10886);
#10888=ORIENTED_EDGE('',*,*,#10865,.T.);
#10890=ORIENTED_EDGE('',*,*,#10889,.T.);
#10892=ORIENTED_EDGE('',*,*,#10891,.F.);
#10894=ORIENTED_EDGE('',*,*,#10893,.F.);
#10895=EDGE_LOOP('',(#10888,#10890,#10892,#10894));
#10896=FACE_OUTER_BOUND('',#10895,.F.);
#10897=ADVANCED_FACE('',(#10896),#10887,.F.);
#10898=CARTESIAN_POINT('',(-4.E-1,0.E0,1.95E0));
#10899=DIRECTION('',(0.E0,-1.E0,0.E0));
#10900=DIRECTION('',(1.E0,0.E0,0.E0));
#10901=AXIS2_PLACEMENT_3D('',#10898,#10899,#10900);
#10902=CYLINDRICAL_SURFACE('',#10901,1.E-1);
#10903=ORIENTED_EDGE('',*,*,#10871,.T.);
#10905=ORIENTED_EDGE('',*,*,#10904,.T.);
#10907=ORIENTED_EDGE('',*,*,#10906,.F.);
#10908=ORIENTED_EDGE('',*,*,#10889,.F.);
#10909=EDGE_LOOP('',(#10903,#10905,#10907,#10908));
#10910=FACE_OUTER_BOUND('',#10909,.F.);
#10911=ADVANCED_FACE('',(#10910),#10902,.T.);
#10912=CARTESIAN_POINT('',(-3.E-1,0.E0,1.95E0));
#10913=DIRECTION('',(-1.E0,0.E0,0.E0));
#10914=DIRECTION('',(0.E0,0.E0,1.E0));
#10915=AXIS2_PLACEMENT_3D('',#10912,#10913,#10914);
#10916=PLANE('',#10915);
#10917=ORIENTED_EDGE('',*,*,#10869,.T.);
#10919=ORIENTED_EDGE('',*,*,#10918,.T.);
#10921=ORIENTED_EDGE('',*,*,#10920,.F.);
#10922=ORIENTED_EDGE('',*,*,#10904,.F.);
#10923=EDGE_LOOP('',(#10917,#10919,#10921,#10922));
#10924=FACE_OUTER_BOUND('',#10923,.F.);
#10925=ADVANCED_FACE('',(#10924),#10916,.F.);
#10926=CARTESIAN_POINT('',(-3.E-1,0.E0,2.25E0));
#10927=DIRECTION('',(0.E0,0.E0,-1.E0));
#10928=DIRECTION('',(-1.E0,0.E0,0.E0));
#10929=AXIS2_PLACEMENT_3D('',#10926,#10927,#10928);
#10930=PLANE('',#10929);
#10931=ORIENTED_EDGE('',*,*,#10867,.T.);
#10932=ORIENTED_EDGE('',*,*,#10893,.T.);
#10934=ORIENTED_EDGE('',*,*,#10933,.F.);
#10935=ORIENTED_EDGE('',*,*,#10918,.F.);
#10936=EDGE_LOOP('',(#10931,#10932,#10934,#10935));
#10937=FACE_OUTER_BOUND('',#10936,.F.);
#10938=ADVANCED_FACE('',(#10937),#10930,.F.);
#10939=CARTESIAN_POINT('',(0.E0,2.E-1,0.E0));
#10940=DIRECTION('',(0.E0,-1.E0,0.E0));
#10941=DIRECTION('',(1.E0,0.E0,0.E0));
#10942=AXIS2_PLACEMENT_3D('',#10939,#10940,#10941);
#10943=PLANE('',#10942);
#10944=ORIENTED_EDGE('',*,*,#10891,.T.);
#10945=ORIENTED_EDGE('',*,*,#10906,.T.);
#10946=ORIENTED_EDGE('',*,*,#10920,.T.);
#10947=ORIENTED_EDGE('',*,*,#10933,.T.);
#10948=EDGE_LOOP('',(#10944,#10945,#10946,#10947));
#10949=FACE_OUTER_BOUND('',#10948,.F.);
#10950=ADVANCED_FACE('',(#10949),#10943,.F.);
#10951=CLOSED_SHELL('',(#10875,#10897,#10911,#10925,#10938,#10950));
#10952=MANIFOLD_SOLID_BREP('',#10951);
#10953=FILL_AREA_STYLE_COLOUR('',#28);
#10954=FILL_AREA_STYLE('',(#10953));
#10955=SURFACE_STYLE_FILL_AREA(#10954);
#10956=SURFACE_SIDE_STYLE('',(#10955));
#10957=SURFACE_STYLE_USAGE(.POSITIVE.,#10956);
#10958=PRESENTATION_STYLE_ASSIGNMENT((#10957));
#10757=STYLED_ITEM('',(#10958),#10952);
#10960=DIRECTION('',(0.E0,0.E0,-1.E0));
#10961=VECTOR('',#10960,3.E-1);
#10962=CARTESIAN_POINT('',(-1.E-1,0.E0,2.25E0));
#10963=LINE('',#10962,#10961);
#10964=CURVE_STYLE('',#47,POSITIVE_LENGTH_MEASURE(2.E-2),#28);
#10965=PRESENTATION_STYLE_ASSIGNMENT((#10964));
#10966=STYLED_ITEM('',(#10965),#10963);
#10967=DIRECTION('',(-1.E0,0.E0,0.E0));
#10968=VECTOR('',#10967,2.E-1);
#10969=CARTESIAN_POINT('',(1.E-1,0.E0,2.25E0));
#10970=LINE('',#10969,#10968);
#10971=CURVE_STYLE('',#47,POSITIVE_LENGTH_MEASURE(2.E-2),#28);
#10972=PRESENTATION_STYLE_ASSIGNMENT((#10971));
#10973=STYLED_ITEM('',(#10972),#10970);
#10974=DIRECTION('',(0.E0,0.E0,1.E0));
#10975=VECTOR('',#10974,3.E-1);
#10976=CARTESIAN_POINT('',(1.E-1,0.E0,1.95E0));
#10977=LINE('',#10976,#10975);
#10978=CURVE_STYLE('',#47,POSITIVE_LENGTH_MEASURE(2.E-2),#28);
#10979=PRESENTATION_STYLE_ASSIGNMENT((#10978));
#10980=STYLED_ITEM('',(#10979),#10977);
#10981=CARTESIAN_POINT('',(0.E0,0.E0,1.95E0));
#10982=DIRECTION('',(0.E0,-1.E0,0.E0));
#10983=DIRECTION('',(-1.E0,0.E0,0.E0));
#10984=AXIS2_PLACEMENT_3D('',#10981,#10982,#10983);
#10986=CURVE_STYLE('',#47,POSITIVE_LENGTH_MEASURE(2.E-2),#28);
#10987=PRESENTATION_STYLE_ASSIGNMENT((#10986));
#10988=STYLED_ITEM('',(#10987),#10985);
#10989=DIRECTION('',(0.E0,1.E0,0.E0));
#10990=VECTOR('',#10989,2.E-1);
#10991=CARTESIAN_POINT('',(-1.E-1,0.E0,2.25E0));
#10992=LINE('',#10991,#10990);
#10993=CURVE_STYLE('',#47,POSITIVE_LENGTH_MEASURE(2.E-2),#28);
#10994=PRESENTATION_STYLE_ASSIGNMENT((#10993));
#10995=STYLED_ITEM('',(#10994),#10992);
#10996=DIRECTION('',(0.E0,1.E0,0.E0));
#10997=VECTOR('',#10996,2.E-1);
#10998=CARTESIAN_POINT('',(-1.E-1,0.E0,1.95E0));
#10999=LINE('',#10998,#10997);
#11000=CURVE_STYLE('',#47,POSITIVE_LENGTH_MEASURE(2.E-2),#28);
#11001=PRESENTATION_STYLE_ASSIGNMENT((#11000));
#11002=STYLED_ITEM('',(#11001),#10999);
#11003=DIRECTION('',(0.E0,1.E0,0.E0));
#11004=VECTOR('',#11003,2.E-1);
#11005=CARTESIAN_POINT('',(1.E-1,0.E0,1.95E0));
#11006=LINE('',#11005,#11004);
#11007=CURVE_STYLE('',#47,POSITIVE_LENGTH_MEASURE(2.E-2),#28);
#11008=PRESENTATION_STYLE_ASSIGNMENT((#11007));
#11009=STYLED_ITEM('',(#11008),#11006);
#11010=DIRECTION('',(0.E0,1.E0,0.E0));
#11011=VECTOR('',#11010,2.E-1);
#11012=CARTESIAN_POINT('',(1.E-1,0.E0,2.25E0));
#11013=LINE('',#11012,#11011);
#11014=CURVE_STYLE('',#47,POSITIVE_LENGTH_MEASURE(2.E-2),#28);
#11015=PRESENTATION_STYLE_ASSIGNMENT((#11014));
#11016=STYLED_ITEM('',(#11015),#11013);
#11017=DIRECTION('',(0.E0,0.E0,-1.E0));
#11018=VECTOR('',#11017,3.E-1);
#11019=CARTESIAN_POINT('',(-1.E-1,2.E-1,2.25E0));
#11020=LINE('',#11019,#11018);
#11021=CURVE_STYLE('',#47,POSITIVE_LENGTH_MEASURE(2.E-2),#28);
#11022=PRESENTATION_STYLE_ASSIGNMENT((#11021));
#11023=STYLED_ITEM('',(#11022),#11020);
#11024=CARTESIAN_POINT('',(0.E0,2.E-1,1.95E0));
#11025=DIRECTION('',(0.E0,-1.E0,0.E0));
#11026=DIRECTION('',(-1.E0,0.E0,0.E0));
#11027=AXIS2_PLACEMENT_3D('',#11024,#11025,#11026);
#11029=CURVE_STYLE('',#47,POSITIVE_LENGTH_MEASURE(2.E-2),#28);
#11030=PRESENTATION_STYLE_ASSIGNMENT((#11029));
#11031=STYLED_ITEM('',(#11030),#11028);
#11032=DIRECTION('',(0.E0,0.E0,1.E0));
#11033=VECTOR('',#11032,3.E-1);
#11034=CARTESIAN_POINT('',(1.E-1,2.E-1,1.95E0));
#11035=LINE('',#11034,#11033);
#11036=CURVE_STYLE('',#47,POSITIVE_LENGTH_MEASURE(2.E-2),#28);
#11037=PRESENTATION_STYLE_ASSIGNMENT((#11036));
#11038=STYLED_ITEM('',(#11037),#11035);
#11039=DIRECTION('',(-1.E0,0.E0,0.E0));
#11040=VECTOR('',#11039,2.E-1);
#11041=CARTESIAN_POINT('',(1.E-1,2.E-1,2.25E0));
#11042=LINE('',#11041,#11040);
#11043=CURVE_STYLE('',#47,POSITIVE_LENGTH_MEASURE(2.E-2),#28);
#11044=PRESENTATION_STYLE_ASSIGNMENT((#11043));
#11045=STYLED_ITEM('',(#11044),#11042);
#11046=CARTESIAN_POINT('',(-1.E-1,0.E0,2.25E0));
#11047=CARTESIAN_POINT('',(-1.E-1,0.E0,1.95E0));
#11048=VERTEX_POINT('',#11046);
#11049=VERTEX_POINT('',#11047);
#11050=CARTESIAN_POINT('',(1.E-1,0.E0,1.95E0));
#11051=VERTEX_POINT('',#11050);
#11052=CARTESIAN_POINT('',(1.E-1,0.E0,2.25E0));
#11053=VERTEX_POINT('',#11052);
#11054=CARTESIAN_POINT('',(-1.E-1,2.E-1,2.25E0));
#11055=CARTESIAN_POINT('',(-1.E-1,2.E-1,1.95E0));
#11056=VERTEX_POINT('',#11054);
#11057=VERTEX_POINT('',#11055);
#11058=CARTESIAN_POINT('',(1.E-1,2.E-1,1.95E0));
#11059=VERTEX_POINT('',#11058);
#11060=CARTESIAN_POINT('',(1.E-1,2.E-1,2.25E0));
#11061=VERTEX_POINT('',#11060);
#11062=CARTESIAN_POINT('',(0.E0,0.E0,0.E0));
#11063=DIRECTION('',(0.E0,-1.E0,0.E0));
#11064=DIRECTION('',(1.E0,0.E0,0.E0));
#11065=AXIS2_PLACEMENT_3D('',#11062,#11063,#11064);
#11066=PLANE('',#11065);
#11068=ORIENTED_EDGE('',*,*,#11067,.F.);
#11070=ORIENTED_EDGE('',*,*,#11069,.F.);
#11072=ORIENTED_EDGE('',*,*,#11071,.F.);
#11074=ORIENTED_EDGE('',*,*,#11073,.F.);
#11075=EDGE_LOOP('',(#11068,#11070,#11072,#11074));
#11076=FACE_OUTER_BOUND('',#11075,.F.);
#11077=ADVANCED_FACE('',(#11076),#11066,.T.);
#11078=FILL_AREA_STYLE_COLOUR('',#34);
#11079=FILL_AREA_STYLE('',(#11078));
#11080=SURFACE_STYLE_FILL_AREA(#11079);
#11081=SURFACE_SIDE_STYLE('',(#11080));
#11082=SURFACE_STYLE_USAGE(.POSITIVE.,#11081);
#11083=PRESENTATION_STYLE_ASSIGNMENT((#11082));
#11084=OVER_RIDING_STYLED_ITEM('',(#11083),#11077,#10959);
#11085=CARTESIAN_POINT('',(-1.E-1,0.E0,2.25E0));
#11086=DIRECTION('',(1.E0,0.E0,0.E0));
#11087=DIRECTION('',(0.E0,0.E0,-1.E0));
#11088=AXIS2_PLACEMENT_3D('',#11085,#11086,#11087);
#11089=PLANE('',#11088);
#11090=ORIENTED_EDGE('',*,*,#11067,.T.);
#11092=ORIENTED_EDGE('',*,*,#11091,.T.);
#11094=ORIENTED_EDGE('',*,*,#11093,.F.);
#11096=ORIENTED_EDGE('',*,*,#11095,.F.);
#11097=EDGE_LOOP('',(#11090,#11092,#11094,#11096));
#11098=FACE_OUTER_BOUND('',#11097,.F.);
#11099=ADVANCED_FACE('',(#11098),#11089,.F.);
#11100=CARTESIAN_POINT('',(0.E0,0.E0,1.95E0));
#11101=DIRECTION('',(0.E0,-1.E0,0.E0));
#11102=DIRECTION('',(1.E0,0.E0,0.E0));
#11103=AXIS2_PLACEMENT_3D('',#11100,#11101,#11102);
#11104=CYLINDRICAL_SURFACE('',#11103,1.E-1);
#11105=ORIENTED_EDGE('',*,*,#11073,.T.);
#11107=ORIENTED_EDGE('',*,*,#11106,.T.);
#11109=ORIENTED_EDGE('',*,*,#11108,.F.);
#11110=ORIENTED_EDGE('',*,*,#11091,.F.);
#11111=EDGE_LOOP('',(#11105,#11107,#11109,#11110));
#11112=FACE_OUTER_BOUND('',#11111,.F.);
#11113=ADVANCED_FACE('',(#11112),#11104,.T.);
#11114=CARTESIAN_POINT('',(1.E-1,0.E0,1.95E0));
#11115=DIRECTION('',(-1.E0,0.E0,0.E0));
#11116=DIRECTION('',(0.E0,0.E0,1.E0));
#11117=AXIS2_PLACEMENT_3D('',#11114,#11115,#11116);
#11118=PLANE('',#11117);
#11119=ORIENTED_EDGE('',*,*,#11071,.T.);
#11121=ORIENTED_EDGE('',*,*,#11120,.T.);
#11123=ORIENTED_EDGE('',*,*,#11122,.F.);
#11124=ORIENTED_EDGE('',*,*,#11106,.F.);
#11125=EDGE_LOOP('',(#11119,#11121,#11123,#11124));
#11126=FACE_OUTER_BOUND('',#11125,.F.);
#11127=ADVANCED_FACE('',(#11126),#11118,.F.);
#11128=CARTESIAN_POINT('',(1.E-1,0.E0,2.25E0));
#11129=DIRECTION('',(0.E0,0.E0,-1.E0));
#11130=DIRECTION('',(-1.E0,0.E0,0.E0));
#11131=AXIS2_PLACEMENT_3D('',#11128,#11129,#11130);
#11132=PLANE('',#11131);
#11133=ORIENTED_EDGE('',*,*,#11069,.T.);
#11134=ORIENTED_EDGE('',*,*,#11095,.T.);
#11136=ORIENTED_EDGE('',*,*,#11135,.F.);
#11137=ORIENTED_EDGE('',*,*,#11120,.F.);
#11138=EDGE_LOOP('',(#11133,#11134,#11136,#11137));
#11139=FACE_OUTER_BOUND('',#11138,.F.);
#11140=ADVANCED_FACE('',(#11139),#11132,.F.);
#11141=CARTESIAN_POINT('',(0.E0,2.E-1,0.E0));
#11142=DIRECTION('',(0.E0,-1.E0,0.E0));
#11143=DIRECTION('',(1.E0,0.E0,0.E0));
#11144=AXIS2_PLACEMENT_3D('',#11141,#11142,#11143);
#11145=PLANE('',#11144);
#11146=ORIENTED_EDGE('',*,*,#11093,.T.);
#11147=ORIENTED_EDGE('',*,*,#11108,.T.);
#11148=ORIENTED_EDGE('',*,*,#11122,.T.);
#11149=ORIENTED_EDGE('',*,*,#11135,.T.);
#11150=EDGE_LOOP('',(#11146,#11147,#11148,#11149));
#11151=FACE_OUTER_BOUND('',#11150,.F.);
#11152=ADVANCED_FACE('',(#11151),#11145,.F.);
#11153=CLOSED_SHELL('',(#11077,#11099,#11113,#11127,#11140,#11152));
#11154=MANIFOLD_SOLID_BREP('',#11153);
#11155=FILL_AREA_STYLE_COLOUR('',#28);
#11156=FILL_AREA_STYLE('',(#11155));
#11157=SURFACE_STYLE_FILL_AREA(#11156);
#11158=SURFACE_SIDE_STYLE('',(#11157));
#11159=SURFACE_STYLE_USAGE(.POSITIVE.,#11158);
#11160=PRESENTATION_STYLE_ASSIGNMENT((#11159));
#10959=STYLED_ITEM('',(#11160),#11154);
#11162=DIRECTION('',(0.E0,0.E0,-1.E0));
#11163=VECTOR('',#11162,3.E-1);
#11164=CARTESIAN_POINT('',(3.E-1,0.E0,2.25E0));
#11165=LINE('',#11164,#11163);
#11166=CURVE_STYLE('',#47,POSITIVE_LENGTH_MEASURE(2.E-2),#28);
#11167=PRESENTATION_STYLE_ASSIGNMENT((#11166));
#11168=STYLED_ITEM('',(#11167),#11165);
#11169=DIRECTION('',(-1.E0,0.E0,0.E0));
#11170=VECTOR('',#11169,2.E-1);
#11171=CARTESIAN_POINT('',(5.E-1,0.E0,2.25E0));
#11172=LINE('',#11171,#11170);
#11173=CURVE_STYLE('',#47,POSITIVE_LENGTH_MEASURE(2.E-2),#28);
#11174=PRESENTATION_STYLE_ASSIGNMENT((#11173));
#11175=STYLED_ITEM('',(#11174),#11172);
#11176=DIRECTION('',(0.E0,0.E0,1.E0));
#11177=VECTOR('',#11176,3.E-1);
#11178=CARTESIAN_POINT('',(5.E-1,0.E0,1.95E0));
#11179=LINE('',#11178,#11177);
#11180=CURVE_STYLE('',#47,POSITIVE_LENGTH_MEASURE(2.E-2),#28);
#11181=PRESENTATION_STYLE_ASSIGNMENT((#11180));
#11182=STYLED_ITEM('',(#11181),#11179);
#11183=CARTESIAN_POINT('',(4.E-1,0.E0,1.95E0));
#11184=DIRECTION('',(0.E0,-1.E0,0.E0));
#11185=DIRECTION('',(-1.E0,0.E0,0.E0));
#11186=AXIS2_PLACEMENT_3D('',#11183,#11184,#11185);
#11188=CURVE_STYLE('',#47,POSITIVE_LENGTH_MEASURE(2.E-2),#28);
#11189=PRESENTATION_STYLE_ASSIGNMENT((#11188));
#11190=STYLED_ITEM('',(#11189),#11187);
#11191=DIRECTION('',(0.E0,1.E0,0.E0));
#11192=VECTOR('',#11191,2.E-1);
#11193=CARTESIAN_POINT('',(3.E-1,0.E0,2.25E0));
#11194=LINE('',#11193,#11192);
#11195=CURVE_STYLE('',#47,POSITIVE_LENGTH_MEASURE(2.E-2),#28);
#11196=PRESENTATION_STYLE_ASSIGNMENT((#11195));
#11197=STYLED_ITEM('',(#11196),#11194);
#11198=DIRECTION('',(0.E0,1.E0,0.E0));
#11199=VECTOR('',#11198,2.E-1);
#11200=CARTESIAN_POINT('',(3.E-1,0.E0,1.95E0));
#11201=LINE('',#11200,#11199);
#11202=CURVE_STYLE('',#47,POSITIVE_LENGTH_MEASURE(2.E-2),#28);
#11203=PRESENTATION_STYLE_ASSIGNMENT((#11202));
#11204=STYLED_ITEM('',(#11203),#11201);
#11205=DIRECTION('',(0.E0,1.E0,0.E0));
#11206=VECTOR('',#11205,2.E-1);
#11207=CARTESIAN_POINT('',(5.E-1,0.E0,1.95E0));
#11208=LINE('',#11207,#11206);
#11209=CURVE_STYLE('',#47,POSITIVE_LENGTH_MEASURE(2.E-2),#28);
#11210=PRESENTATION_STYLE_ASSIGNMENT((#11209));
#11211=STYLED_ITEM('',(#11210),#11208);
#11212=DIRECTION('',(0.E0,1.E0,0.E0));
#11213=VECTOR('',#11212,2.E-1);
#11214=CARTESIAN_POINT('',(5.E-1,0.E0,2.25E0));
#11215=LINE('',#11214,#11213);
#11216=CURVE_STYLE('',#47,POSITIVE_LENGTH_MEASURE(2.E-2),#28);
#11217=PRESENTATION_STYLE_ASSIGNMENT((#11216));
#11218=STYLED_ITEM('',(#11217),#11215);
#11219=DIRECTION('',(0.E0,0.E0,-1.E0));
#11220=VECTOR('',#11219,3.E-1);
#11221=CARTESIAN_POINT('',(3.E-1,2.E-1,2.25E0));
#11222=LINE('',#11221,#11220);
#11223=CURVE_STYLE('',#47,POSITIVE_LENGTH_MEASURE(2.E-2),#28);
#11224=PRESENTATION_STYLE_ASSIGNMENT((#11223));
#11225=STYLED_ITEM('',(#11224),#11222);
#11226=CARTESIAN_POINT('',(4.E-1,2.E-1,1.95E0));
#11227=DIRECTION('',(0.E0,-1.E0,0.E0));
#11228=DIRECTION('',(-1.E0,0.E0,0.E0));
#11229=AXIS2_PLACEMENT_3D('',#11226,#11227,#11228);
#11231=CURVE_STYLE('',#47,POSITIVE_LENGTH_MEASURE(2.E-2),#28);
#11232=PRESENTATION_STYLE_ASSIGNMENT((#11231));
#11233=STYLED_ITEM('',(#11232),#11230);
#11234=DIRECTION('',(0.E0,0.E0,1.E0));
#11235=VECTOR('',#11234,3.E-1);
#11236=CARTESIAN_POINT('',(5.E-1,2.E-1,1.95E0));
#11237=LINE('',#11236,#11235);
#11238=CURVE_STYLE('',#47,POSITIVE_LENGTH_MEASURE(2.E-2),#28);
#11239=PRESENTATION_STYLE_ASSIGNMENT((#11238));
#11240=STYLED_ITEM('',(#11239),#11237);
#11241=DIRECTION('',(-1.E0,0.E0,0.E0));
#11242=VECTOR('',#11241,2.E-1);
#11243=CARTESIAN_POINT('',(5.E-1,2.E-1,2.25E0));
#11244=LINE('',#11243,#11242);
#11245=CURVE_STYLE('',#47,POSITIVE_LENGTH_MEASURE(2.E-2),#28);
#11246=PRESENTATION_STYLE_ASSIGNMENT((#11245));
#11247=STYLED_ITEM('',(#11246),#11244);
#11248=CARTESIAN_POINT('',(3.E-1,0.E0,2.25E0));
#11249=CARTESIAN_POINT('',(3.E-1,0.E0,1.95E0));
#11250=VERTEX_POINT('',#11248);
#11251=VERTEX_POINT('',#11249);
#11252=CARTESIAN_POINT('',(5.E-1,0.E0,1.95E0));
#11253=VERTEX_POINT('',#11252);
#11254=CARTESIAN_POINT('',(5.E-1,0.E0,2.25E0));
#11255=VERTEX_POINT('',#11254);
#11256=CARTESIAN_POINT('',(3.E-1,2.E-1,2.25E0));
#11257=CARTESIAN_POINT('',(3.E-1,2.E-1,1.95E0));
#11258=VERTEX_POINT('',#11256);
#11259=VERTEX_POINT('',#11257);
#11260=CARTESIAN_POINT('',(5.E-1,2.E-1,1.95E0));
#11261=VERTEX_POINT('',#11260);
#11262=CARTESIAN_POINT('',(5.E-1,2.E-1,2.25E0));
#11263=VERTEX_POINT('',#11262);
#11264=CARTESIAN_POINT('',(0.E0,0.E0,0.E0));
#11265=DIRECTION('',(0.E0,-1.E0,0.E0));
#11266=DIRECTION('',(1.E0,0.E0,0.E0));
#11267=AXIS2_PLACEMENT_3D('',#11264,#11265,#11266);
#11268=PLANE('',#11267);
#11270=ORIENTED_EDGE('',*,*,#11269,.F.);
#11272=ORIENTED_EDGE('',*,*,#11271,.F.);
#11274=ORIENTED_EDGE('',*,*,#11273,.F.);
#11276=ORIENTED_EDGE('',*,*,#11275,.F.);
#11277=EDGE_LOOP('',(#11270,#11272,#11274,#11276));
#11278=FACE_OUTER_BOUND('',#11277,.F.);
#11279=ADVANCED_FACE('',(#11278),#11268,.T.);
#11280=FILL_AREA_STYLE_COLOUR('',#34);
#11281=FILL_AREA_STYLE('',(#11280));
#11282=SURFACE_STYLE_FILL_AREA(#11281);
#11283=SURFACE_SIDE_STYLE('',(#11282));
#11284=SURFACE_STYLE_USAGE(.POSITIVE.,#11283);
#11285=PRESENTATION_STYLE_ASSIGNMENT((#11284));
#11286=OVER_RIDING_STYLED_ITEM('',(#11285),#11279,#11161);
#11287=CARTESIAN_POINT('',(3.E-1,0.E0,2.25E0));
#11288=DIRECTION('',(1.E0,0.E0,0.E0));
#11289=DIRECTION('',(0.E0,0.E0,-1.E0));
#11290=AXIS2_PLACEMENT_3D('',#11287,#11288,#11289);
#11291=PLANE('',#11290);
#11292=ORIENTED_EDGE('',*,*,#11269,.T.);
#11294=ORIENTED_EDGE('',*,*,#11293,.T.);
#11296=ORIENTED_EDGE('',*,*,#11295,.F.);
#11298=ORIENTED_EDGE('',*,*,#11297,.F.);
#11299=EDGE_LOOP('',(#11292,#11294,#11296,#11298));
#11300=FACE_OUTER_BOUND('',#11299,.F.);
#11301=ADVANCED_FACE('',(#11300),#11291,.F.);
#11302=CARTESIAN_POINT('',(4.E-1,0.E0,1.95E0));
#11303=DIRECTION('',(0.E0,-1.E0,0.E0));
#11304=DIRECTION('',(1.E0,0.E0,0.E0));
#11305=AXIS2_PLACEMENT_3D('',#11302,#11303,#11304);
#11306=CYLINDRICAL_SURFACE('',#11305,1.E-1);
#11307=ORIENTED_EDGE('',*,*,#11275,.T.);
#11309=ORIENTED_EDGE('',*,*,#11308,.T.);
#11311=ORIENTED_EDGE('',*,*,#11310,.F.);
#11312=ORIENTED_EDGE('',*,*,#11293,.F.);
#11313=EDGE_LOOP('',(#11307,#11309,#11311,#11312));
#11314=FACE_OUTER_BOUND('',#11313,.F.);
#11315=ADVANCED_FACE('',(#11314),#11306,.T.);
#11316=CARTESIAN_POINT('',(5.E-1,0.E0,1.95E0));
#11317=DIRECTION('',(-1.E0,0.E0,0.E0));
#11318=DIRECTION('',(0.E0,0.E0,1.E0));
#11319=AXIS2_PLACEMENT_3D('',#11316,#11317,#11318);
#11320=PLANE('',#11319);
#11321=ORIENTED_EDGE('',*,*,#11273,.T.);
#11323=ORIENTED_EDGE('',*,*,#11322,.T.);
#11325=ORIENTED_EDGE('',*,*,#11324,.F.);
#11326=ORIENTED_EDGE('',*,*,#11308,.F.);
#11327=EDGE_LOOP('',(#11321,#11323,#11325,#11326));
#11328=FACE_OUTER_BOUND('',#11327,.F.);
#11329=ADVANCED_FACE('',(#11328),#11320,.F.);
#11330=CARTESIAN_POINT('',(5.E-1,0.E0,2.25E0));
#11331=DIRECTION('',(0.E0,0.E0,-1.E0));
#11332=DIRECTION('',(-1.E0,0.E0,0.E0));
#11333=AXIS2_PLACEMENT_3D('',#11330,#11331,#11332);
#11334=PLANE('',#11333);
#11335=ORIENTED_EDGE('',*,*,#11271,.T.);
#11336=ORIENTED_EDGE('',*,*,#11297,.T.);
#11338=ORIENTED_EDGE('',*,*,#11337,.F.);
#11339=ORIENTED_EDGE('',*,*,#11322,.F.);
#11340=EDGE_LOOP('',(#11335,#11336,#11338,#11339));
#11341=FACE_OUTER_BOUND('',#11340,.F.);
#11342=ADVANCED_FACE('',(#11341),#11334,.F.);
#11343=CARTESIAN_POINT('',(0.E0,2.E-1,0.E0));
#11344=DIRECTION('',(0.E0,-1.E0,0.E0));
#11345=DIRECTION('',(1.E0,0.E0,0.E0));
#11346=AXIS2_PLACEMENT_3D('',#11343,#11344,#11345);
#11347=PLANE('',#11346);
#11348=ORIENTED_EDGE('',*,*,#11295,.T.);
#11349=ORIENTED_EDGE('',*,*,#11310,.T.);
#11350=ORIENTED_EDGE('',*,*,#11324,.T.);
#11351=ORIENTED_EDGE('',*,*,#11337,.T.);
#11352=EDGE_LOOP('',(#11348,#11349,#11350,#11351));
#11353=FACE_OUTER_BOUND('',#11352,.F.);
#11354=ADVANCED_FACE('',(#11353),#11347,.F.);
#11355=CLOSED_SHELL('',(#11279,#11301,#11315,#11329,#11342,#11354));
#11356=MANIFOLD_SOLID_BREP('',#11355);
#11357=FILL_AREA_STYLE_COLOUR('',#28);
#11358=FILL_AREA_STYLE('',(#11357));
#11359=SURFACE_STYLE_FILL_AREA(#11358);
#11360=SURFACE_SIDE_STYLE('',(#11359));
#11361=SURFACE_STYLE_USAGE(.POSITIVE.,#11360);
#11362=PRESENTATION_STYLE_ASSIGNMENT((#11361));
#11161=STYLED_ITEM('',(#11362),#11356);
#11364=DIRECTION('',(0.E0,0.E0,-1.E0));
#11365=VECTOR('',#11364,3.E-1);
#11366=CARTESIAN_POINT('',(7.E-1,0.E0,2.25E0));
#11367=LINE('',#11366,#11365);
#11368=CURVE_STYLE('',#47,POSITIVE_LENGTH_MEASURE(2.E-2),#28);
#11369=PRESENTATION_STYLE_ASSIGNMENT((#11368));
#11370=STYLED_ITEM('',(#11369),#11367);
#11371=DIRECTION('',(-1.E0,0.E0,0.E0));
#11372=VECTOR('',#11371,2.E-1);
#11373=CARTESIAN_POINT('',(9.E-1,0.E0,2.25E0));
#11374=LINE('',#11373,#11372);
#11375=CURVE_STYLE('',#47,POSITIVE_LENGTH_MEASURE(2.E-2),#28);
#11376=PRESENTATION_STYLE_ASSIGNMENT((#11375));
#11377=STYLED_ITEM('',(#11376),#11374);
#11378=DIRECTION('',(0.E0,0.E0,1.E0));
#11379=VECTOR('',#11378,3.E-1);
#11380=CARTESIAN_POINT('',(9.E-1,0.E0,1.95E0));
#11381=LINE('',#11380,#11379);
#11382=CURVE_STYLE('',#47,POSITIVE_LENGTH_MEASURE(2.E-2),#28);
#11383=PRESENTATION_STYLE_ASSIGNMENT((#11382));
#11384=STYLED_ITEM('',(#11383),#11381);
#11385=CARTESIAN_POINT('',(8.E-1,0.E0,1.95E0));
#11386=DIRECTION('',(0.E0,-1.E0,0.E0));
#11387=DIRECTION('',(-1.E0,0.E0,0.E0));
#11388=AXIS2_PLACEMENT_3D('',#11385,#11386,#11387);
#11390=CURVE_STYLE('',#47,POSITIVE_LENGTH_MEASURE(2.E-2),#28);
#11391=PRESENTATION_STYLE_ASSIGNMENT((#11390));
#11392=STYLED_ITEM('',(#11391),#11389);
#11393=DIRECTION('',(0.E0,1.E0,0.E0));
#11394=VECTOR('',#11393,2.E-1);
#11395=CARTESIAN_POINT('',(7.E-1,0.E0,2.25E0));
#11396=LINE('',#11395,#11394);
#11397=CURVE_STYLE('',#47,POSITIVE_LENGTH_MEASURE(2.E-2),#28);
#11398=PRESENTATION_STYLE_ASSIGNMENT((#11397));
#11399=STYLED_ITEM('',(#11398),#11396);
#11400=DIRECTION('',(0.E0,1.E0,0.E0));
#11401=VECTOR('',#11400,2.E-1);
#11402=CARTESIAN_POINT('',(7.E-1,0.E0,1.95E0));
#11403=LINE('',#11402,#11401);
#11404=CURVE_STYLE('',#47,POSITIVE_LENGTH_MEASURE(2.E-2),#28);
#11405=PRESENTATION_STYLE_ASSIGNMENT((#11404));
#11406=STYLED_ITEM('',(#11405),#11403);
#11407=DIRECTION('',(0.E0,1.E0,0.E0));
#11408=VECTOR('',#11407,2.E-1);
#11409=CARTESIAN_POINT('',(9.E-1,0.E0,1.95E0));
#11410=LINE('',#11409,#11408);
#11411=CURVE_STYLE('',#47,POSITIVE_LENGTH_MEASURE(2.E-2),#28);
#11412=PRESENTATION_STYLE_ASSIGNMENT((#11411));
#11413=STYLED_ITEM('',(#11412),#11410);
#11414=DIRECTION('',(0.E0,1.E0,0.E0));
#11415=VECTOR('',#11414,2.E-1);
#11416=CARTESIAN_POINT('',(9.E-1,0.E0,2.25E0));
#11417=LINE('',#11416,#11415);
#11418=CURVE_STYLE('',#47,POSITIVE_LENGTH_MEASURE(2.E-2),#28);
#11419=PRESENTATION_STYLE_ASSIGNMENT((#11418));
#11420=STYLED_ITEM('',(#11419),#11417);
#11421=DIRECTION('',(0.E0,0.E0,-1.E0));
#11422=VECTOR('',#11421,3.E-1);
#11423=CARTESIAN_POINT('',(7.E-1,2.E-1,2.25E0));
#11424=LINE('',#11423,#11422);
#11425=CURVE_STYLE('',#47,POSITIVE_LENGTH_MEASURE(2.E-2),#28);
#11426=PRESENTATION_STYLE_ASSIGNMENT((#11425));
#11427=STYLED_ITEM('',(#11426),#11424);
#11428=CARTESIAN_POINT('',(8.E-1,2.E-1,1.95E0));
#11429=DIRECTION('',(0.E0,-1.E0,0.E0));
#11430=DIRECTION('',(-1.E0,0.E0,0.E0));
#11431=AXIS2_PLACEMENT_3D('',#11428,#11429,#11430);
#11433=CURVE_STYLE('',#47,POSITIVE_LENGTH_MEASURE(2.E-2),#28);
#11434=PRESENTATION_STYLE_ASSIGNMENT((#11433));
#11435=STYLED_ITEM('',(#11434),#11432);
#11436=DIRECTION('',(0.E0,0.E0,1.E0));
#11437=VECTOR('',#11436,3.E-1);
#11438=CARTESIAN_POINT('',(9.E-1,2.E-1,1.95E0));
#11439=LINE('',#11438,#11437);
#11440=CURVE_STYLE('',#47,POSITIVE_LENGTH_MEASURE(2.E-2),#28);
#11441=PRESENTATION_STYLE_ASSIGNMENT((#11440));
#11442=STYLED_ITEM('',(#11441),#11439);
#11443=DIRECTION('',(-1.E0,0.E0,0.E0));
#11444=VECTOR('',#11443,2.E-1);
#11445=CARTESIAN_POINT('',(9.E-1,2.E-1,2.25E0));
#11446=LINE('',#11445,#11444);
#11447=CURVE_STYLE('',#47,POSITIVE_LENGTH_MEASURE(2.E-2),#28);
#11448=PRESENTATION_STYLE_ASSIGNMENT((#11447));
#11449=STYLED_ITEM('',(#11448),#11446);
#11450=CARTESIAN_POINT('',(7.E-1,0.E0,2.25E0));
#11451=CARTESIAN_POINT('',(7.E-1,0.E0,1.95E0));
#11452=VERTEX_POINT('',#11450);
#11453=VERTEX_POINT('',#11451);
#11454=CARTESIAN_POINT('',(9.E-1,0.E0,1.95E0));
#11455=VERTEX_POINT('',#11454);
#11456=CARTESIAN_POINT('',(9.E-1,0.E0,2.25E0));
#11457=VERTEX_POINT('',#11456);
#11458=CARTESIAN_POINT('',(7.E-1,2.E-1,2.25E0));
#11459=CARTESIAN_POINT('',(7.E-1,2.E-1,1.95E0));
#11460=VERTEX_POINT('',#11458);
#11461=VERTEX_POINT('',#11459);
#11462=CARTESIAN_POINT('',(9.E-1,2.E-1,1.95E0));
#11463=VERTEX_POINT('',#11462);
#11464=CARTESIAN_POINT('',(9.E-1,2.E-1,2.25E0));
#11465=VERTEX_POINT('',#11464);
#11466=CARTESIAN_POINT('',(0.E0,0.E0,0.E0));
#11467=DIRECTION('',(0.E0,-1.E0,0.E0));
#11468=DIRECTION('',(1.E0,0.E0,0.E0));
#11469=AXIS2_PLACEMENT_3D('',#11466,#11467,#11468);
#11470=PLANE('',#11469);
#11472=ORIENTED_EDGE('',*,*,#11471,.F.);
#11474=ORIENTED_EDGE('',*,*,#11473,.F.);
#11476=ORIENTED_EDGE('',*,*,#11475,.F.);
#11478=ORIENTED_EDGE('',*,*,#11477,.F.);
#11479=EDGE_LOOP('',(#11472,#11474,#11476,#11478));
#11480=FACE_OUTER_BOUND('',#11479,.F.);
#11481=ADVANCED_FACE('',(#11480),#11470,.T.);
#11482=FILL_AREA_STYLE_COLOUR('',#34);
#11483=FILL_AREA_STYLE('',(#11482));
#11484=SURFACE_STYLE_FILL_AREA(#11483);
#11485=SURFACE_SIDE_STYLE('',(#11484));
#11486=SURFACE_STYLE_USAGE(.POSITIVE.,#11485);
#11487=PRESENTATION_STYLE_ASSIGNMENT((#11486));
#11488=OVER_RIDING_STYLED_ITEM('',(#11487),#11481,#11363);
#11489=CARTESIAN_POINT('',(7.E-1,0.E0,2.25E0));
#11490=DIRECTION('',(1.E0,0.E0,0.E0));
#11491=DIRECTION('',(0.E0,0.E0,-1.E0));
#11492=AXIS2_PLACEMENT_3D('',#11489,#11490,#11491);
#11493=PLANE('',#11492);
#11494=ORIENTED_EDGE('',*,*,#11471,.T.);
#11496=ORIENTED_EDGE('',*,*,#11495,.T.);
#11498=ORIENTED_EDGE('',*,*,#11497,.F.);
#11500=ORIENTED_EDGE('',*,*,#11499,.F.);
#11501=EDGE_LOOP('',(#11494,#11496,#11498,#11500));
#11502=FACE_OUTER_BOUND('',#11501,.F.);
#11503=ADVANCED_FACE('',(#11502),#11493,.F.);
#11504=CARTESIAN_POINT('',(8.E-1,0.E0,1.95E0));
#11505=DIRECTION('',(0.E0,-1.E0,0.E0));
#11506=DIRECTION('',(1.E0,0.E0,0.E0));
#11507=AXIS2_PLACEMENT_3D('',#11504,#11505,#11506);
#11508=CYLINDRICAL_SURFACE('',#11507,1.E-1);
#11509=ORIENTED_EDGE('',*,*,#11477,.T.);
#11511=ORIENTED_EDGE('',*,*,#11510,.T.);
#11513=ORIENTED_EDGE('',*,*,#11512,.F.);
#11514=ORIENTED_EDGE('',*,*,#11495,.F.);
#11515=EDGE_LOOP('',(#11509,#11511,#11513,#11514));
#11516=FACE_OUTER_BOUND('',#11515,.F.);
#11517=ADVANCED_FACE('',(#11516),#11508,.T.);
#11518=CARTESIAN_POINT('',(9.E-1,0.E0,1.95E0));
#11519=DIRECTION('',(-1.E0,0.E0,0.E0));
#11520=DIRECTION('',(0.E0,0.E0,1.E0));
#11521=AXIS2_PLACEMENT_3D('',#11518,#11519,#11520);
#11522=PLANE('',#11521);
#11523=ORIENTED_EDGE('',*,*,#11475,.T.);
#11525=ORIENTED_EDGE('',*,*,#11524,.T.);
#11527=ORIENTED_EDGE('',*,*,#11526,.F.);
#11528=ORIENTED_EDGE('',*,*,#11510,.F.);
#11529=EDGE_LOOP('',(#11523,#11525,#11527,#11528));
#11530=FACE_OUTER_BOUND('',#11529,.F.);
#11531=ADVANCED_FACE('',(#11530),#11522,.F.);
#11532=CARTESIAN_POINT('',(9.E-1,0.E0,2.25E0));
#11533=DIRECTION('',(0.E0,0.E0,-1.E0));
#11534=DIRECTION('',(-1.E0,0.E0,0.E0));
#11535=AXIS2_PLACEMENT_3D('',#11532,#11533,#11534);
#11536=PLANE('',#11535);
#11537=ORIENTED_EDGE('',*,*,#11473,.T.);
#11538=ORIENTED_EDGE('',*,*,#11499,.T.);
#11540=ORIENTED_EDGE('',*,*,#11539,.F.);
#11541=ORIENTED_EDGE('',*,*,#11524,.F.);
#11542=EDGE_LOOP('',(#11537,#11538,#11540,#11541));
#11543=FACE_OUTER_BOUND('',#11542,.F.);
#11544=ADVANCED_FACE('',(#11543),#11536,.F.);
#11545=CARTESIAN_POINT('',(0.E0,2.E-1,0.E0));
#11546=DIRECTION('',(0.E0,-1.E0,0.E0));
#11547=DIRECTION('',(1.E0,0.E0,0.E0));
#11548=AXIS2_PLACEMENT_3D('',#11545,#11546,#11547);
#11549=PLANE('',#11548);
#11550=ORIENTED_EDGE('',*,*,#11497,.T.);
#11551=ORIENTED_EDGE('',*,*,#11512,.T.);
#11552=ORIENTED_EDGE('',*,*,#11526,.T.);
#11553=ORIENTED_EDGE('',*,*,#11539,.T.);
#11554=EDGE_LOOP('',(#11550,#11551,#11552,#11553));
#11555=FACE_OUTER_BOUND('',#11554,.F.);
#11556=ADVANCED_FACE('',(#11555),#11549,.F.);
#11557=CLOSED_SHELL('',(#11481,#11503,#11517,#11531,#11544,#11556));
#11558=MANIFOLD_SOLID_BREP('',#11557);
#11559=FILL_AREA_STYLE_COLOUR('',#28);
#11560=FILL_AREA_STYLE('',(#11559));
#11561=SURFACE_STYLE_FILL_AREA(#11560);
#11562=SURFACE_SIDE_STYLE('',(#11561));
#11563=SURFACE_STYLE_USAGE(.POSITIVE.,#11562);
#11564=PRESENTATION_STYLE_ASSIGNMENT((#11563));
#11363=STYLED_ITEM('',(#11564),#11558);
#11566=DIMENSIONAL_EXPONENTS(0.E0,0.E0,0.E0,0.E0,0.E0,0.E0,0.E0);
#11568=PLANE_ANGLE_MEASURE_WITH_UNIT(PLANE_ANGLE_MEASURE(1.745329251994E-2),
#11567);
#11569=(CONVERSION_BASED_UNIT('DEGREE',#11568)NAMED_UNIT(#11566)PLANE_ANGLE_UNIT());
#11571=UNCERTAINTY_MEASURE_WITH_UNIT(LENGTH_MEASURE(5.704156103410E-4),#11565,
'distance_accuracy_value',
'Maximum model space distance between geometric entities at asserted connectivities');
#11572=(GEOMETRIC_REPRESENTATION_CONTEXT(3)GLOBAL_UNCERTAINTY_ASSIGNED_CONTEXT((
#11571))GLOBAL_UNIT_ASSIGNED_CONTEXT((#11565,#11569,#11570))REPRESENTATION_CONTEXT('ID2','3'));
#11573=CARTESIAN_POINT('',(0.E0,0.E0,0.E0));
#11574=DIRECTION('',(0.E0,0.E0,1.E0));
#11575=DIRECTION('',(1.E0,0.E0,0.E0));
#11578=PRODUCT_CONTEXT('',#5419,'mechanical');
#11579=PRODUCT('FRAME-RVE0028A','FRAME-RVE0028A','NOT SPECIFIED',(#11578));
#11580=PRODUCT_DEFINITION_FORMATION('115','LAST_VERSION',#11579);
#11588=DERIVED_UNIT_ELEMENT(#11587,2.E0);
#11589=DERIVED_UNIT((#11588));
#11590=MEASURE_REPRESENTATION_ITEM('surface area measure',AREA_MEASURE(
2.779843530332E1),#11589);
#11595=DERIVED_UNIT_ELEMENT(#11594,3.E0);
#11596=DERIVED_UNIT((#11595));
#11597=MEASURE_REPRESENTATION_ITEM('volume measure',VOLUME_MEASURE(
1.827839579523E0),#11596);
#11601=CARTESIAN_POINT('centre point',(3.127587596920E-3,1.031218549286E-1,
4.803072924094E-3));
#11606=DERIVED_UNIT_ELEMENT(#11605,2.E0);
#11607=DERIVED_UNIT((#11606));
#11608=MEASURE_REPRESENTATION_ITEM('surface area measure',AREA_MEASURE(
2.779843530332E1),#11607);
#11613=DERIVED_UNIT_ELEMENT(#11612,3.E0);
#11614=DERIVED_UNIT((#11613));
#11615=MEASURE_REPRESENTATION_ITEM('volume measure',VOLUME_MEASURE(
1.827839579523E0),#11614);
#11619=CARTESIAN_POINT('centre point',(3.127587596920E-3,1.031218549286E-1,
4.803072924094E-3));
#11625=GENERAL_PROPERTY('user defined attribute','','');
#11626=GENERAL_PROPERTY_ASSOCIATION('user defined attribute','',#11625,#11624);
#11627=VALUE_REPRESENTATION_ITEM('LD_WIDTH_BTM',PARAMETER_VALUE(2.5E-1));
#11631=GENERAL_PROPERTY('user defined attribute','','');
#11632=GENERAL_PROPERTY_ASSOCIATION('user defined attribute','',#11631,#11630);
#11633=VALUE_REPRESENTATION_ITEM('LD_THICK',PARAMETER_VALUE(2.E-1));
#11637=GENERAL_PROPERTY('user defined attribute','','');
#11638=GENERAL_PROPERTY_ASSOCIATION('user defined attribute','',#11637,#11636);
#11639=VALUE_REPRESENTATION_ITEM('TMPAD_NO',PARAMETER_VALUE(2.9E1));
#11644=CARTESIAN_POINT('centre point',(3.127587596920E-3,-4.803072924094E-3,
1.031218549286E-1));
#11648=CARTESIAN_POINT('',(0.E0,0.E0,0.E0));
#11649=DIRECTION('',(0.E0,-1.E0,0.E0));
#11650=DIRECTION('',(1.E0,0.E0,0.E0));
#11651=AXIS2_PLACEMENT_3D('',#11648,#11649,#11650);
#11652=ITEM_DEFINED_TRANSFORMATION('','',#11576,#11651);
#11653=(REPRESENTATION_RELATIONSHIP('','',#11577,#5470)REPRESENTATION_RELATIONSHIP_WITH_TRANSFORMATION(#11652)SHAPE_REPRESENTATION_RELATIONSHIP());
#11654=CONTEXT_DEPENDENT_SHAPE_REPRESENTATION(#11653,#11643);
#11656=DIMENSIONAL_EXPONENTS(0.E0,0.E0,0.E0,0.E0,0.E0,0.E0,0.E0);
#11658=PLANE_ANGLE_MEASURE_WITH_UNIT(PLANE_ANGLE_MEASURE(1.745329251994E-2),
#11657);
#11659=(CONVERSION_BASED_UNIT('DEGREE',#11658)NAMED_UNIT(#11656)PLANE_ANGLE_UNIT());
#11661=UNCERTAINTY_MEASURE_WITH_UNIT(LENGTH_MEASURE(3.481957785413E-4),#11655,
'distance_accuracy_value',
'Maximum model space distance between geometric entities at asserted connectivities');
#11662=(GEOMETRIC_REPRESENTATION_CONTEXT(3)GLOBAL_UNCERTAINTY_ASSIGNED_CONTEXT((
#11661))GLOBAL_UNIT_ASSIGNED_CONTEXT((#11655,#11659,#11660))REPRESENTATION_CONTEXT('ID3','3'));
#11663=CARTESIAN_POINT('',(0.E0,0.E0,0.E0));
#11664=DIRECTION('',(0.E0,0.E0,1.E0));
#11665=DIRECTION('',(1.E0,0.E0,0.E0));
#11668=PRODUCT_DEFINITION_CONTEXT('part definition',#5419,'design');
#11669=PRODUCT_CONTEXT('',#5419,'mechanical');
#11670=PRODUCT('PIN1-ID','PIN1-ID','NOT SPECIFIED',(#11669));
#11671=PRODUCT_DEFINITION_FORMATION('18','LAST_VERSION',#11670);
#11676=GENERAL_PROPERTY('user defined attribute','','');
#11677=GENERAL_PROPERTY_ASSOCIATION('user defined attribute','',#11676,#11675);
#11678=DESCRIPTIVE_REPRESENTATION_ITEM('DESCRIPTION','');
#11682=GENERAL_PROPERTY('user defined attribute','','');
#11683=GENERAL_PROPERTY_ASSOCIATION('user defined attribute','',#11682,#11681);
#11684=DESCRIPTIVE_REPRESENTATION_ITEM('MODELED_BY','');
#11689=CARTESIAN_POINT('',(0.E0,0.E0,1.E0));
#11690=DIRECTION('',(0.E0,-1.E0,0.E0));
#11691=DIRECTION('',(1.E0,0.E0,0.E0));
#11692=AXIS2_PLACEMENT_3D('',#11689,#11690,#11691);
#11693=ITEM_DEFINED_TRANSFORMATION('','',#11666,#11692);
#11694=(REPRESENTATION_RELATIONSHIP('','',#11667,#5470)REPRESENTATION_RELATIONSHIP_WITH_TRANSFORMATION(#11693)SHAPE_REPRESENTATION_RELATIONSHIP());
#11695=CONTEXT_DEPENDENT_SHAPE_REPRESENTATION(#11694,#11688);
#11697=DIMENSIONAL_EXPONENTS(0.E0,0.E0,0.E0,0.E0,0.E0,0.E0,0.E0);
#11699=PLANE_ANGLE_MEASURE_WITH_UNIT(PLANE_ANGLE_MEASURE(1.745329251994E-2),
#11698);
#11700=(CONVERSION_BASED_UNIT('DEGREE',#11699)NAMED_UNIT(#11697)PLANE_ANGLE_UNIT());
#11702=UNCERTAINTY_MEASURE_WITH_UNIT(LENGTH_MEASURE(6.041281325878E-4),#11696,
'distance_accuracy_value',
'Maximum model space distance between geometric entities at asserted connectivities');
#11703=(GEOMETRIC_REPRESENTATION_CONTEXT(3)GLOBAL_UNCERTAINTY_ASSIGNED_CONTEXT((
#11702))GLOBAL_UNIT_ASSIGNED_CONTEXT((#11696,#11700,#11701))REPRESENTATION_CONTEXT('ID4','3'));
#11704=CARTESIAN_POINT('',(0.E0,0.E0,0.E0));
#11705=DIRECTION('',(0.E0,0.E0,1.E0));
#11706=DIRECTION('',(1.E0,0.E0,0.E0));
#11708=MECHANICAL_DESIGN_GEOMETRIC_PRESENTATION_REPRESENTATION('',(#50,#57,#65,
#72,#79,#86,#94,#101,#108,#115,#123,#130,#137,#144,#152,#159,#166,#173,#181,
#188,#195,#202,#210,#217,#224,#231,#239,#246,#253,#260,#268,#275,#282,#289,#297,
#304,#311,#318,#325,#333,#340,#347,#354,#362,#369,#376,#383,#391,#398,#405,#412,
#420,#427,#434,#441,#449,#456,#463,#470,#477,#485,#492,#499,#506,#514,#521,#528,
#535,#543,#550,#557,#564,#572,#579,#586,#593,#601,#608,#615,#622,#630,#637,#644,
#651,#659,#666,#673,#680,#688,#695,#702,#709,#717,#724,#731,#738,#745,#753,#760,
#767,#774,#782,#789,#796,#803,#811,#818,#825,#832,#840,#847,#854,#861,#869,#876,
#883,#890,#897,#904,#911,#918,#925,#932,#939,#946,#953,#960,#967,#974,#981,#988,
#995,#1003,#1010,#1017,#1024,#1031,#1038,#1045,#1052,#1059,#1066,#1073,#1081,
#1088,#1095,#1102,#1109,#1116,#1123,#1131,#1138,#1145,#1152,#1159,#1166,#1173,
#1180,#1188,#1195,#1202,#1209,#1216,#1223,#1231,#1238,#1245,#1252,#1259,#1266,
#1273,#1281,#1288,#1295,#1302,#1309,#1316,#1323,#1331,#1338,#1345,#1352,#1359,
#1366,#1373,#1381,#1388,#1395,#1402,#1409,#1416,#1423,#1431,#1438,#1445,#1452,
#1459,#1466,#1473,#1480,#1487,#1495,#1502,#1509,#1516,#1523,#1530,#1537,#1544,
#1551,#1558,#1565,#1573,#1580,#1587,#1594,#1601,#1608,#1615,#1623,#1630,#1637,
#1644,#1651,#1658,#1665,#1673,#1680,#1687,#1694,#1701,#1708,#1715,#1723,#1730,
#1737,#1744,#1751,#1758,#1765,#1772,#1779,#1786,#1793,#1800,#1807,#1814,#1821,
#1828,#1835,#1843,#1850,#1857,#1864,#1871,#1878,#1885,#1892,#1899,#1907,#1914,
#1921,#1928,#1935,#1942,#1949,#1956,#1963,#1970,#1977,#1984,#1991,#1998,#2005,
#2013,#2020,#2027,#2034,#2041,#2048,#2055,#2063,#2070,#2077,#2084,#2091,#2098,
#2105,#2113,#2120,#2127,#2134,#2141,#2148,#2155,#2163,#2170,#2177,#2184,#2191,
#2198,#2205,#2213,#2220,#2227,#2234,#2241,#2248,#2255,#2263,#2270,#2277,#2284,
#2291,#2298,#2305,#2313,#2320,#2327,#2334,#2341,#2348,#2355,#2363,#2370,#2377,
#2384,#2391,#2398,#2405,#2413,#2420,#2427,#2434,#2441,#2448,#2455,#2463,#2470,
#2477,#2484,#2491,#2498,#2505,#2513,#2520,#2527,#2534,#2541,#2548,#2555,#2563,
#2570,#2577,#2584,#2591,#2598,#2605,#2612,#2619,#2626,#2633,#2640,#2647,#2654,
#2661,#2668,#2675,#2682,#2689,#2696,#2703,#2710,#2717,#2724,#5329,#42,#5491,
#5498,#5505,#5512,#5519,#5526,#5533,#5540,#5547,#5554,#5561,#5568,#5575,#5582,
#5589,#5596,#5603,#5610,#5617,#5624,#5631,#5638,#5645,#5652,#5659,#5666,#5673,
#5875,#5484,#5916,#5924,#5931,#5938,#5945,#5952,#5959,#5966,#5973,#5980,#5987,
#5995,#6034,#5909,#6118,#6126,#6133,#6140,#6147,#6154,#6161,#6168,#6175,#6182,
#6189,#6197,#6236,#6111,#6320,#6328,#6335,#6342,#6349,#6356,#6363,#6370,#6377,
#6384,#6391,#6399,#6438,#6313,#6522,#6530,#6537,#6544,#6551,#6558,#6565,#6572,
#6579,#6586,#6593,#6601,#6640,#6515,#6724,#6732,#6739,#6746,#6753,#6760,#6767,
#6774,#6781,#6788,#6795,#6803,#6842,#6717,#6926,#6933,#6940,#6948,#6955,#6962,
#6969,#6976,#6983,#6991,#6998,#7005,#7044,#6919,#7128,#7135,#7142,#7150,#7157,
#7164,#7171,#7178,#7185,#7193,#7200,#7207,#7246,#7121,#7330,#7337,#7344,#7352,
#7359,#7366,#7373,#7380,#7387,#7395,#7402,#7409,#7448,#7323,#7532,#7539,#7546,
#7554,#7561,#7568,#7575,#7582,#7589,#7597,#7604,#7611,#7650,#7525,#7734,#7741,
#7748,#7756,#7763,#7770,#7777,#7784,#7791,#7799,#7806,#7813,#7852,#7727,#7936,
#7944,#7951,#7958,#7965,#7972,#7979,#7986,#7993,#8000,#8007,#8015,#8054,#7929,
#8138,#8146,#8153,#8160,#8167,#8174,#8181,#8188,#8195,#8202,#8209,#8217,#8256,
#8131,#8340,#8348,#8355,#8362,#8369,#8376,#8383,#8390,#8397,#8404,#8411,#8419,
#8458,#8333,#8542,#8550,#8557,#8564,#8571,#8578,#8585,#8592,#8599,#8606,#8613,
#8621,#8660,#8535,#8744,#8751,#8758,#8766,#8773,#8780,#8787,#8794,#8801,#8809,
#8816,#8823,#8862,#8737,#8946,#8953,#8960,#8968,#8975,#8982,#8989,#8996,#9003,
#9011,#9018,#9025,#9064,#8939,#9148,#9155,#9162,#9170,#9177,#9184,#9191,#9198,
#9205,#9213,#9220,#9227,#9266,#9141,#9350,#9357,#9364,#9372,#9379,#9386,#9393,
#9400,#9407,#9415,#9422,#9429,#9468,#9343,#9552,#9560,#9567,#9574,#9581,#9588,
#9595,#9602,#9609,#9616,#9623,#9631,#9670,#9545,#9754,#9762,#9769,#9776,#9783,
#9790,#9797,#9804,#9811,#9818,#9825,#9833,#9872,#9747,#9956,#9964,#9971,#9978,
#9985,#9992,#9999,#10006,#10013,#10020,#10027,#10035,#10074,#9949,#10158,#10166,
#10173,#10180,#10187,#10194,#10201,#10208,#10215,#10222,#10229,#10237,#10276,
#10151,#10360,#10368,#10375,#10382,#10389,#10396,#10403,#10410,#10417,#10424,
#10431,#10439,#10478,#10353,#10562,#10569,#10576,#10584,#10591,#10598,#10605,
#10612,#10619,#10627,#10634,#10641,#10680,#10555,#10764,#10771,#10778,#10786,
#10793,#10800,#10807,#10814,#10821,#10829,#10836,#10843,#10882,#10757,#10966,
#10973,#10980,#10988,#10995,#11002,#11009,#11016,#11023,#11031,#11038,#11045,
#11084,#10959,#11168,#11175,#11182,#11190,#11197,#11204,#11211,#11218,#11225,
#11233,#11240,#11247,#11286,#11161,#11370,#11377,#11384,#11392,#11399,#11406,
#11413,#11420,#11427,#11435,#11442,#11449,#11488,#11363),#11703);
#11709=PRODUCT_CONTEXT('',#5419,'mechanical');
#11710=PRODUCT('RVE0028A_ASM','RVE0028A_ASM','NOT SPECIFIED',(#11709));
#11711=PRODUCT_DEFINITION_FORMATION('220','LAST_VERSION',#11710);
#11714=DERIVED_UNIT_ELEMENT(#11713,2.E0);
#11715=DERIVED_UNIT((#11714));
#11716=MEASURE_REPRESENTATION_ITEM('surface area measure',AREA_MEASURE(
8.258001418673E1),#11715);
#11721=DERIVED_UNIT_ELEMENT(#11720,3.E0);
#11722=DERIVED_UNIT((#11721));
#11723=MEASURE_REPRESENTATION_ITEM('volume measure',VOLUME_MEASURE(
1.555334550738E1),#11722);
#11727=CARTESIAN_POINT('centre point',(1.470213858267E-4,-2.257528902111E-4,
5.060758345144E-1));
#11731=PRODUCT_RELATED_PRODUCT_CATEGORY('part','',(#11710,#5423,#11579,#11670));
#11733=GENERAL_PROPERTY('user defined attribute','','');
#11734=GENERAL_PROPERTY_ASSOCIATION('user defined attribute','',#11733,#11732);
#11736=GENERAL_PROPERTY('user defined attribute','','');
#11737=GENERAL_PROPERTY_ASSOCIATION('user defined attribute','',#11736,#11735);
#11738=DESCRIPTIVE_REPRESENTATION_ITEM('DWG_NO','4219151');
#11742=GENERAL_PROPERTY('user defined attribute','','');
#11743=GENERAL_PROPERTY_ASSOCIATION('user defined attribute','',#11742,#11741);
#11744=DESCRIPTIVE_REPRESENTATION_ITEM('REV','A');
#11748=GENERAL_PROPERTY('user defined attribute','','');
#11749=GENERAL_PROPERTY_ASSOCIATION('user defined attribute','',#11748,#11747);
#11750=DESCRIPTIVE_REPRESENTATION_ITEM('AUTHOR','T. LEQUANG');
#11754=GENERAL_PROPERTY('user defined attribute','','');
#11755=GENERAL_PROPERTY_ASSOCIATION('user defined attribute','',#11754,#11753);
#11756=DESCRIPTIVE_REPRESENTATION_ITEM('DATE','2016');
#11760=GENERAL_PROPERTY('user defined attribute','','');
#11761=GENERAL_PROPERTY_ASSOCIATION('user defined attribute','',#11760,#11759);
#11762=DESCRIPTIVE_REPRESENTATION_ITEM('DCHK','K. SINCERBOX & V. PAKU');
#11766=GENERAL_PROPERTY('user defined attribute','','');
#11767=GENERAL_PROPERTY_ASSOCIATION('user defined attribute','',#11766,#11765);
#11768=DESCRIPTIVE_REPRESENTATION_ITEM('DCHK_DATE','2016');
#11772=GENERAL_PROPERTY('user defined attribute','','');
#11773=GENERAL_PROPERTY_ASSOCIATION('user defined attribute','',#11772,#11771);
#11774=DESCRIPTIVE_REPRESENTATION_ITEM('ECHK','F. LASTNAME');
#11778=GENERAL_PROPERTY('user defined attribute','','');
#11779=GENERAL_PROPERTY_ASSOCIATION('user defined attribute','',#11778,#11777);
#11780=DESCRIPTIVE_REPRESENTATION_ITEM('ECHK_DATE','2016');
#11784=GENERAL_PROPERTY('user defined attribute','','');
#11785=GENERAL_PROPERTY_ASSOCIATION('user defined attribute','',#11784,#11783);
#11786=DESCRIPTIVE_REPRESENTATION_ITEM('DESG','RVE0028A');
#11790=GENERAL_PROPERTY('user defined attribute','','');
#11791=GENERAL_PROPERTY_ASSOCIATION('user defined attribute','',#11790,#11789);
#11792=DESCRIPTIVE_REPRESENTATION_ITEM('TI_PACKAGE_NAME',
'WQFN - 0.8 mm max height');
#11796=GENERAL_PROPERTY('user defined attribute','','');
#11797=GENERAL_PROPERTY_ASSOCIATION('user defined attribute','',#11796,#11795);
#11798=DESCRIPTIVE_REPRESENTATION_ITEM('INDUSTRY_NAME',
'PLASTIC QUAD FLATPACK - NO LEAD');
#11802=GENERAL_PROPERTY('user defined attribute','','');
#11803=GENERAL_PROPERTY_ASSOCIATION('user defined attribute','',#11802,#11801);
#11804=DESCRIPTIVE_REPRESENTATION_ITEM('RELEASED','WDM');
#11808=GENERAL_PROPERTY('user defined attribute','','');
#11809=GENERAL_PROPERTY_ASSOCIATION('user defined attribute','',#11808,#11807);
#11810=DESCRIPTIVE_REPRESENTATION_ITEM('DESIGNER','');
#11814=GENERAL_PROPERTY('user defined attribute','','');
#11815=GENERAL_PROPERTY_ASSOCIATION('user defined attribute','',#11814,#11813);
#11816=DESCRIPTIVE_REPRESENTATION_ITEM('APPROVER','E. REY');
#11820=GENERAL_PROPERTY('user defined attribute','','');
#11821=GENERAL_PROPERTY_ASSOCIATION('user defined attribute','',#11820,#11819);
#11822=DESCRIPTIVE_REPRESENTATION_ITEM('DES_DATE','');
#11826=GENERAL_PROPERTY('user defined attribute','','');
#11827=GENERAL_PROPERTY_ASSOCIATION('user defined attribute','',#11826,#11825);
#11828=DESCRIPTIVE_REPRESENTATION_ITEM('APP_DATE','2016');
#11832=GENERAL_PROPERTY('user defined attribute','','');
#11833=GENERAL_PROPERTY_ASSOCIATION('user defined attribute','',#11832,#11831);
#11834=DESCRIPTIVE_REPRESENTATION_ITEM('REL_DATE','2016');
#11838=GENERAL_PROPERTY('user defined attribute','','');
#11839=GENERAL_PROPERTY_ASSOCIATION('user defined attribute','',#11838,#11837);
#11840=DESCRIPTIVE_REPRESENTATION_ITEM('PKG_NAME','WQFN');
#11844=GENERAL_PROPERTY('user defined attribute','','');
#11845=GENERAL_PROPERTY_ASSOCIATION('user defined attribute','',#11844,#11843);
#11846=DESCRIPTIVE_REPRESENTATION_ITEM('MM_YYYY','2016');
#11850=GENERAL_PROPERTY('user defined attribute','','');
#11851=GENERAL_PROPERTY_ASSOCIATION('user defined attribute','',#11850,#11849);
#11852=VALUE_REPRESENTATION_ITEM('LD_CNT',PARAMETER_VALUE(2.8E1));
#11856=GENERAL_PROPERTY('user defined attribute','','');
#11857=GENERAL_PROPERTY_ASSOCIATION('user defined attribute','',#11856,#11855);
#11858=VALUE_REPRESENTATION_ITEM('LDNO2',PARAMETER_VALUE(9.E0));
#11862=GENERAL_PROPERTY('user defined attribute','','');
#11863=GENERAL_PROPERTY_ASSOCIATION('user defined attribute','',#11862,#11861);
#11864=VALUE_REPRESENTATION_ITEM('LDNO3',PARAMETER_VALUE(1.E1));
#11868=GENERAL_PROPERTY('user defined attribute','','');
#11869=GENERAL_PROPERTY_ASSOCIATION('user defined attribute','',#11868,#11867);
#11870=VALUE_REPRESENTATION_ITEM('LDNO4',PARAMETER_VALUE(1.4E1));
#11874=GENERAL_PROPERTY('user defined attribute','','');
#11875=GENERAL_PROPERTY_ASSOCIATION('user defined attribute','',#11874,#11873);
#11876=VALUE_REPRESENTATION_ITEM('LDNO5',PARAMETER_VALUE(1.5E1));
#11880=GENERAL_PROPERTY('user defined attribute','','');
#11881=GENERAL_PROPERTY_ASSOCIATION('user defined attribute','',#11880,#11879);
#11882=VALUE_REPRESENTATION_ITEM('LDNO6',PARAMETER_VALUE(2.3E1));
#11886=GENERAL_PROPERTY('user defined attribute','','');
#11887=GENERAL_PROPERTY_ASSOCIATION('user defined attribute','',#11886,#11885);
#11888=VALUE_REPRESENTATION_ITEM('LDNO7',PARAMETER_VALUE(2.4E1));
#11892=GENERAL_PROPERTY('user defined attribute','','');
#11893=GENERAL_PROPERTY_ASSOCIATION('user defined attribute','',#11892,#11891);
#11894=VALUE_REPRESENTATION_ITEM('LDPITCH_CNT',PARAMETER_VALUE(2.4E1));
#11898=GENERAL_PROPERTY('user defined attribute','','');
#11899=GENERAL_PROPERTY_ASSOCIATION('user defined attribute','',#11898,#11897);
#11900=VALUE_REPRESENTATION_ITEM('LD_PITCH',PARAMETER_VALUE(4.E-1));
#11904=GENERAL_PROPERTY('user defined attribute','','');
#11905=GENERAL_PROPERTY_ASSOCIATION('user defined attribute','',#11904,#11903);
#11906=VALUE_REPRESENTATION_ITEM('AMAX',PARAMETER_VALUE(1.E0));
#11910=GENERAL_PROPERTY('user defined attribute','','');
#11911=GENERAL_PROPERTY_ASSOCIATION('user defined attribute','',#11910,#11909);
#11912=VALUE_REPRESENTATION_ITEM('TMPAD_NO',PARAMETER_VALUE(2.9E1));
#62=CIRCLE('',#61,1.E-1);
#91=CIRCLE('',#90,1.E-1);
#120=CIRCLE('',#119,1.E-1);
#149=CIRCLE('',#148,1.E-1);
#178=CIRCLE('',#177,1.E-1);
#207=CIRCLE('',#206,1.E-1);
#236=CIRCLE('',#235,1.E-1);
#265=CIRCLE('',#264,1.E-1);
#294=CIRCLE('',#293,1.E-1);
#330=CIRCLE('',#329,1.E-1);
#359=CIRCLE('',#358,1.E-1);
#388=CIRCLE('',#387,1.E-1);
#417=CIRCLE('',#416,1.E-1);
#446=CIRCLE('',#445,1.E-1);
#482=CIRCLE('',#481,1.E-1);
#511=CIRCLE('',#510,1.E-1);
#540=CIRCLE('',#539,1.E-1);
#569=CIRCLE('',#568,1.E-1);
#598=CIRCLE('',#597,1.E-1);
#627=CIRCLE('',#626,1.E-1);
#656=CIRCLE('',#655,1.E-1);
#685=CIRCLE('',#684,1.E-1);
#714=CIRCLE('',#713,1.E-1);
#750=CIRCLE('',#749,1.E-1);
#779=CIRCLE('',#778,1.E-1);
#808=CIRCLE('',#807,1.E-1);
#837=CIRCLE('',#836,1.E-1);
#866=CIRCLE('',#865,1.E-1);
#1000=CIRCLE('',#999,1.E-1);
#1078=CIRCLE('',#1077,1.E-1);
#1128=CIRCLE('',#1127,1.E-1);
#1185=CIRCLE('',#1184,1.E-1);
#1228=CIRCLE('',#1227,1.E-1);
#1278=CIRCLE('',#1277,1.E-1);
#1328=CIRCLE('',#1327,1.E-1);
#1378=CIRCLE('',#1377,1.E-1);
#1428=CIRCLE('',#1427,1.E-1);
#1492=CIRCLE('',#1491,1.E-1);
#1570=CIRCLE('',#1569,1.E-1);
#1620=CIRCLE('',#1619,1.E-1);
#1670=CIRCLE('',#1669,1.E-1);
#1720=CIRCLE('',#1719,1.E-1);
#1840=CIRCLE('',#1839,1.E-1);
#1904=CIRCLE('',#1903,1.E-1);
#2010=CIRCLE('',#2009,1.E-1);
#2060=CIRCLE('',#2059,1.E-1);
#2110=CIRCLE('',#2109,1.E-1);
#2160=CIRCLE('',#2159,1.E-1);
#2210=CIRCLE('',#2209,1.E-1);
#2260=CIRCLE('',#2259,1.E-1);
#2310=CIRCLE('',#2309,1.E-1);
#2360=CIRCLE('',#2359,1.E-1);
#2410=CIRCLE('',#2409,1.E-1);
#2460=CIRCLE('',#2459,1.E-1);
#2510=CIRCLE('',#2509,1.E-1);
#2560=CIRCLE('',#2559,1.E-1);
#3230=EDGE_CURVE('',#2734,#2742,#46,.T.);
#3232=EDGE_CURVE('',#2742,#3034,#54,.T.);
#3234=EDGE_CURVE('',#3034,#3036,#62,.T.);
#3236=EDGE_CURVE('',#2745,#3036,#69,.T.);
#3238=EDGE_CURVE('',#2745,#2746,#76,.T.);
#3240=EDGE_CURVE('',#2746,#3030,#83,.T.);
#3242=EDGE_CURVE('',#3030,#3032,#91,.T.);
#3244=EDGE_CURVE('',#2749,#3032,#98,.T.);
#3246=EDGE_CURVE('',#2749,#2750,#105,.T.);
#3248=EDGE_CURVE('',#2750,#3026,#112,.T.);
#3250=EDGE_CURVE('',#3026,#3028,#120,.T.);
#3252=EDGE_CURVE('',#2753,#3028,#127,.T.);
#3254=EDGE_CURVE('',#2753,#2754,#134,.T.);
#3256=EDGE_CURVE('',#2754,#3022,#141,.T.);
#3258=EDGE_CURVE('',#3022,#3024,#149,.T.);
#3260=EDGE_CURVE('',#2757,#3024,#156,.T.);
#3262=EDGE_CURVE('',#2757,#2758,#163,.T.);
#3264=EDGE_CURVE('',#2758,#2948,#170,.T.);
#3266=EDGE_CURVE('',#2948,#2950,#178,.T.);
#3268=EDGE_CURVE('',#2761,#2950,#185,.T.);
#3270=EDGE_CURVE('',#2761,#2762,#192,.T.);
#3272=EDGE_CURVE('',#2762,#2942,#199,.T.);
#3274=EDGE_CURVE('',#2942,#2944,#207,.T.);
#3276=EDGE_CURVE('',#2946,#2944,#214,.T.);
#3278=EDGE_CURVE('',#2946,#2935,#221,.T.);
#3280=EDGE_CURVE('',#2935,#2936,#228,.T.);
#3282=EDGE_CURVE('',#2936,#2938,#236,.T.);
#3284=EDGE_CURVE('',#2940,#2938,#243,.T.);
#3286=EDGE_CURVE('',#2940,#2927,#250,.T.);
#3288=EDGE_CURVE('',#2927,#2928,#257,.T.);
#3290=EDGE_CURVE('',#2928,#2930,#265,.T.);
#3292=EDGE_CURVE('',#2932,#2930,#272,.T.);
#3294=EDGE_CURVE('',#2932,#2919,#279,.T.);
#3296=EDGE_CURVE('',#2919,#2920,#286,.T.);
#3298=EDGE_CURVE('',#2920,#2922,#294,.T.);
#3300=EDGE_CURVE('',#2924,#2922,#301,.T.);
#3302=EDGE_CURVE('',#2924,#2736,#308,.T.);
#3304=EDGE_CURVE('',#2736,#2764,#315,.T.);
#3306=EDGE_CURVE('',#2764,#3122,#322,.T.);
#3308=EDGE_CURVE('',#3122,#3124,#330,.T.);
#3310=EDGE_CURVE('',#2767,#3124,#337,.T.);
#3312=EDGE_CURVE('',#2767,#2768,#344,.T.);
#3314=EDGE_CURVE('',#2768,#3126,#351,.T.);
#3316=EDGE_CURVE('',#3126,#3128,#359,.T.);
#3318=EDGE_CURVE('',#2771,#3128,#366,.T.);
#3320=EDGE_CURVE('',#2771,#2772,#373,.T.);
#3322=EDGE_CURVE('',#2772,#3130,#380,.T.);
#3324=EDGE_CURVE('',#3130,#3132,#388,.T.);
#3326=EDGE_CURVE('',#2775,#3132,#395,.T.);
#3328=EDGE_CURVE('',#2775,#2776,#402,.T.);
#3330=EDGE_CURVE('',#2776,#3134,#409,.T.);
#3332=EDGE_CURVE('',#3134,#3136,#417,.T.);
#3334=EDGE_CURVE('',#2779,#3136,#424,.T.);
#3336=EDGE_CURVE('',#2779,#2780,#431,.T.);
#3338=EDGE_CURVE('',#2780,#3138,#438,.T.);
#3340=EDGE_CURVE('',#3138,#3140,#446,.T.);
#3342=EDGE_CURVE('',#2782,#3140,#453,.T.);
#3344=EDGE_CURVE('',#2782,#2738,#460,.T.);
#3346=EDGE_CURVE('',#2738,#2784,#467,.T.);
#3348=EDGE_CURVE('',#2784,#2834,#474,.T.);
#3350=EDGE_CURVE('',#2832,#2834,#482,.T.);
#3352=EDGE_CURVE('',#2787,#2832,#489,.T.);
#3354=EDGE_CURVE('',#2787,#2788,#496,.T.);
#3356=EDGE_CURVE('',#2788,#2838,#503,.T.);
#3358=EDGE_CURVE('',#2836,#2838,#511,.T.);
#3360=EDGE_CURVE('',#2791,#2836,#518,.T.);
#3362=EDGE_CURVE('',#2791,#2792,#525,.T.);
#3364=EDGE_CURVE('',#2792,#2842,#532,.T.);
#3366=EDGE_CURVE('',#2840,#2842,#540,.T.);
#3368=EDGE_CURVE('',#2795,#2840,#547,.T.);
#3370=EDGE_CURVE('',#2795,#2796,#554,.T.);
#3372=EDGE_CURVE('',#2796,#2846,#561,.T.);
#3374=EDGE_CURVE('',#2844,#2846,#569,.T.);
#3376=EDGE_CURVE('',#2799,#2844,#576,.T.);
#3378=EDGE_CURVE('',#2799,#2800,#583,.T.);
#3380=EDGE_CURVE('',#2800,#2850,#590,.T.);
#3382=EDGE_CURVE('',#2848,#2850,#598,.T.);
#3384=EDGE_CURVE('',#2803,#2848,#605,.T.);
#3386=EDGE_CURVE('',#2803,#2804,#612,.T.);
#3388=EDGE_CURVE('',#2804,#2996,#619,.T.);
#3390=EDGE_CURVE('',#2994,#2996,#627,.T.);
#3392=EDGE_CURVE('',#2993,#2994,#634,.T.);
#3394=EDGE_CURVE('',#2993,#3004,#641,.T.);
#3396=EDGE_CURVE('',#3004,#3002,#648,.T.);
#3398=EDGE_CURVE('',#3000,#3002,#656,.T.);
#3400=EDGE_CURVE('',#2999,#3000,#663,.T.);
#3402=EDGE_CURVE('',#2999,#3012,#670,.T.);
#3404=EDGE_CURVE('',#3012,#3010,#677,.T.);
#3406=EDGE_CURVE('',#3008,#3010,#685,.T.);
#3408=EDGE_CURVE('',#3007,#3008,#692,.T.);
#3410=EDGE_CURVE('',#3007,#3020,#699,.T.);
#3412=EDGE_CURVE('',#3020,#3018,#706,.T.);
#3414=EDGE_CURVE('',#3016,#3018,#714,.T.);
#3416=EDGE_CURVE('',#3015,#3016,#721,.T.);
#3418=EDGE_CURVE('',#3015,#2740,#728,.T.);
#3420=EDGE_CURVE('',#2740,#2806,#735,.T.);
#3422=EDGE_CURVE('',#2806,#3120,#742,.T.);
#3424=EDGE_CURVE('',#3118,#3120,#750,.T.);
#3426=EDGE_CURVE('',#2809,#3118,#757,.T.);
#3428=EDGE_CURVE('',#2809,#2810,#764,.T.);
#3430=EDGE_CURVE('',#2810,#3116,#771,.T.);
#3432=EDGE_CURVE('',#3114,#3116,#779,.T.);
#3434=EDGE_CURVE('',#2813,#3114,#786,.T.);
#3436=EDGE_CURVE('',#2813,#2814,#793,.T.);
#3438=EDGE_CURVE('',#2814,#3112,#800,.T.);
#3440=EDGE_CURVE('',#3110,#3112,#808,.T.);
#3442=EDGE_CURVE('',#2817,#3110,#815,.T.);
#3444=EDGE_CURVE('',#2817,#2818,#822,.T.);
#3446=EDGE_CURVE('',#2818,#3108,#829,.T.);
#3448=EDGE_CURVE('',#3106,#3108,#837,.T.);
#3450=EDGE_CURVE('',#2821,#3106,#844,.T.);
#3452=EDGE_CURVE('',#2821,#2822,#851,.T.);
#3454=EDGE_CURVE('',#2822,#3104,#858,.T.);
#3456=EDGE_CURVE('',#3102,#3104,#866,.T.);
#3458=EDGE_CURVE('',#2824,#3102,#873,.T.);
#3460=EDGE_CURVE('',#2824,#2734,#880,.T.);
#3464=EDGE_CURVE('',#2859,#2860,#887,.T.);
#3466=EDGE_CURVE('',#2866,#2859,#894,.T.);
#3468=EDGE_CURVE('',#2864,#2866,#901,.T.);
#3470=EDGE_CURVE('',#2863,#2864,#908,.T.);
#3472=EDGE_CURVE('',#2860,#2863,#915,.T.);
#3482=EDGE_CURVE('',#2973,#2974,#922,.T.);
#3484=EDGE_CURVE('',#2919,#2974,#1035,.T.);
#3487=EDGE_CURVE('',#2977,#2932,#1049,.T.);
#3489=EDGE_CURVE('',#2977,#2978,#929,.T.);
#3491=EDGE_CURVE('',#2927,#2978,#1063,.T.);
#3494=EDGE_CURVE('',#2981,#2940,#1099,.T.);
#3496=EDGE_CURVE('',#2981,#2982,#936,.T.);
#3498=EDGE_CURVE('',#2935,#2982,#1113,.T.);
#3501=EDGE_CURVE('',#2990,#2946,#1149,.T.);
#3503=EDGE_CURVE('',#2990,#2988,#943,.T.);
#3505=EDGE_CURVE('',#2762,#2988,#1163,.T.);
#3508=EDGE_CURVE('',#2985,#2761,#1199,.T.);
#3510=EDGE_CURVE('',#2985,#2986,#950,.T.);
#3512=EDGE_CURVE('',#2758,#2986,#1213,.T.);
#3515=EDGE_CURVE('',#3071,#2757,#1249,.T.);
#3517=EDGE_CURVE('',#3071,#3072,#957,.T.);
#3519=EDGE_CURVE('',#2754,#3072,#1263,.T.);
#3522=EDGE_CURVE('',#3075,#2753,#1299,.T.);
#3524=EDGE_CURVE('',#3075,#3076,#964,.T.);
#3526=EDGE_CURVE('',#2750,#3076,#1313,.T.);
#3529=EDGE_CURVE('',#3079,#2749,#1349,.T.);
#3531=EDGE_CURVE('',#3079,#3080,#971,.T.);
#3533=EDGE_CURVE('',#2746,#3080,#1363,.T.);
#3536=EDGE_CURVE('',#3083,#2745,#1399,.T.);
#3538=EDGE_CURVE('',#3083,#3084,#978,.T.);
#3540=EDGE_CURVE('',#2742,#3084,#1413,.T.);
#3543=EDGE_CURVE('',#2734,#2727,#985,.T.);
#3545=EDGE_CURVE('',#2727,#2728,#1946,.T.);
#3547=EDGE_CURVE('',#2736,#2728,#1861,.T.);
#3550=EDGE_CURVE('',#2973,#2924,#1021,.T.);
#3561=EDGE_CURVE('',#2954,#2973,#992,.T.);
#3563=EDGE_CURVE('',#2953,#2954,#1000,.T.);
#3565=EDGE_CURVE('',#2974,#2953,#1007,.T.);
#3575=EDGE_CURVE('',#2922,#2954,#1014,.T.);
#3588=EDGE_CURVE('',#2920,#2953,#1028,.T.);
#3613=EDGE_CURVE('',#2930,#2958,#1042,.T.);
#3615=EDGE_CURVE('',#2958,#2977,#1070,.T.);
#3627=EDGE_CURVE('',#2928,#2957,#1056,.T.);
#3629=EDGE_CURVE('',#2957,#2958,#1078,.T.);
#3642=EDGE_CURVE('',#2978,#2957,#1085,.T.);
#3666=EDGE_CURVE('',#2938,#2962,#1092,.T.);
#3668=EDGE_CURVE('',#2962,#2981,#1120,.T.);
#3680=EDGE_CURVE('',#2936,#2961,#1106,.T.);
#3682=EDGE_CURVE('',#2961,#2962,#1128,.T.);
#3695=EDGE_CURVE('',#2982,#2961,#1135,.T.);
#3719=EDGE_CURVE('',#2944,#2966,#1142,.T.);
#3721=EDGE_CURVE('',#2966,#2990,#1177,.T.);
#3733=EDGE_CURVE('',#2942,#2965,#1156,.T.);
#3735=EDGE_CURVE('',#2965,#2966,#1185,.T.);
#3748=EDGE_CURVE('',#2988,#2965,#1170,.T.);
#3772=EDGE_CURVE('',#2950,#2970,#1192,.T.);
#3774=EDGE_CURVE('',#2970,#2985,#1220,.T.);
#3786=EDGE_CURVE('',#2948,#2969,#1206,.T.);
#3788=EDGE_CURVE('',#2969,#2970,#1228,.T.);
#3801=EDGE_CURVE('',#2986,#2969,#1235,.T.);
#3825=EDGE_CURVE('',#3024,#3056,#1242,.T.);
#3827=EDGE_CURVE('',#3056,#3071,#1270,.T.);
#3839=EDGE_CURVE('',#3022,#3055,#1256,.T.);
#3841=EDGE_CURVE('',#3055,#3056,#1278,.T.);
#3854=EDGE_CURVE('',#3072,#3055,#1285,.T.);
#3878=EDGE_CURVE('',#3028,#3060,#1292,.T.);
#3880=EDGE_CURVE('',#3060,#3075,#1320,.T.);
#3892=EDGE_CURVE('',#3026,#3059,#1306,.T.);
#3894=EDGE_CURVE('',#3059,#3060,#1328,.T.);
#3907=EDGE_CURVE('',#3076,#3059,#1335,.T.);
#3931=EDGE_CURVE('',#3032,#3064,#1342,.T.);
#3933=EDGE_CURVE('',#3064,#3079,#1370,.T.);
#3945=EDGE_CURVE('',#3030,#3063,#1356,.T.);
#3947=EDGE_CURVE('',#3063,#3064,#1378,.T.);
#3960=EDGE_CURVE('',#3080,#3063,#1385,.T.);
#3984=EDGE_CURVE('',#3036,#3068,#1392,.T.);
#3986=EDGE_CURVE('',#3068,#3083,#1420,.T.);
#3998=EDGE_CURVE('',#3034,#3067,#1406,.T.);
#4000=EDGE_CURVE('',#3067,#3068,#1428,.T.);
#4013=EDGE_CURVE('',#3084,#3067,#1435,.T.);
#4037=EDGE_CURVE('',#3203,#3204,#1442,.T.);
#4039=EDGE_CURVE('',#2822,#3204,#1520,.T.);
#4042=EDGE_CURVE('',#3207,#2821,#1534,.T.);
#4044=EDGE_CURVE('',#3207,#3208,#1449,.T.);
#4046=EDGE_CURVE('',#2818,#3208,#1548,.T.);
#4049=EDGE_CURVE('',#3211,#2817,#1584,.T.);
#4051=EDGE_CURVE('',#3211,#3212,#1456,.T.);
#4053=EDGE_CURVE('',#2814,#3212,#1598,.T.);
#4056=EDGE_CURVE('',#3218,#2813,#1634,.T.);
#4058=EDGE_CURVE('',#3218,#3220,#1463,.T.);
#4060=EDGE_CURVE('',#2810,#3220,#1648,.T.);
#4063=EDGE_CURVE('',#3215,#2809,#1684,.T.);
#4065=EDGE_CURVE('',#3215,#3216,#1470,.T.);
#4067=EDGE_CURVE('',#2806,#3216,#1698,.T.);
#4070=EDGE_CURVE('',#2740,#2732,#1477,.T.);
#4072=EDGE_CURVE('',#2732,#2727,#1953,.T.);
#4076=EDGE_CURVE('',#3203,#2824,#1506,.T.);
#4087=EDGE_CURVE('',#3203,#3143,#1484,.T.);
#4089=EDGE_CURVE('',#3143,#3144,#1492,.T.);
#4091=EDGE_CURVE('',#3144,#3204,#1499,.T.);
#4101=EDGE_CURVE('',#3143,#3102,#1513,.T.);
#4114=EDGE_CURVE('',#3144,#3104,#1527,.T.);
#4139=EDGE_CURVE('',#3147,#3106,#1541,.T.);
#4141=EDGE_CURVE('',#3207,#3147,#1562,.T.);
#4153=EDGE_CURVE('',#3148,#3108,#1555,.T.);
#4155=EDGE_CURVE('',#3147,#3148,#1570,.T.);
#4168=EDGE_CURVE('',#3148,#3208,#1577,.T.);
#4192=EDGE_CURVE('',#3151,#3110,#1591,.T.);
#4194=EDGE_CURVE('',#3211,#3151,#1612,.T.);
#4206=EDGE_CURVE('',#3152,#3112,#1605,.T.);
#4208=EDGE_CURVE('',#3151,#3152,#1620,.T.);
#4221=EDGE_CURVE('',#3152,#3212,#1627,.T.);
#4245=EDGE_CURVE('',#3155,#3114,#1641,.T.);
#4247=EDGE_CURVE('',#3218,#3155,#1662,.T.);
#4259=EDGE_CURVE('',#3156,#3116,#1655,.T.);
#4261=EDGE_CURVE('',#3155,#3156,#1670,.T.);
#4274=EDGE_CURVE('',#3156,#3220,#1677,.T.);
#4298=EDGE_CURVE('',#3159,#3118,#1691,.T.);
#4300=EDGE_CURVE('',#3215,#3159,#1712,.T.);
#4312=EDGE_CURVE('',#3160,#3120,#1705,.T.);
#4314=EDGE_CURVE('',#3159,#3160,#1720,.T.);
#4327=EDGE_CURVE('',#3160,#3216,#1727,.T.);
#4351=EDGE_CURVE('',#2898,#2787,#1804,.T.);
#4353=EDGE_CURVE('',#2900,#2898,#1734,.T.);
#4355=EDGE_CURVE('',#2784,#2900,#1818,.T.);
#4358=EDGE_CURVE('',#2738,#2730,#1741,.T.);
#4360=EDGE_CURVE('',#2730,#2732,#1960,.T.);
#4364=EDGE_CURVE('',#3100,#3015,#2174,.T.);
#4366=EDGE_CURVE('',#3099,#3100,#1748,.T.);
#4368=EDGE_CURVE('',#3020,#3099,#2188,.T.);
#4371=EDGE_CURVE('',#3096,#3007,#2224,.T.);
#4373=EDGE_CURVE('',#3095,#3096,#1755,.T.);
#4375=EDGE_CURVE('',#3012,#3095,#2238,.T.);
#4378=EDGE_CURVE('',#3092,#2999,#2274,.T.);
#4380=EDGE_CURVE('',#3091,#3092,#1762,.T.);
#4382=EDGE_CURVE('',#3004,#3091,#2288,.T.);
#4385=EDGE_CURVE('',#3088,#2993,#2324,.T.);
#4387=EDGE_CURVE('',#3087,#3088,#1769,.T.);
#4389=EDGE_CURVE('',#2804,#3087,#2338,.T.);
#4392=EDGE_CURVE('',#2914,#2803,#2374,.T.);
#4394=EDGE_CURVE('',#2916,#2914,#1776,.T.);
#4396=EDGE_CURVE('',#2800,#2916,#2388,.T.);
#4399=EDGE_CURVE('',#2910,#2799,#2424,.T.);
#4401=EDGE_CURVE('',#2912,#2910,#1783,.T.);
#4403=EDGE_CURVE('',#2796,#2912,#2438,.T.);
#4406=EDGE_CURVE('',#2906,#2795,#2474,.T.);
#4408=EDGE_CURVE('',#2908,#2906,#1790,.T.);
#4410=EDGE_CURVE('',#2792,#2908,#2488,.T.);
#4413=EDGE_CURVE('',#2902,#2791,#2524,.T.);
#4415=EDGE_CURVE('',#2904,#2902,#1797,.T.);
#4417=EDGE_CURVE('',#2788,#2904,#2538,.T.);
#4428=EDGE_CURVE('',#2879,#2832,#1811,.T.);
#4430=EDGE_CURVE('',#2898,#2879,#1832,.T.);
#4442=EDGE_CURVE('',#2880,#2834,#1825,.T.);
#4444=EDGE_CURVE('',#2879,#2880,#1840,.T.);
#4457=EDGE_CURVE('',#2880,#2900,#1847,.T.);
#4481=EDGE_CURVE('',#3183,#3184,#1854,.T.);
#4483=EDGE_CURVE('',#2764,#3183,#1939,.T.);
#4487=EDGE_CURVE('',#2728,#2730,#1967,.T.);
#4491=EDGE_CURVE('',#3200,#2782,#1981,.T.);
#4493=EDGE_CURVE('',#3199,#3200,#1868,.T.);
#4495=EDGE_CURVE('',#2780,#3199,#1995,.T.);
#4498=EDGE_CURVE('',#3196,#2779,#2031,.T.);
#4500=EDGE_CURVE('',#3195,#3196,#1875,.T.);
#4502=EDGE_CURVE('',#2776,#3195,#2045,.T.);
#4505=EDGE_CURVE('',#3192,#2775,#2081,.T.);
#4507=EDGE_CURVE('',#3191,#3192,#1882,.T.);
#4509=EDGE_CURVE('',#2772,#3191,#2095,.T.);
#4512=EDGE_CURVE('',#3188,#2771,#2131,.T.);
#4514=EDGE_CURVE('',#3187,#3188,#1889,.T.);
#4516=EDGE_CURVE('',#2768,#3187,#2145,.T.);
#4519=EDGE_CURVE('',#3184,#2767,#1925,.T.);
#4530=EDGE_CURVE('',#3164,#3184,#1896,.T.);
#4532=EDGE_CURVE('',#3163,#3164,#1904,.T.);
#4534=EDGE_CURVE('',#3183,#3163,#1911,.T.);
#4544=EDGE_CURVE('',#3124,#3164,#1918,.T.);
#4557=EDGE_CURVE('',#3122,#3163,#1932,.T.);
#4594=EDGE_CURVE('',#3140,#3180,#1974,.T.);
#4596=EDGE_CURVE('',#3180,#3200,#2002,.T.);
#4608=EDGE_CURVE('',#3138,#3179,#1988,.T.);
#4610=EDGE_CURVE('',#3179,#3180,#2010,.T.);
#4623=EDGE_CURVE('',#3199,#3179,#2017,.T.);
#4647=EDGE_CURVE('',#3136,#3176,#2024,.T.);
#4649=EDGE_CURVE('',#3176,#3196,#2052,.T.);
#4661=EDGE_CURVE('',#3134,#3175,#2038,.T.);
#4663=EDGE_CURVE('',#3175,#3176,#2060,.T.);
#4676=EDGE_CURVE('',#3195,#3175,#2067,.T.);
#4700=EDGE_CURVE('',#3132,#3172,#2074,.T.);
#4702=EDGE_CURVE('',#3172,#3192,#2102,.T.);
#4714=EDGE_CURVE('',#3130,#3171,#2088,.T.);
#4716=EDGE_CURVE('',#3171,#3172,#2110,.T.);
#4729=EDGE_CURVE('',#3191,#3171,#2117,.T.);
#4753=EDGE_CURVE('',#3128,#3168,#2124,.T.);
#4755=EDGE_CURVE('',#3168,#3188,#2152,.T.);
#4767=EDGE_CURVE('',#3126,#3167,#2138,.T.);
#4769=EDGE_CURVE('',#3167,#3168,#2160,.T.);
#4782=EDGE_CURVE('',#3187,#3167,#2167,.T.);
#4806=EDGE_CURVE('',#3051,#3016,#2181,.T.);
#4808=EDGE_CURVE('',#3100,#3051,#2202,.T.);
#4820=EDGE_CURVE('',#3052,#3018,#2195,.T.);
#4822=EDGE_CURVE('',#3051,#3052,#2210,.T.);
#4835=EDGE_CURVE('',#3052,#3099,#2217,.T.);
#4859=EDGE_CURVE('',#3047,#3008,#2231,.T.);
#4861=EDGE_CURVE('',#3096,#3047,#2252,.T.);
#4873=EDGE_CURVE('',#3048,#3010,#2245,.T.);
#4875=EDGE_CURVE('',#3047,#3048,#2260,.T.);
#4888=EDGE_CURVE('',#3048,#3095,#2267,.T.);
#4912=EDGE_CURVE('',#3043,#3000,#2281,.T.);
#4914=EDGE_CURVE('',#3092,#3043,#2302,.T.);
#4926=EDGE_CURVE('',#3044,#3002,#2295,.T.);
#4928=EDGE_CURVE('',#3043,#3044,#2310,.T.);
#4941=EDGE_CURVE('',#3044,#3091,#2317,.T.);
#4965=EDGE_CURVE('',#3039,#2994,#2331,.T.);
#4967=EDGE_CURVE('',#3088,#3039,#2352,.T.);
#4979=EDGE_CURVE('',#3040,#2996,#2345,.T.);
#4981=EDGE_CURVE('',#3039,#3040,#2360,.T.);
#4994=EDGE_CURVE('',#3040,#3087,#2367,.T.);
#5018=EDGE_CURVE('',#2895,#2848,#2381,.T.);
#5020=EDGE_CURVE('',#2914,#2895,#2402,.T.);
#5032=EDGE_CURVE('',#2896,#2850,#2395,.T.);
#5034=EDGE_CURVE('',#2895,#2896,#2410,.T.);
#5047=EDGE_CURVE('',#2896,#2916,#2417,.T.);
#5071=EDGE_CURVE('',#2891,#2844,#2431,.T.);
#5073=EDGE_CURVE('',#2910,#2891,#2452,.T.);
#5085=EDGE_CURVE('',#2892,#2846,#2445,.T.);
#5087=EDGE_CURVE('',#2891,#2892,#2460,.T.);
#5100=EDGE_CURVE('',#2892,#2912,#2467,.T.);
#5124=EDGE_CURVE('',#2887,#2840,#2481,.T.);
#5126=EDGE_CURVE('',#2906,#2887,#2502,.T.);
#5138=EDGE_CURVE('',#2888,#2842,#2495,.T.);
#5140=EDGE_CURVE('',#2887,#2888,#2510,.T.);
#5153=EDGE_CURVE('',#2888,#2908,#2517,.T.);
#5177=EDGE_CURVE('',#2883,#2836,#2531,.T.);
#5179=EDGE_CURVE('',#2902,#2883,#2552,.T.);
#5191=EDGE_CURVE('',#2884,#2838,#2545,.T.);
#5193=EDGE_CURVE('',#2883,#2884,#2560,.T.);
#5206=EDGE_CURVE('',#2884,#2904,#2567,.T.);
#5231=EDGE_CURVE('',#2860,#3222,#2574,.T.);
#5233=EDGE_CURVE('',#3222,#2856,#2665,.T.);
#5235=EDGE_CURVE('',#2856,#2859,#2609,.T.);
#5246=EDGE_CURVE('',#2863,#3224,#2595,.T.);
#5248=EDGE_CURVE('',#3222,#3224,#2581,.T.);
#5260=EDGE_CURVE('',#2854,#2864,#2588,.T.);
#5262=EDGE_CURVE('',#2854,#3224,#2644,.T.);
#5274=EDGE_CURVE('',#2853,#2866,#2602,.T.);
#5276=EDGE_CURVE('',#2853,#2854,#2651,.T.);
#5289=EDGE_CURVE('',#2856,#2853,#2658,.T.);
#5300=EDGE_CURVE('',#2827,#2828,#2616,.T.);
#5302=EDGE_CURVE('',#2868,#2827,#2623,.T.);
#5304=EDGE_CURVE('',#2830,#2868,#2630,.T.);
#5306=EDGE_CURVE('',#2828,#2830,#2637,.T.);
#5335=EDGE_CURVE('',#2872,#2828,#2672,.T.);
#5337=EDGE_CURVE('',#2871,#2872,#2700,.T.);
#5339=EDGE_CURVE('',#2827,#2871,#2686,.T.);
#5350=EDGE_CURVE('',#2874,#2830,#2679,.T.);
#5352=EDGE_CURVE('',#2872,#2874,#2707,.T.);
#5364=EDGE_CURVE('',#2876,#2868,#2693,.T.);
#5366=EDGE_CURVE('',#2874,#2876,#2714,.T.);
#5379=EDGE_CURVE('',#2876,#2871,#2721,.T.);
#5406=(LENGTH_UNIT()NAMED_UNIT(*)SI_UNIT(.MILLI.,.METRE.));
#5408=(NAMED_UNIT(*)PLANE_ANGLE_UNIT()SI_UNIT($,.RADIAN.));
#5411=(NAMED_UNIT(*)SI_UNIT($,.STERADIAN.)SOLID_ANGLE_UNIT());
#5417=AXIS2_PLACEMENT_3D('',#5414,#5415,#5416);
#5418=ADVANCED_BREP_SHAPE_REPRESENTATION('',(#5417,#5399),#5413);
#5425=PRODUCT_DEFINITION('part definition','',#5424,#5421);
#5426=PRODUCT_DEFINITION_SHAPE('','SHAPE FOR BODY-QFN.',#5425);
#5427=SHAPE_ASPECT('','solid data associated with BODY-QFN',#5426,.F.);
#5428=PROPERTY_DEFINITION('',
'shape for solid data with which properties are associated',#5427);
#5429=SHAPE_REPRESENTATION('',(#5399),#5413);
#5430=SHAPE_DEFINITION_REPRESENTATION(#5428,#5429);
#5431=(LENGTH_UNIT()NAMED_UNIT(*)SI_UNIT(.MILLI.,.METRE.));
#5435=PROPERTY_DEFINITION('geometric validation property','area of BODY-QFN',
#5427);
#5436=REPRESENTATION('surface area',(#5434),#5413);
#5437=PROPERTY_DEFINITION_REPRESENTATION(#5435,#5436);
#5438=(LENGTH_UNIT()NAMED_UNIT(*)SI_UNIT(.MILLI.,.METRE.));
#5442=PROPERTY_DEFINITION('geometric validation property','volume of BODY-QFN',
#5427);
#5443=REPRESENTATION('volume',(#5441),#5413);
#5444=PROPERTY_DEFINITION_REPRESENTATION(#5442,#5443);
#5446=PROPERTY_DEFINITION('geometric validation property',
'centroid of BODY-QFN',#5427);
#5447=REPRESENTATION('centroid',(#5445),#5413);
#5448=PROPERTY_DEFINITION_REPRESENTATION(#5446,#5447);
#5449=(LENGTH_UNIT()NAMED_UNIT(*)SI_UNIT(.MILLI.,.METRE.));
#5453=PROPERTY_DEFINITION('geometric validation property','area of BODY-QFN',
#5426);
#5454=REPRESENTATION('surface area',(#5452),#5413);
#5455=PROPERTY_DEFINITION_REPRESENTATION(#5453,#5454);
#5456=(LENGTH_UNIT()NAMED_UNIT(*)SI_UNIT(.MILLI.,.METRE.));
#5460=PROPERTY_DEFINITION('geometric validation property','volume of BODY-QFN',
#5426);
#5461=REPRESENTATION('volume',(#5459),#5413);
#5462=PROPERTY_DEFINITION_REPRESENTATION(#5460,#5461);
#5464=PROPERTY_DEFINITION('geometric validation property',
'centroid of BODY-QFN',#5426);
#5465=REPRESENTATION('centroid',(#5463),#5413);
#5466=PROPERTY_DEFINITION_REPRESENTATION(#5464,#5465);
#5467=SHAPE_DEFINITION_REPRESENTATION(#5426,#5418);
#5468=SHAPE_DEFINITION_REPRESENTATION(#5469,#5470);
#5469=PRODUCT_DEFINITION_SHAPE('','SHAPE FOR RVE0028A_ASM.',#11712);
#5470=SHAPE_REPRESENTATION('',(#5480,#11651,#11692,#11707),#11703);
#5471=NEXT_ASSEMBLY_USAGE_OCCURRENCE('0','Next assembly relationship',
'BODY-QFN',#11712,#5425,$);
#5472=PRODUCT_DEFINITION_SHAPE('Placement #0',
'Placement of BODY-QFN with respect to RVE0028A_ASM',#5471);
#5474=PROPERTY_DEFINITION('geometric validation property',
'centroid of BODY-QFN',#5472);
#5475=REPRESENTATION('centroid',(#5473),#5413);
#5476=PROPERTY_DEFINITION_REPRESENTATION(#5474,#5475);
#5715=EDGE_CURVE('',#5704,#5705,#5495,.T.);
#5717=EDGE_CURVE('',#5704,#5707,#5628,.T.);
#5719=EDGE_CURVE('',#5707,#5709,#5621,.T.);
#5721=EDGE_CURVE('',#5709,#5705,#5488,.T.);
#5732=EDGE_CURVE('',#5699,#5705,#5537,.T.);
#5734=EDGE_CURVE('',#5699,#5693,#5502,.T.);
#5736=EDGE_CURVE('',#5693,#5704,#5635,.T.);
#5746=EDGE_CURVE('',#5676,#5677,#5509,.T.);
#5748=EDGE_CURVE('',#5677,#5679,#5516,.T.);
#5750=EDGE_CURVE('',#5679,#5681,#5523,.T.);
#5752=EDGE_CURVE('',#5681,#5676,#5530,.T.);
#5758=EDGE_CURVE('',#5709,#5701,#5544,.T.);
#5760=EDGE_CURVE('',#5701,#5698,#5551,.T.);
#5762=EDGE_CURVE('',#5698,#5699,#5558,.T.);
#5773=EDGE_CURVE('',#5676,#5684,#5565,.T.);
#5775=EDGE_CURVE('',#5684,#5685,#5593,.T.);
#5777=EDGE_CURVE('',#5677,#5685,#5586,.T.);
#5788=EDGE_CURVE('',#5681,#5689,#5572,.T.);
#5790=EDGE_CURVE('',#5689,#5684,#5600,.T.);
#5802=EDGE_CURVE('',#5679,#5687,#5579,.T.);
#5804=EDGE_CURVE('',#5687,#5689,#5607,.T.);
#5817=EDGE_CURVE('',#5685,#5687,#5614,.T.);
#5841=EDGE_CURVE('',#5707,#5695,#5656,.T.);
#5843=EDGE_CURVE('',#5701,#5695,#5670,.T.);
#5856=EDGE_CURVE('',#5692,#5693,#5642,.T.);
#5858=EDGE_CURVE('',#5695,#5692,#5649,.T.);
#5882=EDGE_CURVE('',#5698,#5692,#5663,.T.);
#5921=CIRCLE('',#5920,1.E-1);
#5992=CIRCLE('',#5991,1.E-1);
#6017=EDGE_CURVE('',#5998,#5999,#5913,.T.);
#6019=EDGE_CURVE('',#5999,#6001,#5921,.T.);
#6021=EDGE_CURVE('',#6001,#6003,#5928,.T.);
#6023=EDGE_CURVE('',#6003,#5998,#5935,.T.);
#6041=EDGE_CURVE('',#5998,#6006,#5942,.T.);
#6043=EDGE_CURVE('',#6006,#6007,#5970,.T.);
#6045=EDGE_CURVE('',#5999,#6007,#5963,.T.);
#6056=EDGE_CURVE('',#6003,#6011,#5949,.T.);
#6058=EDGE_CURVE('',#6011,#6006,#5977,.T.);
#6070=EDGE_CURVE('',#6001,#6009,#5956,.T.);
#6072=EDGE_CURVE('',#6009,#6011,#5984,.T.);
#6085=EDGE_CURVE('',#6007,#6009,#5992,.T.);
#6123=CIRCLE('',#6122,1.E-1);
#6194=CIRCLE('',#6193,1.E-1);
#6219=EDGE_CURVE('',#6200,#6201,#6115,.T.);
#6221=EDGE_CURVE('',#6201,#6203,#6123,.T.);
#6223=EDGE_CURVE('',#6203,#6205,#6130,.T.);
#6225=EDGE_CURVE('',#6205,#6200,#6137,.T.);
#6243=EDGE_CURVE('',#6200,#6208,#6144,.T.);
#6245=EDGE_CURVE('',#6208,#6209,#6172,.T.);
#6247=EDGE_CURVE('',#6201,#6209,#6165,.T.);
#6258=EDGE_CURVE('',#6205,#6213,#6151,.T.);
#6260=EDGE_CURVE('',#6213,#6208,#6179,.T.);
#6272=EDGE_CURVE('',#6203,#6211,#6158,.T.);
#6274=EDGE_CURVE('',#6211,#6213,#6186,.T.);
#6287=EDGE_CURVE('',#6209,#6211,#6194,.T.);
#6325=CIRCLE('',#6324,1.E-1);
#6396=CIRCLE('',#6395,1.E-1);
#6421=EDGE_CURVE('',#6402,#6403,#6317,.T.);
#6423=EDGE_CURVE('',#6403,#6405,#6325,.T.);
#6425=EDGE_CURVE('',#6405,#6407,#6332,.T.);
#6427=EDGE_CURVE('',#6407,#6402,#6339,.T.);
#6445=EDGE_CURVE('',#6402,#6410,#6346,.T.);
#6447=EDGE_CURVE('',#6410,#6411,#6374,.T.);
#6449=EDGE_CURVE('',#6403,#6411,#6367,.T.);
#6460=EDGE_CURVE('',#6407,#6415,#6353,.T.);
#6462=EDGE_CURVE('',#6415,#6410,#6381,.T.);
#6474=EDGE_CURVE('',#6405,#6413,#6360,.T.);
#6476=EDGE_CURVE('',#6413,#6415,#6388,.T.);
#6489=EDGE_CURVE('',#6411,#6413,#6396,.T.);
#6527=CIRCLE('',#6526,1.E-1);
#6598=CIRCLE('',#6597,1.E-1);
#6623=EDGE_CURVE('',#6604,#6605,#6519,.T.);
#6625=EDGE_CURVE('',#6605,#6607,#6527,.T.);
#6627=EDGE_CURVE('',#6607,#6609,#6534,.T.);
#6629=EDGE_CURVE('',#6609,#6604,#6541,.T.);
#6647=EDGE_CURVE('',#6604,#6612,#6548,.T.);
#6649=EDGE_CURVE('',#6612,#6613,#6576,.T.);
#6651=EDGE_CURVE('',#6605,#6613,#6569,.T.);
#6662=EDGE_CURVE('',#6609,#6617,#6555,.T.);
#6664=EDGE_CURVE('',#6617,#6612,#6583,.T.);
#6676=EDGE_CURVE('',#6607,#6615,#6562,.T.);
#6678=EDGE_CURVE('',#6615,#6617,#6590,.T.);
#6691=EDGE_CURVE('',#6613,#6615,#6598,.T.);
#6729=CIRCLE('',#6728,1.E-1);
#6800=CIRCLE('',#6799,1.E-1);
#6825=EDGE_CURVE('',#6806,#6807,#6721,.T.);
#6827=EDGE_CURVE('',#6807,#6809,#6729,.T.);
#6829=EDGE_CURVE('',#6809,#6811,#6736,.T.);
#6831=EDGE_CURVE('',#6811,#6806,#6743,.T.);
#6849=EDGE_CURVE('',#6806,#6814,#6750,.T.);
#6851=EDGE_CURVE('',#6814,#6815,#6778,.T.);
#6853=EDGE_CURVE('',#6807,#6815,#6771,.T.);
#6864=EDGE_CURVE('',#6811,#6819,#6757,.T.);
#6866=EDGE_CURVE('',#6819,#6814,#6785,.T.);
#6878=EDGE_CURVE('',#6809,#6817,#6764,.T.);
#6880=EDGE_CURVE('',#6817,#6819,#6792,.T.);
#6893=EDGE_CURVE('',#6815,#6817,#6800,.T.);
#6945=CIRCLE('',#6944,1.E-1);
#6988=CIRCLE('',#6987,1.E-1);
#7027=EDGE_CURVE('',#7008,#7009,#6923,.T.);
#7029=EDGE_CURVE('',#7013,#7008,#6930,.T.);
#7031=EDGE_CURVE('',#7011,#7013,#6937,.T.);
#7033=EDGE_CURVE('',#7009,#7011,#6945,.T.);
#7051=EDGE_CURVE('',#7009,#7017,#6959,.T.);
#7053=EDGE_CURVE('',#7016,#7017,#6980,.T.);
#7055=EDGE_CURVE('',#7008,#7016,#6952,.T.);
#7066=EDGE_CURVE('',#7011,#7019,#6966,.T.);
#7068=EDGE_CURVE('',#7017,#7019,#6988,.T.);
#7080=EDGE_CURVE('',#7013,#7021,#6973,.T.);
#7082=EDGE_CURVE('',#7019,#7021,#6995,.T.);
#7095=EDGE_CURVE('',#7021,#7016,#7002,.T.);
#7147=CIRCLE('',#7146,1.E-1);
#7190=CIRCLE('',#7189,1.E-1);
#7229=EDGE_CURVE('',#7210,#7211,#7125,.T.);
#7231=EDGE_CURVE('',#7215,#7210,#7132,.T.);
#7233=EDGE_CURVE('',#7213,#7215,#7139,.T.);
#7235=EDGE_CURVE('',#7211,#7213,#7147,.T.);
#7253=EDGE_CURVE('',#7211,#7219,#7161,.T.);
#7255=EDGE_CURVE('',#7218,#7219,#7182,.T.);
#7257=EDGE_CURVE('',#7210,#7218,#7154,.T.);
#7268=EDGE_CURVE('',#7213,#7221,#7168,.T.);
#7270=EDGE_CURVE('',#7219,#7221,#7190,.T.);
#7282=EDGE_CURVE('',#7215,#7223,#7175,.T.);
#7284=EDGE_CURVE('',#7221,#7223,#7197,.T.);
#7297=EDGE_CURVE('',#7223,#7218,#7204,.T.);
#7349=CIRCLE('',#7348,1.E-1);
#7392=CIRCLE('',#7391,1.E-1);
#7431=EDGE_CURVE('',#7412,#7413,#7327,.T.);
#7433=EDGE_CURVE('',#7417,#7412,#7334,.T.);
#7435=EDGE_CURVE('',#7415,#7417,#7341,.T.);
#7437=EDGE_CURVE('',#7413,#7415,#7349,.T.);
#7455=EDGE_CURVE('',#7413,#7421,#7363,.T.);
#7457=EDGE_CURVE('',#7420,#7421,#7384,.T.);
#7459=EDGE_CURVE('',#7412,#7420,#7356,.T.);
#7470=EDGE_CURVE('',#7415,#7423,#7370,.T.);
#7472=EDGE_CURVE('',#7421,#7423,#7392,.T.);
#7484=EDGE_CURVE('',#7417,#7425,#7377,.T.);
#7486=EDGE_CURVE('',#7423,#7425,#7399,.T.);
#7499=EDGE_CURVE('',#7425,#7420,#7406,.T.);
#7551=CIRCLE('',#7550,1.E-1);
#7594=CIRCLE('',#7593,1.E-1);
#7633=EDGE_CURVE('',#7614,#7615,#7529,.T.);
#7635=EDGE_CURVE('',#7619,#7614,#7536,.T.);
#7637=EDGE_CURVE('',#7617,#7619,#7543,.T.);
#7639=EDGE_CURVE('',#7615,#7617,#7551,.T.);
#7657=EDGE_CURVE('',#7615,#7623,#7565,.T.);
#7659=EDGE_CURVE('',#7622,#7623,#7586,.T.);
#7661=EDGE_CURVE('',#7614,#7622,#7558,.T.);
#7672=EDGE_CURVE('',#7617,#7625,#7572,.T.);
#7674=EDGE_CURVE('',#7623,#7625,#7594,.T.);
#7686=EDGE_CURVE('',#7619,#7627,#7579,.T.);
#7688=EDGE_CURVE('',#7625,#7627,#7601,.T.);
#7701=EDGE_CURVE('',#7627,#7622,#7608,.T.);
#7753=CIRCLE('',#7752,1.E-1);
#7796=CIRCLE('',#7795,1.E-1);
#7835=EDGE_CURVE('',#7816,#7817,#7731,.T.);
#7837=EDGE_CURVE('',#7821,#7816,#7738,.T.);
#7839=EDGE_CURVE('',#7819,#7821,#7745,.T.);
#7841=EDGE_CURVE('',#7817,#7819,#7753,.T.);
#7859=EDGE_CURVE('',#7817,#7825,#7767,.T.);
#7861=EDGE_CURVE('',#7824,#7825,#7788,.T.);
#7863=EDGE_CURVE('',#7816,#7824,#7760,.T.);
#7874=EDGE_CURVE('',#7819,#7827,#7774,.T.);
#7876=EDGE_CURVE('',#7825,#7827,#7796,.T.);
#7888=EDGE_CURVE('',#7821,#7829,#7781,.T.);
#7890=EDGE_CURVE('',#7827,#7829,#7803,.T.);
#7903=EDGE_CURVE('',#7829,#7824,#7810,.T.);
#7941=CIRCLE('',#7940,1.E-1);
#8012=CIRCLE('',#8011,1.E-1);
#8037=EDGE_CURVE('',#8018,#8019,#7933,.T.);
#8039=EDGE_CURVE('',#8019,#8021,#7941,.T.);
#8041=EDGE_CURVE('',#8021,#8023,#7948,.T.);
#8043=EDGE_CURVE('',#8023,#8018,#7955,.T.);
#8061=EDGE_CURVE('',#8018,#8026,#7962,.T.);
#8063=EDGE_CURVE('',#8026,#8027,#7990,.T.);
#8065=EDGE_CURVE('',#8019,#8027,#7983,.T.);
#8076=EDGE_CURVE('',#8023,#8031,#7969,.T.);
#8078=EDGE_CURVE('',#8031,#8026,#7997,.T.);
#8090=EDGE_CURVE('',#8021,#8029,#7976,.T.);
#8092=EDGE_CURVE('',#8029,#8031,#8004,.T.);
#8105=EDGE_CURVE('',#8027,#8029,#8012,.T.);
#8143=CIRCLE('',#8142,1.E-1);
#8214=CIRCLE('',#8213,1.E-1);
#8239=EDGE_CURVE('',#8220,#8221,#8135,.T.);
#8241=EDGE_CURVE('',#8221,#8223,#8143,.T.);
#8243=EDGE_CURVE('',#8223,#8225,#8150,.T.);
#8245=EDGE_CURVE('',#8225,#8220,#8157,.T.);
#8263=EDGE_CURVE('',#8220,#8228,#8164,.T.);
#8265=EDGE_CURVE('',#8228,#8229,#8192,.T.);
#8267=EDGE_CURVE('',#8221,#8229,#8185,.T.);
#8278=EDGE_CURVE('',#8225,#8233,#8171,.T.);
#8280=EDGE_CURVE('',#8233,#8228,#8199,.T.);
#8292=EDGE_CURVE('',#8223,#8231,#8178,.T.);
#8294=EDGE_CURVE('',#8231,#8233,#8206,.T.);
#8307=EDGE_CURVE('',#8229,#8231,#8214,.T.);
#8345=CIRCLE('',#8344,1.E-1);
#8416=CIRCLE('',#8415,1.E-1);
#8441=EDGE_CURVE('',#8422,#8423,#8337,.T.);
#8443=EDGE_CURVE('',#8423,#8425,#8345,.T.);
#8445=EDGE_CURVE('',#8425,#8427,#8352,.T.);
#8447=EDGE_CURVE('',#8427,#8422,#8359,.T.);
#8465=EDGE_CURVE('',#8422,#8430,#8366,.T.);
#8467=EDGE_CURVE('',#8430,#8431,#8394,.T.);
#8469=EDGE_CURVE('',#8423,#8431,#8387,.T.);
#8480=EDGE_CURVE('',#8427,#8435,#8373,.T.);
#8482=EDGE_CURVE('',#8435,#8430,#8401,.T.);
#8494=EDGE_CURVE('',#8425,#8433,#8380,.T.);
#8496=EDGE_CURVE('',#8433,#8435,#8408,.T.);
#8509=EDGE_CURVE('',#8431,#8433,#8416,.T.);
#8547=CIRCLE('',#8546,1.E-1);
#8618=CIRCLE('',#8617,1.E-1);
#8643=EDGE_CURVE('',#8624,#8625,#8539,.T.);
#8645=EDGE_CURVE('',#8625,#8627,#8547,.T.);
#8647=EDGE_CURVE('',#8627,#8629,#8554,.T.);
#8649=EDGE_CURVE('',#8629,#8624,#8561,.T.);
#8667=EDGE_CURVE('',#8624,#8632,#8568,.T.);
#8669=EDGE_CURVE('',#8632,#8633,#8596,.T.);
#8671=EDGE_CURVE('',#8625,#8633,#8589,.T.);
#8682=EDGE_CURVE('',#8629,#8637,#8575,.T.);
#8684=EDGE_CURVE('',#8637,#8632,#8603,.T.);
#8696=EDGE_CURVE('',#8627,#8635,#8582,.T.);
#8698=EDGE_CURVE('',#8635,#8637,#8610,.T.);
#8711=EDGE_CURVE('',#8633,#8635,#8618,.T.);
#8763=CIRCLE('',#8762,1.E-1);
#8806=CIRCLE('',#8805,1.E-1);
#8845=EDGE_CURVE('',#8826,#8827,#8741,.T.);
#8847=EDGE_CURVE('',#8831,#8826,#8748,.T.);
#8849=EDGE_CURVE('',#8829,#8831,#8755,.T.);
#8851=EDGE_CURVE('',#8827,#8829,#8763,.T.);
#8869=EDGE_CURVE('',#8827,#8835,#8777,.T.);
#8871=EDGE_CURVE('',#8834,#8835,#8798,.T.);
#8873=EDGE_CURVE('',#8826,#8834,#8770,.T.);
#8884=EDGE_CURVE('',#8829,#8837,#8784,.T.);
#8886=EDGE_CURVE('',#8835,#8837,#8806,.T.);
#8898=EDGE_CURVE('',#8831,#8839,#8791,.T.);
#8900=EDGE_CURVE('',#8837,#8839,#8813,.T.);
#8913=EDGE_CURVE('',#8839,#8834,#8820,.T.);
#8965=CIRCLE('',#8964,1.E-1);
#9008=CIRCLE('',#9007,1.E-1);
#9047=EDGE_CURVE('',#9028,#9029,#8943,.T.);
#9049=EDGE_CURVE('',#9033,#9028,#8950,.T.);
#9051=EDGE_CURVE('',#9031,#9033,#8957,.T.);
#9053=EDGE_CURVE('',#9029,#9031,#8965,.T.);
#9071=EDGE_CURVE('',#9029,#9037,#8979,.T.);
#9073=EDGE_CURVE('',#9036,#9037,#9000,.T.);
#9075=EDGE_CURVE('',#9028,#9036,#8972,.T.);
#9086=EDGE_CURVE('',#9031,#9039,#8986,.T.);
#9088=EDGE_CURVE('',#9037,#9039,#9008,.T.);
#9100=EDGE_CURVE('',#9033,#9041,#8993,.T.);
#9102=EDGE_CURVE('',#9039,#9041,#9015,.T.);
#9115=EDGE_CURVE('',#9041,#9036,#9022,.T.);
#9167=CIRCLE('',#9166,1.E-1);
#9210=CIRCLE('',#9209,1.E-1);
#9249=EDGE_CURVE('',#9230,#9231,#9145,.T.);
#9251=EDGE_CURVE('',#9235,#9230,#9152,.T.);
#9253=EDGE_CURVE('',#9233,#9235,#9159,.T.);
#9255=EDGE_CURVE('',#9231,#9233,#9167,.T.);
#9273=EDGE_CURVE('',#9231,#9239,#9181,.T.);
#9275=EDGE_CURVE('',#9238,#9239,#9202,.T.);
#9277=EDGE_CURVE('',#9230,#9238,#9174,.T.);
#9288=EDGE_CURVE('',#9233,#9241,#9188,.T.);
#9290=EDGE_CURVE('',#9239,#9241,#9210,.T.);
#9302=EDGE_CURVE('',#9235,#9243,#9195,.T.);
#9304=EDGE_CURVE('',#9241,#9243,#9217,.T.);
#9317=EDGE_CURVE('',#9243,#9238,#9224,.T.);
#9369=CIRCLE('',#9368,1.E-1);
#9412=CIRCLE('',#9411,1.E-1);
#9451=EDGE_CURVE('',#9432,#9433,#9347,.T.);
#9453=EDGE_CURVE('',#9437,#9432,#9354,.T.);
#9455=EDGE_CURVE('',#9435,#9437,#9361,.T.);
#9457=EDGE_CURVE('',#9433,#9435,#9369,.T.);
#9475=EDGE_CURVE('',#9433,#9441,#9383,.T.);
#9477=EDGE_CURVE('',#9440,#9441,#9404,.T.);
#9479=EDGE_CURVE('',#9432,#9440,#9376,.T.);
#9490=EDGE_CURVE('',#9435,#9443,#9390,.T.);
#9492=EDGE_CURVE('',#9441,#9443,#9412,.T.);
#9504=EDGE_CURVE('',#9437,#9445,#9397,.T.);
#9506=EDGE_CURVE('',#9443,#9445,#9419,.T.);
#9519=EDGE_CURVE('',#9445,#9440,#9426,.T.);
#9557=CIRCLE('',#9556,1.E-1);
#9628=CIRCLE('',#9627,1.E-1);
#9653=EDGE_CURVE('',#9634,#9635,#9549,.T.);
#9655=EDGE_CURVE('',#9635,#9637,#9557,.T.);
#9657=EDGE_CURVE('',#9637,#9639,#9564,.T.);
#9659=EDGE_CURVE('',#9639,#9634,#9571,.T.);
#9677=EDGE_CURVE('',#9634,#9642,#9578,.T.);
#9679=EDGE_CURVE('',#9642,#9643,#9606,.T.);
#9681=EDGE_CURVE('',#9635,#9643,#9599,.T.);
#9692=EDGE_CURVE('',#9639,#9647,#9585,.T.);
#9694=EDGE_CURVE('',#9647,#9642,#9613,.T.);
#9706=EDGE_CURVE('',#9637,#9645,#9592,.T.);
#9708=EDGE_CURVE('',#9645,#9647,#9620,.T.);
#9721=EDGE_CURVE('',#9643,#9645,#9628,.T.);
#9759=CIRCLE('',#9758,1.E-1);
#9830=CIRCLE('',#9829,1.E-1);
#9855=EDGE_CURVE('',#9836,#9837,#9751,.T.);
#9857=EDGE_CURVE('',#9837,#9839,#9759,.T.);
#9859=EDGE_CURVE('',#9839,#9841,#9766,.T.);
#9861=EDGE_CURVE('',#9841,#9836,#9773,.T.);
#9879=EDGE_CURVE('',#9836,#9844,#9780,.T.);
#9881=EDGE_CURVE('',#9844,#9845,#9808,.T.);
#9883=EDGE_CURVE('',#9837,#9845,#9801,.T.);
#9894=EDGE_CURVE('',#9841,#9849,#9787,.T.);
#9896=EDGE_CURVE('',#9849,#9844,#9815,.T.);
#9908=EDGE_CURVE('',#9839,#9847,#9794,.T.);
#9910=EDGE_CURVE('',#9847,#9849,#9822,.T.);
#9923=EDGE_CURVE('',#9845,#9847,#9830,.T.);
#9961=CIRCLE('',#9960,1.E-1);
#10032=CIRCLE('',#10031,1.E-1);
#10057=EDGE_CURVE('',#10038,#10039,#9953,.T.);
#10059=EDGE_CURVE('',#10039,#10041,#9961,.T.);
#10061=EDGE_CURVE('',#10041,#10043,#9968,.T.);
#10063=EDGE_CURVE('',#10043,#10038,#9975,.T.);
#10081=EDGE_CURVE('',#10038,#10046,#9982,.T.);
#10083=EDGE_CURVE('',#10046,#10047,#10010,.T.);
#10085=EDGE_CURVE('',#10039,#10047,#10003,.T.);
#10096=EDGE_CURVE('',#10043,#10051,#9989,.T.);
#10098=EDGE_CURVE('',#10051,#10046,#10017,.T.);
#10110=EDGE_CURVE('',#10041,#10049,#9996,.T.);
#10112=EDGE_CURVE('',#10049,#10051,#10024,.T.);
#10125=EDGE_CURVE('',#10047,#10049,#10032,.T.);
#10163=CIRCLE('',#10162,1.E-1);
#10234=CIRCLE('',#10233,1.E-1);
#10259=EDGE_CURVE('',#10240,#10241,#10155,.T.);
#10261=EDGE_CURVE('',#10241,#10243,#10163,.T.);
#10263=EDGE_CURVE('',#10243,#10245,#10170,.T.);
#10265=EDGE_CURVE('',#10245,#10240,#10177,.T.);
#10283=EDGE_CURVE('',#10240,#10248,#10184,.T.);
#10285=EDGE_CURVE('',#10248,#10249,#10212,.T.);
#10287=EDGE_CURVE('',#10241,#10249,#10205,.T.);
#10298=EDGE_CURVE('',#10245,#10253,#10191,.T.);
#10300=EDGE_CURVE('',#10253,#10248,#10219,.T.);
#10312=EDGE_CURVE('',#10243,#10251,#10198,.T.);
#10314=EDGE_CURVE('',#10251,#10253,#10226,.T.);
#10327=EDGE_CURVE('',#10249,#10251,#10234,.T.);
#10365=CIRCLE('',#10364,1.E-1);
#10436=CIRCLE('',#10435,1.E-1);
#10461=EDGE_CURVE('',#10442,#10443,#10357,.T.);
#10463=EDGE_CURVE('',#10443,#10445,#10365,.T.);
#10465=EDGE_CURVE('',#10445,#10447,#10372,.T.);
#10467=EDGE_CURVE('',#10447,#10442,#10379,.T.);
#10485=EDGE_CURVE('',#10442,#10450,#10386,.T.);
#10487=EDGE_CURVE('',#10450,#10451,#10414,.T.);
#10489=EDGE_CURVE('',#10443,#10451,#10407,.T.);
#10500=EDGE_CURVE('',#10447,#10455,#10393,.T.);
#10502=EDGE_CURVE('',#10455,#10450,#10421,.T.);
#10514=EDGE_CURVE('',#10445,#10453,#10400,.T.);
#10516=EDGE_CURVE('',#10453,#10455,#10428,.T.);
#10529=EDGE_CURVE('',#10451,#10453,#10436,.T.);
#10581=CIRCLE('',#10580,1.E-1);
#10624=CIRCLE('',#10623,1.E-1);
#10663=EDGE_CURVE('',#10644,#10645,#10559,.T.);
#10665=EDGE_CURVE('',#10649,#10644,#10566,.T.);
#10667=EDGE_CURVE('',#10647,#10649,#10573,.T.);
#10669=EDGE_CURVE('',#10645,#10647,#10581,.T.);
#10687=EDGE_CURVE('',#10645,#10653,#10595,.T.);
#10689=EDGE_CURVE('',#10652,#10653,#10616,.T.);
#10691=EDGE_CURVE('',#10644,#10652,#10588,.T.);
#10702=EDGE_CURVE('',#10647,#10655,#10602,.T.);
#10704=EDGE_CURVE('',#10653,#10655,#10624,.T.);
#10716=EDGE_CURVE('',#10649,#10657,#10609,.T.);
#10718=EDGE_CURVE('',#10655,#10657,#10631,.T.);
#10731=EDGE_CURVE('',#10657,#10652,#10638,.T.);
#10783=CIRCLE('',#10782,1.E-1);
#10826=CIRCLE('',#10825,1.E-1);
#10865=EDGE_CURVE('',#10846,#10847,#10761,.T.);
#10867=EDGE_CURVE('',#10851,#10846,#10768,.T.);
#10869=EDGE_CURVE('',#10849,#10851,#10775,.T.);
#10871=EDGE_CURVE('',#10847,#10849,#10783,.T.);
#10889=EDGE_CURVE('',#10847,#10855,#10797,.T.);
#10891=EDGE_CURVE('',#10854,#10855,#10818,.T.);
#10893=EDGE_CURVE('',#10846,#10854,#10790,.T.);
#10904=EDGE_CURVE('',#10849,#10857,#10804,.T.);
#10906=EDGE_CURVE('',#10855,#10857,#10826,.T.);
#10918=EDGE_CURVE('',#10851,#10859,#10811,.T.);
#10920=EDGE_CURVE('',#10857,#10859,#10833,.T.);
#10933=EDGE_CURVE('',#10859,#10854,#10840,.T.);
#10985=CIRCLE('',#10984,1.E-1);
#11028=CIRCLE('',#11027,1.E-1);
#11067=EDGE_CURVE('',#11048,#11049,#10963,.T.);
#11069=EDGE_CURVE('',#11053,#11048,#10970,.T.);
#11071=EDGE_CURVE('',#11051,#11053,#10977,.T.);
#11073=EDGE_CURVE('',#11049,#11051,#10985,.T.);
#11091=EDGE_CURVE('',#11049,#11057,#10999,.T.);
#11093=EDGE_CURVE('',#11056,#11057,#11020,.T.);
#11095=EDGE_CURVE('',#11048,#11056,#10992,.T.);
#11106=EDGE_CURVE('',#11051,#11059,#11006,.T.);
#11108=EDGE_CURVE('',#11057,#11059,#11028,.T.);
#11120=EDGE_CURVE('',#11053,#11061,#11013,.T.);
#11122=EDGE_CURVE('',#11059,#11061,#11035,.T.);
#11135=EDGE_CURVE('',#11061,#11056,#11042,.T.);
#11187=CIRCLE('',#11186,1.E-1);
#11230=CIRCLE('',#11229,1.E-1);
#11269=EDGE_CURVE('',#11250,#11251,#11165,.T.);
#11271=EDGE_CURVE('',#11255,#11250,#11172,.T.);
#11273=EDGE_CURVE('',#11253,#11255,#11179,.T.);
#11275=EDGE_CURVE('',#11251,#11253,#11187,.T.);
#11293=EDGE_CURVE('',#11251,#11259,#11201,.T.);
#11295=EDGE_CURVE('',#11258,#11259,#11222,.T.);
#11297=EDGE_CURVE('',#11250,#11258,#11194,.T.);
#11308=EDGE_CURVE('',#11253,#11261,#11208,.T.);
#11310=EDGE_CURVE('',#11259,#11261,#11230,.T.);
#11322=EDGE_CURVE('',#11255,#11263,#11215,.T.);
#11324=EDGE_CURVE('',#11261,#11263,#11237,.T.);
#11337=EDGE_CURVE('',#11263,#11258,#11244,.T.);
#11389=CIRCLE('',#11388,1.E-1);
#11432=CIRCLE('',#11431,1.E-1);
#11471=EDGE_CURVE('',#11452,#11453,#11367,.T.);
#11473=EDGE_CURVE('',#11457,#11452,#11374,.T.);
#11475=EDGE_CURVE('',#11455,#11457,#11381,.T.);
#11477=EDGE_CURVE('',#11453,#11455,#11389,.T.);
#11495=EDGE_CURVE('',#11453,#11461,#11403,.T.);
#11497=EDGE_CURVE('',#11460,#11461,#11424,.T.);
#11499=EDGE_CURVE('',#11452,#11460,#11396,.T.);
#11510=EDGE_CURVE('',#11455,#11463,#11410,.T.);
#11512=EDGE_CURVE('',#11461,#11463,#11432,.T.);
#11524=EDGE_CURVE('',#11457,#11465,#11417,.T.);
#11526=EDGE_CURVE('',#11463,#11465,#11439,.T.);
#11539=EDGE_CURVE('',#11465,#11460,#11446,.T.);
#11565=(LENGTH_UNIT()NAMED_UNIT(*)SI_UNIT(.MILLI.,.METRE.));
#11567=(NAMED_UNIT(*)PLANE_ANGLE_UNIT()SI_UNIT($,.RADIAN.));
#11570=(NAMED_UNIT(*)SI_UNIT($,.STERADIAN.)SOLID_ANGLE_UNIT());
#11576=AXIS2_PLACEMENT_3D('',#11573,#11574,#11575);
#11577=ADVANCED_BREP_SHAPE_REPRESENTATION('',(#11576,#5902,#6104,#6306,#6508,
#6710,#6912,#7114,#7316,#7518,#7720,#7922,#8124,#8326,#8528,#8730,#8932,#9134,
#9336,#9538,#9740,#9942,#10144,#10346,#10548,#10750,#10952,#11154,#11356,
#11558),#11572);
#11581=PRODUCT_DEFINITION('part definition','',#11580,#5421);
#11582=PRODUCT_DEFINITION_SHAPE('','SHAPE FOR FRAME-RVE0028A.',#11581);
#11583=SHAPE_ASPECT('','solid data associated with FRAME-RVE0028A',#11582,.F.);
#11584=PROPERTY_DEFINITION('',
'shape for solid data with which properties are associated',#11583);
#11585=SHAPE_REPRESENTATION('',(#11558),#11572);
#11586=SHAPE_DEFINITION_REPRESENTATION(#11584,#11585);
#11587=(LENGTH_UNIT()NAMED_UNIT(*)SI_UNIT(.MILLI.,.METRE.));
#11591=PROPERTY_DEFINITION('geometric validation property',
'area of FRAME-RVE0028A',#11583);
#11592=REPRESENTATION('surface area',(#11590),#11572);
#11593=PROPERTY_DEFINITION_REPRESENTATION(#11591,#11592);
#11594=(LENGTH_UNIT()NAMED_UNIT(*)SI_UNIT(.MILLI.,.METRE.));
#11598=PROPERTY_DEFINITION('geometric validation property',
'volume of FRAME-RVE0028A',#11583);
#11599=REPRESENTATION('volume',(#11597),#11572);
#11600=PROPERTY_DEFINITION_REPRESENTATION(#11598,#11599);
#11602=PROPERTY_DEFINITION('geometric validation property',
'centroid of FRAME-RVE0028A',#11583);
#11603=REPRESENTATION('centroid',(#11601),#11572);
#11604=PROPERTY_DEFINITION_REPRESENTATION(#11602,#11603);
#11605=(LENGTH_UNIT()NAMED_UNIT(*)SI_UNIT(.MILLI.,.METRE.));
#11609=PROPERTY_DEFINITION('geometric validation property',
'area of FRAME-RVE0028A',#11582);
#11610=REPRESENTATION('surface area',(#11608),#11572);
#11611=PROPERTY_DEFINITION_REPRESENTATION(#11609,#11610);
#11612=(LENGTH_UNIT()NAMED_UNIT(*)SI_UNIT(.MILLI.,.METRE.));
#11616=PROPERTY_DEFINITION('geometric validation property',
'volume of FRAME-RVE0028A',#11582);
#11617=REPRESENTATION('volume',(#11615),#11572);
#11618=PROPERTY_DEFINITION_REPRESENTATION(#11616,#11617);
#11620=PROPERTY_DEFINITION('geometric validation property',
'centroid of FRAME-RVE0028A',#11582);
#11621=REPRESENTATION('centroid',(#11619),#11572);
#11622=PROPERTY_DEFINITION_REPRESENTATION(#11620,#11621);
#11623=SHAPE_DEFINITION_REPRESENTATION(#11582,#11577);
#11624=PROPERTY_DEFINITION('user defined attribute','',#11581);
#11628=REPRESENTATION('',(#11627),#11572);
#11629=PROPERTY_DEFINITION_REPRESENTATION(#11624,#11628);
#11630=PROPERTY_DEFINITION('user defined attribute','',#11581);
#11634=REPRESENTATION('',(#11633),#11572);
#11635=PROPERTY_DEFINITION_REPRESENTATION(#11630,#11634);
#11636=PROPERTY_DEFINITION('user defined attribute','',#11581);
#11640=REPRESENTATION('',(#11639),#11572);
#11641=PROPERTY_DEFINITION_REPRESENTATION(#11636,#11640);
#11642=NEXT_ASSEMBLY_USAGE_OCCURRENCE('1','Next assembly relationship',
'FRAME-RVE0028A',#11712,#11581,$);
#11643=PRODUCT_DEFINITION_SHAPE('Placement #1',
'Placement of FRAME-RVE0028A with respect to RVE0028A_ASM',#11642);
#11645=PROPERTY_DEFINITION('geometric validation property',
'centroid of FRAME-RVE0028A',#11643);
#11646=REPRESENTATION('centroid',(#11644),#11572);
#11647=PROPERTY_DEFINITION_REPRESENTATION(#11645,#11646);
#11655=(LENGTH_UNIT()NAMED_UNIT(*)SI_UNIT(.MILLI.,.METRE.));
#11657=(NAMED_UNIT(*)PLANE_ANGLE_UNIT()SI_UNIT($,.RADIAN.));
#11660=(NAMED_UNIT(*)SI_UNIT($,.STERADIAN.)SOLID_ANGLE_UNIT());
#11666=AXIS2_PLACEMENT_3D('',#11663,#11664,#11665);
#11667=SHAPE_REPRESENTATION('',(#11666),#11662);
#11672=PRODUCT_DEFINITION('part definition','',#11671,#11668);
#11673=PRODUCT_DEFINITION_SHAPE('','SHAPE FOR PIN1-ID.',#11672);
#11674=SHAPE_DEFINITION_REPRESENTATION(#11673,#11667);
#11675=PROPERTY_DEFINITION('user defined attribute','',#11672);
#11679=REPRESENTATION('',(#11678),#11662);
#11680=PROPERTY_DEFINITION_REPRESENTATION(#11675,#11679);
#11681=PROPERTY_DEFINITION('user defined attribute','',#11672);
#11685=REPRESENTATION('',(#11684),#11662);
#11686=PROPERTY_DEFINITION_REPRESENTATION(#11681,#11685);
#11687=NEXT_ASSEMBLY_USAGE_OCCURRENCE('2','Next assembly relationship',
'PIN1-ID',#11712,#11672,$);
#11688=PRODUCT_DEFINITION_SHAPE('Placement #2',
'Placement of PIN1-ID with respect to RVE0028A_ASM',#11687);
#11696=(LENGTH_UNIT()NAMED_UNIT(*)SI_UNIT(.MILLI.,.METRE.));
#11698=(NAMED_UNIT(*)PLANE_ANGLE_UNIT()SI_UNIT($,.RADIAN.));
#11701=(NAMED_UNIT(*)SI_UNIT($,.STERADIAN.)SOLID_ANGLE_UNIT());
#11707=AXIS2_PLACEMENT_3D('',#11704,#11705,#11706);
#11712=PRODUCT_DEFINITION('part definition','',#11711,#11668);
#11713=(LENGTH_UNIT()NAMED_UNIT(*)SI_UNIT(.MILLI.,.METRE.));
#11717=PROPERTY_DEFINITION('geometric validation property',
'area of RVE0028A_ASM',#5469);
#11718=REPRESENTATION('surface area',(#11716),#11703);
#11719=PROPERTY_DEFINITION_REPRESENTATION(#11717,#11718);
#11720=(LENGTH_UNIT()NAMED_UNIT(*)SI_UNIT(.MILLI.,.METRE.));
#11724=PROPERTY_DEFINITION('geometric validation property',
'volume of RVE0028A_ASM',#5469);
#11725=REPRESENTATION('volume',(#11723),#11703);
#11726=PROPERTY_DEFINITION_REPRESENTATION(#11724,#11725);
#11728=PROPERTY_DEFINITION('geometric validation property',
'centroid of RVE0028A_ASM',#5469);
#11729=REPRESENTATION('centroid',(#11727),#11703);
#11730=PROPERTY_DEFINITION_REPRESENTATION(#11728,#11729);
#11732=PROPERTY_DEFINITION('user defined attribute','',#11712);
#11735=PROPERTY_DEFINITION('user defined attribute','',#11712);
#11739=REPRESENTATION('',(#11738),#11703);
#11740=PROPERTY_DEFINITION_REPRESENTATION(#11735,#11739);
#11741=PROPERTY_DEFINITION('user defined attribute','',#11712);
#11745=REPRESENTATION('',(#11744),#11703);
#11746=PROPERTY_DEFINITION_REPRESENTATION(#11741,#11745);
#11747=PROPERTY_DEFINITION('user defined attribute','',#11712);
#11751=REPRESENTATION('',(#11750),#11703);
#11752=PROPERTY_DEFINITION_REPRESENTATION(#11747,#11751);
#11753=PROPERTY_DEFINITION('user defined attribute','',#11712);
#11757=REPRESENTATION('',(#11756),#11703);
#11758=PROPERTY_DEFINITION_REPRESENTATION(#11753,#11757);
#11759=PROPERTY_DEFINITION('user defined attribute','',#11712);
#11763=REPRESENTATION('',(#11762),#11703);
#11764=PROPERTY_DEFINITION_REPRESENTATION(#11759,#11763);
#11765=PROPERTY_DEFINITION('user defined attribute','',#11712);
#11769=REPRESENTATION('',(#11768),#11703);
#11770=PROPERTY_DEFINITION_REPRESENTATION(#11765,#11769);
#11771=PROPERTY_DEFINITION('user defined attribute','',#11712);
#11775=REPRESENTATION('',(#11774),#11703);
#11776=PROPERTY_DEFINITION_REPRESENTATION(#11771,#11775);
#11777=PROPERTY_DEFINITION('user defined attribute','',#11712);
#11781=REPRESENTATION('',(#11780),#11703);
#11782=PROPERTY_DEFINITION_REPRESENTATION(#11777,#11781);
#11783=PROPERTY_DEFINITION('user defined attribute','',#11712);
#11787=REPRESENTATION('',(#11786),#11703);
#11788=PROPERTY_DEFINITION_REPRESENTATION(#11783,#11787);
#11789=PROPERTY_DEFINITION('user defined attribute','',#11712);
#11793=REPRESENTATION('',(#11792),#11703);
#11794=PROPERTY_DEFINITION_REPRESENTATION(#11789,#11793);
#11795=PROPERTY_DEFINITION('user defined attribute','',#11712);
#11799=REPRESENTATION('',(#11798),#11703);
#11800=PROPERTY_DEFINITION_REPRESENTATION(#11795,#11799);
#11801=PROPERTY_DEFINITION('user defined attribute','',#11712);
#11805=REPRESENTATION('',(#11804),#11703);
#11806=PROPERTY_DEFINITION_REPRESENTATION(#11801,#11805);
#11807=PROPERTY_DEFINITION('user defined attribute','',#11712);
#11811=REPRESENTATION('',(#11810),#11703);
#11812=PROPERTY_DEFINITION_REPRESENTATION(#11807,#11811);
#11813=PROPERTY_DEFINITION('user defined attribute','',#11712);
#11817=REPRESENTATION('',(#11816),#11703);
#11818=PROPERTY_DEFINITION_REPRESENTATION(#11813,#11817);
#11819=PROPERTY_DEFINITION('user defined attribute','',#11712);
#11823=REPRESENTATION('',(#11822),#11703);
#11824=PROPERTY_DEFINITION_REPRESENTATION(#11819,#11823);
#11825=PROPERTY_DEFINITION('user defined attribute','',#11712);
#11829=REPRESENTATION('',(#11828),#11703);
#11830=PROPERTY_DEFINITION_REPRESENTATION(#11825,#11829);
#11831=PROPERTY_DEFINITION('user defined attribute','',#11712);
#11835=REPRESENTATION('',(#11834),#11703);
#11836=PROPERTY_DEFINITION_REPRESENTATION(#11831,#11835);
#11837=PROPERTY_DEFINITION('user defined attribute','',#11712);
#11841=REPRESENTATION('',(#11840),#11703);
#11842=PROPERTY_DEFINITION_REPRESENTATION(#11837,#11841);
#11843=PROPERTY_DEFINITION('user defined attribute','',#11712);
#11847=REPRESENTATION('',(#11846),#11703);
#11848=PROPERTY_DEFINITION_REPRESENTATION(#11843,#11847);
#11849=PROPERTY_DEFINITION('user defined attribute','',#11712);
#11853=REPRESENTATION('',(#11852),#11703);
#11854=PROPERTY_DEFINITION_REPRESENTATION(#11849,#11853);
#11855=PROPERTY_DEFINITION('user defined attribute','',#11712);
#11859=REPRESENTATION('',(#11858),#11703);
#11860=PROPERTY_DEFINITION_REPRESENTATION(#11855,#11859);
#11861=PROPERTY_DEFINITION('user defined attribute','',#11712);
#11865=REPRESENTATION('',(#11864),#11703);
#11866=PROPERTY_DEFINITION_REPRESENTATION(#11861,#11865);
#11867=PROPERTY_DEFINITION('user defined attribute','',#11712);
#11871=REPRESENTATION('',(#11870),#11703);
#11872=PROPERTY_DEFINITION_REPRESENTATION(#11867,#11871);
#11873=PROPERTY_DEFINITION('user defined attribute','',#11712);
#11877=REPRESENTATION('',(#11876),#11703);
#11878=PROPERTY_DEFINITION_REPRESENTATION(#11873,#11877);
#11879=PROPERTY_DEFINITION('user defined attribute','',#11712);
#11883=REPRESENTATION('',(#11882),#11703);
#11884=PROPERTY_DEFINITION_REPRESENTATION(#11879,#11883);
#11885=PROPERTY_DEFINITION('user defined attribute','',#11712);
#11889=REPRESENTATION('',(#11888),#11703);
#11890=PROPERTY_DEFINITION_REPRESENTATION(#11885,#11889);
#11891=PROPERTY_DEFINITION('user defined attribute','',#11712);
#11895=REPRESENTATION('',(#11894),#11703);
#11896=PROPERTY_DEFINITION_REPRESENTATION(#11891,#11895);
#11897=PROPERTY_DEFINITION('user defined attribute','',#11712);
#11901=REPRESENTATION('',(#11900),#11703);
#11902=PROPERTY_DEFINITION_REPRESENTATION(#11897,#11901);
#11903=PROPERTY_DEFINITION('user defined attribute','',#11712);
#11907=REPRESENTATION('',(#11906),#11703);
#11908=PROPERTY_DEFINITION_REPRESENTATION(#11903,#11907);
#11909=PROPERTY_DEFINITION('user defined attribute','',#11712);
#11913=REPRESENTATION('',(#11912),#11703);
#11914=PROPERTY_DEFINITION_REPRESENTATION(#11909,#11913);
ENDSEC;
END-ISO-10303-21;
