ISO-10303-21;
HEADER;
FILE_DESCRIPTION(('Open CASCADE Model'),'2;1');
FILE_NAME('Open CASCADE Shape Model','2026-09-30T20:57:04',('Author'),(
    'Open CASCADE'),'Open CASCADE STEP processor 7.9','Open CASCADE 7.9'
  ,'Unknown');
FILE_SCHEMA(('AUTOMOTIVE_DESIGN { 1 0 10303 214 1 1 1 1 }'));
ENDSEC;
DATA;
#1=APPLICATION_PROTOCOL_DEFINITION('international standard','automotive_design',2000,#2);
#2=APPLICATION_CONTEXT('core data for automotive mechanical design processes');
#3=SHAPE_DEFINITION_REPRESENTATION(#4,#10);
#4=PRODUCT_DEFINITION_SHAPE('','',#5);
#5=PRODUCT_DEFINITION('design','',#6,#9);
#6=PRODUCT_DEFINITION_FORMATION('','',#7);
#7=PRODUCT('YTC-TC16S-128','YTC-TC16S-128','',(#8));
#8=PRODUCT_CONTEXT('',#2,'mechanical');
#9=PRODUCT_DEFINITION_CONTEXT('part definition',#2,'design');
#10=SHAPE_REPRESENTATION('',(#11,#11,#11,#15,#17,#19,#21,#22,#24,#25,#27,#28,#30,#31,#33,#34,#36,#37,#39,#40,#42,#43,#45,#46,#48,#49,#51,#52,#54,#55,#57,#58,#60,#61,#63,#64,#66,#68,#70,#11,#72,#11,#72,#11,#72),#73);
#11=AXIS2_PLACEMENT_3D('',#12,#13,#14);
#12=CARTESIAN_POINT('',(0.,0.,0.));
#13=DIRECTION('',(0.,0.,1.));
#14=DIRECTION('',(1.,0.,0.));
#15=AXIS2_PLACEMENT_3D('',#16,#13,#14);
#16=CARTESIAN_POINT('',(-2.75,0.,0.));
#17=AXIS2_PLACEMENT_3D('',#16,#13,#18);
#18=DIRECTION('',(-1.,0.,0.));
#19=AXIS2_PLACEMENT_3D('',#20,#13,#14);
#20=CARTESIAN_POINT('',(-1.25,0.,0.));
#21=AXIS2_PLACEMENT_3D('',#20,#13,#18);
#22=AXIS2_PLACEMENT_3D('',#23,#13,#14);
#23=CARTESIAN_POINT('',(-0.75,0.,0.));
#24=AXIS2_PLACEMENT_3D('',#23,#13,#18);
#25=AXIS2_PLACEMENT_3D('',#26,#13,#14);
#26=CARTESIAN_POINT('',(-0.25,0.,0.));
#27=AXIS2_PLACEMENT_3D('',#26,#13,#18);
#28=AXIS2_PLACEMENT_3D('',#29,#13,#14);
#29=CARTESIAN_POINT('',(0.25,0.,0.));
#30=AXIS2_PLACEMENT_3D('',#29,#13,#18);
#31=AXIS2_PLACEMENT_3D('',#32,#13,#14);
#32=CARTESIAN_POINT('',(0.75,0.,0.));
#33=AXIS2_PLACEMENT_3D('',#32,#13,#18);
#34=AXIS2_PLACEMENT_3D('',#35,#13,#14);
#35=CARTESIAN_POINT('',(1.25,0.,0.));
#36=AXIS2_PLACEMENT_3D('',#35,#13,#18);
#37=AXIS2_PLACEMENT_3D('',#38,#13,#14);
#38=CARTESIAN_POINT('',(2.75,0.,0.));
#39=AXIS2_PLACEMENT_3D('',#38,#13,#18);
#40=AXIS2_PLACEMENT_3D('',#41,#13,#14);
#41=CARTESIAN_POINT('',(-2.34,0.,0.));
#42=AXIS2_PLACEMENT_3D('',#41,#13,#18);
#43=AXIS2_PLACEMENT_3D('',#44,#13,#14);
#44=CARTESIAN_POINT('',(-1.67,0.,0.));
#45=AXIS2_PLACEMENT_3D('',#44,#13,#18);
#46=AXIS2_PLACEMENT_3D('',#47,#13,#14);
#47=CARTESIAN_POINT('',(-1.,0.,0.));
#48=AXIS2_PLACEMENT_3D('',#47,#13,#18);
#49=AXIS2_PLACEMENT_3D('',#50,#13,#14);
#50=CARTESIAN_POINT('',(-0.33,0.,0.));
#51=AXIS2_PLACEMENT_3D('',#50,#13,#18);
#52=AXIS2_PLACEMENT_3D('',#53,#13,#14);
#53=CARTESIAN_POINT('',(0.34,0.,0.));
#54=AXIS2_PLACEMENT_3D('',#53,#13,#18);
#55=AXIS2_PLACEMENT_3D('',#56,#13,#14);
#56=CARTESIAN_POINT('',(1.01,0.,0.));
#57=AXIS2_PLACEMENT_3D('',#56,#13,#18);
#58=AXIS2_PLACEMENT_3D('',#59,#13,#14);
#59=CARTESIAN_POINT('',(1.68,0.,0.));
#60=AXIS2_PLACEMENT_3D('',#59,#13,#18);
#61=AXIS2_PLACEMENT_3D('',#62,#13,#14);
#62=CARTESIAN_POINT('',(2.35,0.,0.));
#63=AXIS2_PLACEMENT_3D('',#62,#13,#18);
#64=AXIS2_PLACEMENT_3D('',#65,#13,#14);
#65=CARTESIAN_POINT('',(-3.555,-0.575,0.));
#66=AXIS2_PLACEMENT_3D('',#67,#13,#14);
#67=CARTESIAN_POINT('',(-3.555,0.575,0.));
#68=AXIS2_PLACEMENT_3D('',#69,#13,#14);
#69=CARTESIAN_POINT('',(3.555,-0.575,0.));
#70=AXIS2_PLACEMENT_3D('',#71,#13,#14);
#71=CARTESIAN_POINT('',(3.555,0.575,0.));
#72=AXIS2_PLACEMENT_3D('',#12,#13,#18);
#73=( GEOMETRIC_REPRESENTATION_CONTEXT(3)GLOBAL_UNCERTAINTY_ASSIGNED_CONTEXT((#77)) GLOBAL_UNIT_ASSIGNED_CONTEXT((#74,#75,#76)) REPRESENTATION_CONTEXT('Context #1','3D Context with UNIT and UNCERTAINTY') );
#74=( LENGTH_UNIT() NAMED_UNIT(*) SI_UNIT(.MILLI.,.METRE.) );
#75=( NAMED_UNIT(*) PLANE_ANGLE_UNIT() SI_UNIT($,.RADIAN.) );
#76=( NAMED_UNIT(*) SI_UNIT($,.STERADIAN.) SOLID_ANGLE_UNIT() );
#77=UNCERTAINTY_MEASURE_WITH_UNIT(LENGTH_MEASURE(5e-06),#74,'distance_accuracy_value','confusion accuracy');
#78=PRODUCT_RELATED_PRODUCT_CATEGORY('part',$,(#7));
#79=SHAPE_DEFINITION_REPRESENTATION(#80,#86);
#80=PRODUCT_DEFINITION_SHAPE('','',#81);
#81=PRODUCT_DEFINITION('design','',#82,#85);
#82=PRODUCT_DEFINITION_FORMATION('','',#83);
#83=PRODUCT('shell','shell','',(#84));
#84=PRODUCT_CONTEXT('',#2,'mechanical');
#85=PRODUCT_DEFINITION_CONTEXT('part definition',#2,'design');
#86=ADVANCED_BREP_SHAPE_REPRESENTATION('',(#11,#87),#974);
#87=MANIFOLD_SOLID_BREP('',#88);
#88=CLOSED_SHELL('',(#89,#136,#160,#202,#238,#254,#276,#301,#320,#348,#379,#395,#428,#449,#470,#482,#504,#523,#588,#596,#607,#618,#627,#691,#702,#713,#722,#746,#766,#783,#803,#820,#840,#857,#870,#886,#899,#912,#925,#938,#951,#964));
#89=ADVANCED_FACE('',(#90),#133,.T.);
#90=FACE_BOUND('',#91,.T.);
#91=EDGE_LOOP('',(#92,#100,#106,#111,#116,#121,#126,#131));
#92=ORIENTED_EDGE('',*,*,#93,.T.);
#93=EDGE_CURVE('',#94,#96,#98,.T.);
#94=VERTEX_POINT('',#95);
#95=CARTESIAN_POINT('',(-2.925,1.2,-8.65));
#96=VERTEX_POINT('',#97);
#97=CARTESIAN_POINT('',(-2.925,1.2,-0.25));
#98=LINE('',#95,#99);
#99=VECTOR('',#13,1.);
#100=ORIENTED_EDGE('',*,*,#101,.T.);
#101=EDGE_CURVE('',#96,#102,#104,.T.);
#102=VERTEX_POINT('',#103);
#103=CARTESIAN_POINT('',(2.925,1.2,-0.25));
#104=LINE('',#97,#105);
#105=VECTOR('',#14,1.);
#106=ORIENTED_EDGE('',*,*,#107,.F.);
#107=EDGE_CURVE('',#108,#102,#110,.T.);
#108=VERTEX_POINT('',#109);
#109=CARTESIAN_POINT('',(2.925,1.2,-8.65));
#110=LINE('',#109,#99);
#111=ORIENTED_EDGE('',*,*,#112,.F.);
#112=EDGE_CURVE('',#113,#108,#115,.T.);
#113=VERTEX_POINT('',#114);
#114=CARTESIAN_POINT('',(1.76,1.2,-8.65));
#115=LINE('',#95,#105);
#116=ORIENTED_EDGE('',*,*,#117,.F.);
#117=EDGE_CURVE('',#118,#113,#120,.T.);
#118=VERTEX_POINT('',#119);
#119=CARTESIAN_POINT('',(1.76,1.2,-10.72));
#120=LINE('',#119,#99);
#121=ORIENTED_EDGE('',*,*,#122,.F.);
#122=EDGE_CURVE('',#123,#118,#125,.T.);
#123=VERTEX_POINT('',#124);
#124=CARTESIAN_POINT('',(-1.76,1.2,-10.72));
#125=LINE('',#124,#105);
#126=ORIENTED_EDGE('',*,*,#127,.T.);
#127=EDGE_CURVE('',#123,#128,#130,.T.);
#128=VERTEX_POINT('',#129);
#129=CARTESIAN_POINT('',(-1.76,1.2,-8.65));
#130=LINE('',#124,#99);
#131=ORIENTED_EDGE('',*,*,#132,.F.);
#132=EDGE_CURVE('',#94,#128,#115,.T.);
#133=PLANE('',#134);
#134=AXIS2_PLACEMENT_3D('',#95,#135,#14);
#135=DIRECTION('',(0.,1.,0.));
#136=ADVANCED_FACE('',(#137),#159,.T.);
#137=FACE_BOUND('',#138,.T.);
#138=EDGE_LOOP('',(#139,#146,#153,#154));
#139=ORIENTED_EDGE('',*,*,#140,.T.);
#140=EDGE_CURVE('',#141,#143,#145,.T.);
#141=VERTEX_POINT('',#142);
#142=CARTESIAN_POINT('',(-2.925,-1.2,-8.65));
#143=VERTEX_POINT('',#144);
#144=CARTESIAN_POINT('',(-2.925,-1.2,-0.25));
#145=LINE('',#142,#99);
#146=ORIENTED_EDGE('',*,*,#147,.T.);
#147=EDGE_CURVE('',#143,#96,#148,.T.);
#148=CIRCLE('',#149,1.2);
#149=AXIS2_PLACEMENT_3D('',#150,#151,#152);
#150=CARTESIAN_POINT('',(-2.925,0.,-0.25));
#151=DIRECTION('',(0.,0.,-1.));
#152=DIRECTION('',(0.,-1.,0.));
#153=ORIENTED_EDGE('',*,*,#93,.F.);
#154=ORIENTED_EDGE('',*,*,#155,.F.);
#155=EDGE_CURVE('',#141,#94,#156,.T.);
#156=CIRCLE('',#157,1.2);
#157=AXIS2_PLACEMENT_3D('',#158,#151,#152);
#158=CARTESIAN_POINT('',(-2.925,0.,-8.65));
#159=CYLINDRICAL_SURFACE('',#157,1.2);
#160=ADVANCED_FACE('',(#161),#199,.T.);
#161=FACE_BOUND('',#162,.T.);
#162=EDGE_LOOP('',(#163,#164,#165,#172,#177,#182,#189,#195));
#163=ORIENTED_EDGE('',*,*,#155,.T.);
#164=ORIENTED_EDGE('',*,*,#132,.T.);
#165=ORIENTED_EDGE('',*,*,#166,.T.);
#166=EDGE_CURVE('',#128,#167,#169,.T.);
#167=VERTEX_POINT('',#168);
#168=CARTESIAN_POINT('',(-1.76,1.05,-8.65));
#169=LINE('',#170,#171);
#170=CARTESIAN_POINT('',(-1.76,0.4875,-8.65));
#171=VECTOR('',#152,1.);
#172=ORIENTED_EDGE('',*,*,#173,.F.);
#173=EDGE_CURVE('',#174,#167,#176,.T.);
#174=VERTEX_POINT('',#175);
#175=CARTESIAN_POINT('',(-2.925,1.05,-8.65));
#176=LINE('',#175,#105);
#177=ORIENTED_EDGE('',*,*,#178,.F.);
#178=EDGE_CURVE('',#179,#174,#181,.T.);
#179=VERTEX_POINT('',#180);
#180=CARTESIAN_POINT('',(-2.925,-1.05,-8.65));
#181=CIRCLE('',#157,1.05);
#182=ORIENTED_EDGE('',*,*,#183,.F.);
#183=EDGE_CURVE('',#184,#179,#186,.T.);
#184=VERTEX_POINT('',#185);
#185=CARTESIAN_POINT('',(-1.76,-1.05,-8.65));
#186=LINE('',#187,#188);
#187=CARTESIAN_POINT('',(2.925,-1.05,-8.65));
#188=VECTOR('',#18,1.);
#189=ORIENTED_EDGE('',*,*,#190,.T.);
#190=EDGE_CURVE('',#184,#191,#193,.T.);
#191=VERTEX_POINT('',#192);
#192=CARTESIAN_POINT('',(-1.76,-1.2,-8.65));
#193=LINE('',#194,#171);
#194=CARTESIAN_POINT('',(-1.76,-0.6,-8.65));
#195=ORIENTED_EDGE('',*,*,#196,.T.);
#196=EDGE_CURVE('',#191,#141,#197,.T.);
#197=LINE('',#198,#188);
#198=CARTESIAN_POINT('',(2.925,-1.2,-8.65));
#199=PLANE('',#200);
#200=AXIS2_PLACEMENT_3D('',#201,#151,#18);
#201=CARTESIAN_POINT('',(0.,0.,-8.65));
#202=ADVANCED_FACE('',(#203),#199,.T.);
#203=FACE_BOUND('',#204,.T.);
#204=EDGE_LOOP('',(#205,#211,#212,#218,#222,#228,#231,#236));
#205=ORIENTED_EDGE('',*,*,#206,.F.);
#206=EDGE_CURVE('',#113,#207,#209,.T.);
#207=VERTEX_POINT('',#208);
#208=CARTESIAN_POINT('',(1.76,1.05,-8.65));
#209=LINE('',#210,#171);
#210=CARTESIAN_POINT('',(1.76,0.4875,-8.65));
#211=ORIENTED_EDGE('',*,*,#112,.T.);
#212=ORIENTED_EDGE('',*,*,#213,.T.);
#213=EDGE_CURVE('',#108,#214,#215,.T.);
#214=VERTEX_POINT('',#198);
#215=CIRCLE('',#216,1.2);
#216=AXIS2_PLACEMENT_3D('',#217,#151,#135);
#217=CARTESIAN_POINT('',(2.925,0.,-8.65));
#218=ORIENTED_EDGE('',*,*,#219,.T.);
#219=EDGE_CURVE('',#214,#220,#197,.T.);
#220=VERTEX_POINT('',#221);
#221=CARTESIAN_POINT('',(1.76,-1.2,-8.65));
#222=ORIENTED_EDGE('',*,*,#223,.F.);
#223=EDGE_CURVE('',#224,#220,#226,.T.);
#224=VERTEX_POINT('',#225);
#225=CARTESIAN_POINT('',(1.76,-1.05,-8.65));
#226=LINE('',#227,#171);
#227=CARTESIAN_POINT('',(1.76,-0.6,-8.65));
#228=ORIENTED_EDGE('',*,*,#229,.F.);
#229=EDGE_CURVE('',#230,#224,#186,.T.);
#230=VERTEX_POINT('',#187);
#231=ORIENTED_EDGE('',*,*,#232,.F.);
#232=EDGE_CURVE('',#233,#230,#235,.T.);
#233=VERTEX_POINT('',#234);
#234=CARTESIAN_POINT('',(2.925,1.05,-8.65));
#235=CIRCLE('',#216,1.05);
#236=ORIENTED_EDGE('',*,*,#237,.F.);
#237=EDGE_CURVE('',#207,#233,#176,.T.);
#238=ADVANCED_FACE('',(#239),#253,.T.);
#239=FACE_BOUND('',#240,.T.);
#240=EDGE_LOOP('',(#241,#242,#249,#252));
#241=ORIENTED_EDGE('',*,*,#107,.T.);
#242=ORIENTED_EDGE('',*,*,#243,.T.);
#243=EDGE_CURVE('',#102,#244,#246,.T.);
#244=VERTEX_POINT('',#245);
#245=CARTESIAN_POINT('',(2.925,-1.2,-0.25));
#246=CIRCLE('',#247,1.2);
#247=AXIS2_PLACEMENT_3D('',#248,#151,#135);
#248=CARTESIAN_POINT('',(2.925,0.,-0.25));
#249=ORIENTED_EDGE('',*,*,#250,.F.);
#250=EDGE_CURVE('',#214,#244,#251,.T.);
#251=LINE('',#198,#99);
#252=ORIENTED_EDGE('',*,*,#213,.F.);
#253=CYLINDRICAL_SURFACE('',#216,1.2);
#254=ADVANCED_FACE('',(#255),#275,.T.);
#255=FACE_BOUND('',#256,.T.);
#256=EDGE_LOOP('',(#257,#264,#269,#274));
#257=ORIENTED_EDGE('',*,*,#258,.T.);
#258=EDGE_CURVE('',#96,#259,#261,.T.);
#259=VERTEX_POINT('',#260);
#260=CARTESIAN_POINT('',(-2.925,0.95,0.));
#261=CIRCLE('',#262,0.25);
#262=AXIS2_PLACEMENT_3D('',#263,#14,#135);
#263=CARTESIAN_POINT('',(-2.925,0.95,-0.25));
#264=ORIENTED_EDGE('',*,*,#265,.T.);
#265=EDGE_CURVE('',#259,#266,#268,.T.);
#266=VERTEX_POINT('',#267);
#267=CARTESIAN_POINT('',(2.925,0.95,0.));
#268=LINE('',#260,#105);
#269=ORIENTED_EDGE('',*,*,#270,.F.);
#270=EDGE_CURVE('',#102,#266,#271,.T.);
#271=CIRCLE('',#272,0.25);
#272=AXIS2_PLACEMENT_3D('',#273,#14,#135);
#273=CARTESIAN_POINT('',(2.925,0.95,-0.25));
#274=ORIENTED_EDGE('',*,*,#101,.F.);
#275=CYLINDRICAL_SURFACE('',#262,0.25);
#276=ADVANCED_FACE('',(#277),#299,.T.);
#277=FACE_BOUND('',#278,.T.);
#278=EDGE_LOOP('',(#279,#280,#283,#284,#285,#290,#295,#298));
#279=ORIENTED_EDGE('',*,*,#250,.T.);
#280=ORIENTED_EDGE('',*,*,#281,.T.);
#281=EDGE_CURVE('',#244,#143,#282,.T.);
#282=LINE('',#245,#188);
#283=ORIENTED_EDGE('',*,*,#140,.F.);
#284=ORIENTED_EDGE('',*,*,#196,.F.);
#285=ORIENTED_EDGE('',*,*,#286,.F.);
#286=EDGE_CURVE('',#287,#191,#289,.T.);
#287=VERTEX_POINT('',#288);
#288=CARTESIAN_POINT('',(-1.76,-1.2,-10.72));
#289=LINE('',#288,#99);
#290=ORIENTED_EDGE('',*,*,#291,.T.);
#291=EDGE_CURVE('',#287,#292,#294,.T.);
#292=VERTEX_POINT('',#293);
#293=CARTESIAN_POINT('',(1.76,-1.2,-10.72));
#294=LINE('',#288,#105);
#295=ORIENTED_EDGE('',*,*,#296,.T.);
#296=EDGE_CURVE('',#292,#220,#297,.T.);
#297=LINE('',#293,#99);
#298=ORIENTED_EDGE('',*,*,#219,.F.);
#299=PLANE('',#300);
#300=AXIS2_PLACEMENT_3D('',#198,#152,#18);
#301=ADVANCED_FACE('',(#302),#318,.T.);
#302=FACE_BOUND('',#303,.F.);
#303=EDGE_LOOP('',(#304,#311,#312,#313));
#304=ORIENTED_EDGE('',*,*,#305,.F.);
#305=EDGE_CURVE('',#143,#306,#308,.T.);
#306=VERTEX_POINT('',#307);
#307=CARTESIAN_POINT('',(-2.925,-0.95,0.));
#308=CIRCLE('',#309,0.25);
#309=AXIS2_PLACEMENT_3D('',#310,#18,#152);
#310=CARTESIAN_POINT('',(-2.925,-0.95,-0.25));
#311=ORIENTED_EDGE('',*,*,#147,.T.);
#312=ORIENTED_EDGE('',*,*,#258,.T.);
#313=ORIENTED_EDGE('',*,*,#314,.F.);
#314=EDGE_CURVE('',#306,#259,#315,.T.);
#315=CIRCLE('',#316,0.95);
#316=AXIS2_PLACEMENT_3D('',#317,#151,#152);
#317=CARTESIAN_POINT('',(-2.925,0.,0.));
#318=TOROIDAL_SURFACE('',#319,0.95,0.25);
#319=AXIS2_PLACEMENT_3D('',#150,#13,#152);
#320=ADVANCED_FACE('',(#321),#346,.F.);
#321=FACE_BOUND('',#322,.F.);
#322=EDGE_LOOP('',(#323,#324,#330,#335,#341,#345));
#323=ORIENTED_EDGE('',*,*,#286,.F.);
#324=ORIENTED_EDGE('',*,*,#325,.T.);
#325=EDGE_CURVE('',#287,#326,#328,.T.);
#326=VERTEX_POINT('',#327);
#327=CARTESIAN_POINT('',(-1.76,-0.975,-10.72));
#328=LINE('',#288,#329);
#329=VECTOR('',#135,1.);
#330=ORIENTED_EDGE('',*,*,#331,.T.);
#331=EDGE_CURVE('',#326,#332,#334,.T.);
#332=VERTEX_POINT('',#333);
#333=CARTESIAN_POINT('',(-1.76,-0.975,-8.6));
#334=LINE('',#327,#99);
#335=ORIENTED_EDGE('',*,*,#336,.F.);
#336=EDGE_CURVE('',#337,#332,#339,.T.);
#337=VERTEX_POINT('',#338);
#338=CARTESIAN_POINT('',(-1.76,-1.05,-8.6));
#339=LINE('',#340,#329);
#340=CARTESIAN_POINT('',(-1.76,-1.2,-8.6));
#341=ORIENTED_EDGE('',*,*,#342,.F.);
#342=EDGE_CURVE('',#184,#337,#343,.T.);
#343=LINE('',#344,#99);
#344=CARTESIAN_POINT('',(-1.76,-1.05,-9.685));
#345=ORIENTED_EDGE('',*,*,#190,.T.);
#346=PLANE('',#347);
#347=AXIS2_PLACEMENT_3D('',#288,#14,#13);
#348=ADVANCED_FACE('',(#349),#377,.F.);
#349=FACE_BOUND('',#350,.F.);
#350=EDGE_LOOP('',(#351,#352,#357,#362,#365,#366,#367,#373));
#351=ORIENTED_EDGE('',*,*,#229,.F.);
#352=ORIENTED_EDGE('',*,*,#353,.T.);
#353=EDGE_CURVE('',#230,#354,#356,.T.);
#354=VERTEX_POINT('',#355);
#355=CARTESIAN_POINT('',(2.925,-1.05,-0.3));
#356=LINE('',#187,#99);
#357=ORIENTED_EDGE('',*,*,#358,.T.);
#358=EDGE_CURVE('',#354,#359,#361,.T.);
#359=VERTEX_POINT('',#360);
#360=CARTESIAN_POINT('',(-2.925,-1.05,-0.3));
#361=LINE('',#355,#188);
#362=ORIENTED_EDGE('',*,*,#363,.F.);
#363=EDGE_CURVE('',#179,#359,#364,.T.);
#364=LINE('',#180,#99);
#365=ORIENTED_EDGE('',*,*,#183,.F.);
#366=ORIENTED_EDGE('',*,*,#342,.T.);
#367=ORIENTED_EDGE('',*,*,#368,.F.);
#368=EDGE_CURVE('',#369,#337,#371,.T.);
#369=VERTEX_POINT('',#370);
#370=CARTESIAN_POINT('',(1.76,-1.05,-8.6));
#371=LINE('',#372,#188);
#372=CARTESIAN_POINT('',(0.5825,-1.05,-8.6));
#373=ORIENTED_EDGE('',*,*,#374,.F.);
#374=EDGE_CURVE('',#224,#369,#375,.T.);
#375=LINE('',#376,#99);
#376=CARTESIAN_POINT('',(1.76,-1.05,-9.685));
#377=PLANE('',#378);
#378=AXIS2_PLACEMENT_3D('',#187,#152,#18);
#379=ADVANCED_FACE('',(#380),#394,.F.);
#380=FACE_BOUND('',#381,.F.);
#381=EDGE_LOOP('',(#382,#383,#390,#393));
#382=ORIENTED_EDGE('',*,*,#363,.T.);
#383=ORIENTED_EDGE('',*,*,#384,.T.);
#384=EDGE_CURVE('',#359,#385,#387,.T.);
#385=VERTEX_POINT('',#386);
#386=CARTESIAN_POINT('',(-2.925,1.05,-0.3));
#387=CIRCLE('',#388,1.05);
#388=AXIS2_PLACEMENT_3D('',#389,#151,#152);
#389=CARTESIAN_POINT('',(-2.925,0.,-0.3));
#390=ORIENTED_EDGE('',*,*,#391,.F.);
#391=EDGE_CURVE('',#174,#385,#392,.T.);
#392=LINE('',#175,#99);
#393=ORIENTED_EDGE('',*,*,#178,.F.);
#394=CYLINDRICAL_SURFACE('',#157,1.05);
#395=ADVANCED_FACE('',(#396),#426,.F.);
#396=FACE_BOUND('',#397,.F.);
#397=EDGE_LOOP('',(#398,#399,#400,#405,#408,#409,#416,#422));
#398=ORIENTED_EDGE('',*,*,#173,.F.);
#399=ORIENTED_EDGE('',*,*,#391,.T.);
#400=ORIENTED_EDGE('',*,*,#401,.T.);
#401=EDGE_CURVE('',#385,#402,#404,.T.);
#402=VERTEX_POINT('',#403);
#403=CARTESIAN_POINT('',(2.925,1.05,-0.3));
#404=LINE('',#386,#105);
#405=ORIENTED_EDGE('',*,*,#406,.F.);
#406=EDGE_CURVE('',#233,#402,#407,.T.);
#407=LINE('',#234,#99);
#408=ORIENTED_EDGE('',*,*,#237,.F.);
#409=ORIENTED_EDGE('',*,*,#410,.F.);
#410=EDGE_CURVE('',#411,#207,#413,.T.);
#411=VERTEX_POINT('',#412);
#412=CARTESIAN_POINT('',(1.76,1.05,-8.6));
#413=LINE('',#414,#415);
#414=CARTESIAN_POINT('',(1.76,1.05,-9.685));
#415=VECTOR('',#151,1.);
#416=ORIENTED_EDGE('',*,*,#417,.F.);
#417=EDGE_CURVE('',#418,#411,#420,.T.);
#418=VERTEX_POINT('',#419);
#419=CARTESIAN_POINT('',(-1.76,1.05,-8.6));
#420=LINE('',#421,#105);
#421=CARTESIAN_POINT('',(-2.3425,1.05,-8.6));
#422=ORIENTED_EDGE('',*,*,#423,.T.);
#423=EDGE_CURVE('',#418,#167,#424,.T.);
#424=LINE('',#425,#415);
#425=CARTESIAN_POINT('',(-1.76,1.05,-9.685));
#426=PLANE('',#427);
#427=AXIS2_PLACEMENT_3D('',#175,#135,#14);
#428=ADVANCED_FACE('',(#429),#447,.F.);
#429=FACE_BOUND('',#430,.F.);
#430=EDGE_LOOP('',(#431,#436,#441,#444,#445,#446));
#431=ORIENTED_EDGE('',*,*,#432,.F.);
#432=EDGE_CURVE('',#433,#418,#435,.T.);
#433=VERTEX_POINT('',#434);
#434=CARTESIAN_POINT('',(-1.76,0.975,-8.6));
#435=LINE('',#434,#329);
#436=ORIENTED_EDGE('',*,*,#437,.F.);
#437=EDGE_CURVE('',#438,#433,#440,.T.);
#438=VERTEX_POINT('',#439);
#439=CARTESIAN_POINT('',(-1.76,0.975,-10.72));
#440=LINE('',#439,#99);
#441=ORIENTED_EDGE('',*,*,#442,.T.);
#442=EDGE_CURVE('',#438,#123,#443,.T.);
#443=LINE('',#439,#329);
#444=ORIENTED_EDGE('',*,*,#127,.T.);
#445=ORIENTED_EDGE('',*,*,#166,.T.);
#446=ORIENTED_EDGE('',*,*,#423,.F.);
#447=PLANE('',#448);
#448=AXIS2_PLACEMENT_3D('',#439,#14,#13);
#449=ADVANCED_FACE('',(#450),#468,.T.);
#450=FACE_BOUND('',#451,.T.);
#451=EDGE_LOOP('',(#452,#457,#462,#465,#466,#467));
#452=ORIENTED_EDGE('',*,*,#453,.F.);
#453=EDGE_CURVE('',#454,#411,#456,.T.);
#454=VERTEX_POINT('',#455);
#455=CARTESIAN_POINT('',(1.76,0.975,-8.6));
#456=LINE('',#455,#329);
#457=ORIENTED_EDGE('',*,*,#458,.F.);
#458=EDGE_CURVE('',#459,#454,#461,.T.);
#459=VERTEX_POINT('',#460);
#460=CARTESIAN_POINT('',(1.76,0.975,-10.72));
#461=LINE('',#460,#99);
#462=ORIENTED_EDGE('',*,*,#463,.T.);
#463=EDGE_CURVE('',#459,#118,#464,.T.);
#464=LINE('',#460,#329);
#465=ORIENTED_EDGE('',*,*,#117,.T.);
#466=ORIENTED_EDGE('',*,*,#206,.T.);
#467=ORIENTED_EDGE('',*,*,#410,.F.);
#468=PLANE('',#469);
#469=AXIS2_PLACEMENT_3D('',#460,#14,#13);
#470=ADVANCED_FACE('',(#471),#481,.F.);
#471=FACE_BOUND('',#472,.F.);
#472=EDGE_LOOP('',(#473,#474,#479,#480));
#473=ORIENTED_EDGE('',*,*,#406,.T.);
#474=ORIENTED_EDGE('',*,*,#475,.T.);
#475=EDGE_CURVE('',#402,#354,#476,.T.);
#476=CIRCLE('',#477,1.05);
#477=AXIS2_PLACEMENT_3D('',#478,#151,#135);
#478=CARTESIAN_POINT('',(2.925,0.,-0.3));
#479=ORIENTED_EDGE('',*,*,#353,.F.);
#480=ORIENTED_EDGE('',*,*,#232,.F.);
#481=CYLINDRICAL_SURFACE('',#216,1.05);
#482=ADVANCED_FACE('',(#483),#502,.T.);
#483=FACE_BOUND('',#484,.T.);
#484=EDGE_LOOP('',(#485,#486,#491,#496,#500,#501));
#485=ORIENTED_EDGE('',*,*,#296,.F.);
#486=ORIENTED_EDGE('',*,*,#487,.T.);
#487=EDGE_CURVE('',#292,#488,#490,.T.);
#488=VERTEX_POINT('',#489);
#489=CARTESIAN_POINT('',(1.76,-0.975,-10.72));
#490=LINE('',#293,#329);
#491=ORIENTED_EDGE('',*,*,#492,.T.);
#492=EDGE_CURVE('',#488,#493,#495,.T.);
#493=VERTEX_POINT('',#494);
#494=CARTESIAN_POINT('',(1.76,-0.975,-8.6));
#495=LINE('',#489,#99);
#496=ORIENTED_EDGE('',*,*,#497,.F.);
#497=EDGE_CURVE('',#369,#493,#498,.T.);
#498=LINE('',#499,#329);
#499=CARTESIAN_POINT('',(1.76,-1.2,-8.6));
#500=ORIENTED_EDGE('',*,*,#374,.F.);
#501=ORIENTED_EDGE('',*,*,#223,.T.);
#502=PLANE('',#503);
#503=AXIS2_PLACEMENT_3D('',#293,#14,#13);
#504=ADVANCED_FACE('',(#505),#521,.T.);
#505=FACE_BOUND('',#506,.F.);
#506=EDGE_LOOP('',(#507,#508,#509,#516));
#507=ORIENTED_EDGE('',*,*,#270,.F.);
#508=ORIENTED_EDGE('',*,*,#243,.T.);
#509=ORIENTED_EDGE('',*,*,#510,.T.);
#510=EDGE_CURVE('',#244,#511,#513,.T.);
#511=VERTEX_POINT('',#512);
#512=CARTESIAN_POINT('',(2.925,-0.95,0.));
#513=CIRCLE('',#514,0.25);
#514=AXIS2_PLACEMENT_3D('',#515,#18,#152);
#515=CARTESIAN_POINT('',(2.925,-0.95,-0.25));
#516=ORIENTED_EDGE('',*,*,#517,.F.);
#517=EDGE_CURVE('',#266,#511,#518,.T.);
#518=CIRCLE('',#519,0.95);
#519=AXIS2_PLACEMENT_3D('',#520,#151,#135);
#520=CARTESIAN_POINT('',(2.925,0.,0.));
#521=TOROIDAL_SURFACE('',#522,0.95,0.25);
#522=AXIS2_PLACEMENT_3D('',#248,#13,#135);
#523=ADVANCED_FACE('',(#524,#532),#586,.F.);
#524=FACE_BOUND('',#525,.F.);
#525=EDGE_LOOP('',(#526,#527,#528,#531));
#526=ORIENTED_EDGE('',*,*,#265,.T.);
#527=ORIENTED_EDGE('',*,*,#517,.T.);
#528=ORIENTED_EDGE('',*,*,#529,.T.);
#529=EDGE_CURVE('',#511,#306,#530,.T.);
#530=LINE('',#512,#188);
#531=ORIENTED_EDGE('',*,*,#314,.T.);
#532=FACE_BOUND('',#533,.F.);
#533=EDGE_LOOP('',(#534,#542,#549,#555,#562,#568,#575,#581));
#534=ORIENTED_EDGE('',*,*,#535,.F.);
#535=EDGE_CURVE('',#536,#538,#540,.T.);
#536=VERTEX_POINT('',#537);
#537=CARTESIAN_POINT('',(3.17,-0.58,0.));
#538=VERTEX_POINT('',#539);
#539=CARTESIAN_POINT('',(-3.17,-0.58,0.));
#540=LINE('',#541,#188);
#541=CARTESIAN_POINT('',(-1.585,-0.58,0.));
#542=ORIENTED_EDGE('',*,*,#543,.T.);
#543=EDGE_CURVE('',#536,#544,#546,.T.);
#544=VERTEX_POINT('',#545);
#545=CARTESIAN_POINT('',(3.35,-0.4,0.));
#546=CIRCLE('',#547,0.18);
#547=AXIS2_PLACEMENT_3D('',#548,#13,#152);
#548=CARTESIAN_POINT('',(3.17,-0.4,0.));
#549=ORIENTED_EDGE('',*,*,#550,.F.);
#550=EDGE_CURVE('',#551,#544,#553,.T.);
#551=VERTEX_POINT('',#552);
#552=CARTESIAN_POINT('',(3.35,0.4,0.));
#553=LINE('',#554,#171);
#554=CARTESIAN_POINT('',(3.35,-0.2,0.));
#555=ORIENTED_EDGE('',*,*,#556,.T.);
#556=EDGE_CURVE('',#551,#557,#559,.T.);
#557=VERTEX_POINT('',#558);
#558=CARTESIAN_POINT('',(3.17,0.58,0.));
#559=CIRCLE('',#560,0.18);
#560=AXIS2_PLACEMENT_3D('',#561,#13,#14);
#561=CARTESIAN_POINT('',(3.17,0.4,0.));
#562=ORIENTED_EDGE('',*,*,#563,.F.);
#563=EDGE_CURVE('',#564,#557,#566,.T.);
#564=VERTEX_POINT('',#565);
#565=CARTESIAN_POINT('',(-3.17,0.58,0.));
#566=LINE('',#567,#105);
#567=CARTESIAN_POINT('',(1.585,0.58,0.));
#568=ORIENTED_EDGE('',*,*,#569,.T.);
#569=EDGE_CURVE('',#564,#570,#572,.T.);
#570=VERTEX_POINT('',#571);
#571=CARTESIAN_POINT('',(-3.35,0.4,0.));
#572=CIRCLE('',#573,0.18);
#573=AXIS2_PLACEMENT_3D('',#574,#13,#135);
#574=CARTESIAN_POINT('',(-3.17,0.4,0.));
#575=ORIENTED_EDGE('',*,*,#576,.F.);
#576=EDGE_CURVE('',#577,#570,#579,.T.);
#577=VERTEX_POINT('',#578);
#578=CARTESIAN_POINT('',(-3.35,-0.4,0.));
#579=LINE('',#580,#329);
#580=CARTESIAN_POINT('',(-3.35,0.2,0.));
#581=ORIENTED_EDGE('',*,*,#582,.T.);
#582=EDGE_CURVE('',#577,#538,#583,.T.);
#583=CIRCLE('',#584,0.18);
#584=AXIS2_PLACEMENT_3D('',#585,#13,#18);
#585=CARTESIAN_POINT('',(-3.17,-0.4,0.));
#586=PLANE('',#587);
#587=AXIS2_PLACEMENT_3D('',#12,#151,#18);
#588=ADVANCED_FACE('',(#589),#595,.T.);
#589=FACE_BOUND('',#590,.T.);
#590=EDGE_LOOP('',(#591,#592,#593,#594));
#591=ORIENTED_EDGE('',*,*,#510,.T.);
#592=ORIENTED_EDGE('',*,*,#529,.T.);
#593=ORIENTED_EDGE('',*,*,#305,.F.);
#594=ORIENTED_EDGE('',*,*,#281,.F.);
#595=CYLINDRICAL_SURFACE('',#514,0.25);
#596=ADVANCED_FACE('',(#597),#605,.T.);
#597=FACE_BOUND('',#598,.T.);
#598=EDGE_LOOP('',(#599,#600,#601,#602));
#599=ORIENTED_EDGE('',*,*,#336,.F.);
#600=ORIENTED_EDGE('',*,*,#368,.F.);
#601=ORIENTED_EDGE('',*,*,#497,.T.);
#602=ORIENTED_EDGE('',*,*,#603,.F.);
#603=EDGE_CURVE('',#332,#493,#604,.T.);
#604=LINE('',#333,#105);
#605=PLANE('',#606);
#606=AXIS2_PLACEMENT_3D('',#340,#13,#14);
#607=ADVANCED_FACE('',(#608),#616,.T.);
#608=FACE_BOUND('',#609,.T.);
#609=EDGE_LOOP('',(#610,#613,#614,#615));
#610=ORIENTED_EDGE('',*,*,#611,.F.);
#611=EDGE_CURVE('',#326,#488,#612,.T.);
#612=LINE('',#327,#105);
#613=ORIENTED_EDGE('',*,*,#331,.T.);
#614=ORIENTED_EDGE('',*,*,#603,.T.);
#615=ORIENTED_EDGE('',*,*,#492,.F.);
#616=PLANE('',#617);
#617=AXIS2_PLACEMENT_3D('',#327,#135,#13);
#618=ADVANCED_FACE('',(#619),#625,.F.);
#619=FACE_BOUND('',#620,.F.);
#620=EDGE_LOOP('',(#621,#622,#623,#624));
#621=ORIENTED_EDGE('',*,*,#325,.F.);
#622=ORIENTED_EDGE('',*,*,#291,.T.);
#623=ORIENTED_EDGE('',*,*,#487,.T.);
#624=ORIENTED_EDGE('',*,*,#611,.F.);
#625=PLANE('',#626);
#626=AXIS2_PLACEMENT_3D('',#288,#13,#14);
#627=ADVANCED_FACE('',(#628,#634),#688,.T.);
#628=FACE_BOUND('',#629,.T.);
#629=EDGE_LOOP('',(#630,#631,#632,#633));
#630=ORIENTED_EDGE('',*,*,#401,.T.);
#631=ORIENTED_EDGE('',*,*,#475,.T.);
#632=ORIENTED_EDGE('',*,*,#358,.T.);
#633=ORIENTED_EDGE('',*,*,#384,.T.);
#634=FACE_BOUND('',#635,.T.);
#635=EDGE_LOOP('',(#636,#645,#651,#658,#664,#671,#677,#684));
#636=ORIENTED_EDGE('',*,*,#637,.T.);
#637=EDGE_CURVE('',#638,#640,#642,.T.);
#638=VERTEX_POINT('',#639);
#639=CARTESIAN_POINT('',(-3.42,-0.4,-0.3));
#640=VERTEX_POINT('',#641);
#641=CARTESIAN_POINT('',(-3.17,-0.65,-0.3));
#642=CIRCLE('',#643,0.25);
#643=AXIS2_PLACEMENT_3D('',#644,#13,#152);
#644=CARTESIAN_POINT('',(-3.17,-0.4,-0.3));
#645=ORIENTED_EDGE('',*,*,#646,.T.);
#646=EDGE_CURVE('',#640,#647,#649,.T.);
#647=VERTEX_POINT('',#648);
#648=CARTESIAN_POINT('',(3.17,-0.65,-0.3));
#649=LINE('',#650,#105);
#650=CARTESIAN_POINT('',(-1.71,-0.65,-0.3));
#651=ORIENTED_EDGE('',*,*,#652,.T.);
#652=EDGE_CURVE('',#647,#653,#655,.T.);
#653=VERTEX_POINT('',#654);
#654=CARTESIAN_POINT('',(3.42,-0.4,-0.3));
#655=CIRCLE('',#656,0.25);
#656=AXIS2_PLACEMENT_3D('',#657,#13,#152);
#657=CARTESIAN_POINT('',(3.17,-0.4,-0.3));
#658=ORIENTED_EDGE('',*,*,#659,.T.);
#659=EDGE_CURVE('',#653,#660,#662,.T.);
#660=VERTEX_POINT('',#661);
#661=CARTESIAN_POINT('',(3.42,0.4,-0.3));
#662=LINE('',#663,#329);
#663=CARTESIAN_POINT('',(3.42,-0.325,-0.3));
#664=ORIENTED_EDGE('',*,*,#665,.T.);
#665=EDGE_CURVE('',#660,#666,#668,.T.);
#666=VERTEX_POINT('',#667);
#667=CARTESIAN_POINT('',(3.17,0.65,-0.3));
#668=CIRCLE('',#669,0.25);
#669=AXIS2_PLACEMENT_3D('',#670,#13,#14);
#670=CARTESIAN_POINT('',(3.17,0.4,-0.3));
#671=ORIENTED_EDGE('',*,*,#672,.T.);
#672=EDGE_CURVE('',#666,#673,#675,.T.);
#673=VERTEX_POINT('',#674);
#674=CARTESIAN_POINT('',(-3.17,0.65,-0.3));
#675=LINE('',#676,#188);
#676=CARTESIAN_POINT('',(1.71,0.65,-0.3));
#677=ORIENTED_EDGE('',*,*,#678,.T.);
#678=EDGE_CURVE('',#673,#679,#681,.T.);
#679=VERTEX_POINT('',#680);
#680=CARTESIAN_POINT('',(-3.42,0.4,-0.3));
#681=CIRCLE('',#682,0.25);
#682=AXIS2_PLACEMENT_3D('',#683,#13,#135);
#683=CARTESIAN_POINT('',(-3.17,0.4,-0.3));
#684=ORIENTED_EDGE('',*,*,#685,.T.);
#685=EDGE_CURVE('',#679,#638,#686,.T.);
#686=LINE('',#687,#171);
#687=CARTESIAN_POINT('',(-3.42,0.325,-0.3));
#688=PLANE('',#689);
#689=AXIS2_PLACEMENT_3D('',#690,#151,#18);
#690=CARTESIAN_POINT('',(0.,0.,-0.3));
#691=ADVANCED_FACE('',(#692),#700,.T.);
#692=FACE_BOUND('',#693,.T.);
#693=EDGE_LOOP('',(#694,#695,#698,#699));
#694=ORIENTED_EDGE('',*,*,#432,.F.);
#695=ORIENTED_EDGE('',*,*,#696,.T.);
#696=EDGE_CURVE('',#433,#454,#697,.T.);
#697=LINE('',#434,#105);
#698=ORIENTED_EDGE('',*,*,#453,.T.);
#699=ORIENTED_EDGE('',*,*,#417,.F.);
#700=PLANE('',#701);
#701=AXIS2_PLACEMENT_3D('',#434,#13,#14);
#702=ADVANCED_FACE('',(#703),#711,.F.);
#703=FACE_BOUND('',#704,.F.);
#704=EDGE_LOOP('',(#705,#706,#709,#710));
#705=ORIENTED_EDGE('',*,*,#442,.F.);
#706=ORIENTED_EDGE('',*,*,#707,.T.);
#707=EDGE_CURVE('',#438,#459,#708,.T.);
#708=LINE('',#439,#105);
#709=ORIENTED_EDGE('',*,*,#463,.T.);
#710=ORIENTED_EDGE('',*,*,#122,.F.);
#711=PLANE('',#712);
#712=AXIS2_PLACEMENT_3D('',#439,#13,#14);
#713=ADVANCED_FACE('',(#714),#720,.F.);
#714=FACE_BOUND('',#715,.F.);
#715=EDGE_LOOP('',(#716,#717,#718,#719));
#716=ORIENTED_EDGE('',*,*,#707,.F.);
#717=ORIENTED_EDGE('',*,*,#437,.T.);
#718=ORIENTED_EDGE('',*,*,#696,.T.);
#719=ORIENTED_EDGE('',*,*,#458,.F.);
#720=PLANE('',#721);
#721=AXIS2_PLACEMENT_3D('',#439,#135,#13);
#722=ADVANCED_FACE('',(#723),#743,.T.);
#723=FACE_BOUND('',#724,.F.);
#724=EDGE_LOOP('',(#725,#733,#738,#742));
#725=ORIENTED_EDGE('',*,*,#726,.F.);
#726=EDGE_CURVE('',#727,#538,#729,.T.);
#727=VERTEX_POINT('',#728);
#728=CARTESIAN_POINT('',(-3.17,-0.65,-0.07));
#729=LINE('',#730,#731);
#730=CARTESIAN_POINT('',(-3.17,-0.61,-0.03));
#731=VECTOR('',#732,1.);
#732=DIRECTION('',(0.,0.707107,0.707107));
#733=ORIENTED_EDGE('',*,*,#734,.T.);
#734=EDGE_CURVE('',#727,#735,#737,.T.);
#735=VERTEX_POINT('',#736);
#736=CARTESIAN_POINT('',(3.17,-0.65,-0.07));
#737=LINE('',#728,#105);
#738=ORIENTED_EDGE('',*,*,#739,.T.);
#739=EDGE_CURVE('',#735,#536,#740,.T.);
#740=LINE('',#741,#731);
#741=CARTESIAN_POINT('',(3.17,-0.61,-0.03));
#742=ORIENTED_EDGE('',*,*,#535,.T.);
#743=PLANE('',#744);
#744=AXIS2_PLACEMENT_3D('',#730,#745,#18);
#745=DIRECTION('',(0.,0.707107,-0.707107));
#746=ADVANCED_FACE('',(#747),#764,.F.);
#747=FACE_BOUND('',#748,.F.);
#748=EDGE_LOOP('',(#749,#757,#762,#763));
#749=ORIENTED_EDGE('',*,*,#750,.F.);
#750=EDGE_CURVE('',#751,#577,#753,.T.);
#751=VERTEX_POINT('',#752);
#752=CARTESIAN_POINT('',(-3.42,-0.4,-0.07));
#753=LINE('',#754,#755);
#754=CARTESIAN_POINT('',(-3.38,-0.4,-0.03));
#755=VECTOR('',#756,1.);
#756=DIRECTION('',(0.707107,0.,0.707107));
#757=ORIENTED_EDGE('',*,*,#758,.T.);
#758=EDGE_CURVE('',#751,#727,#759,.T.);
#759=CIRCLE('',#760,0.25);
#760=AXIS2_PLACEMENT_3D('',#761,#13,#18);
#761=CARTESIAN_POINT('',(-3.17,-0.4,-0.07));
#762=ORIENTED_EDGE('',*,*,#726,.T.);
#763=ORIENTED_EDGE('',*,*,#582,.F.);
#764=CONICAL_SURFACE('',#765,0.25,0.785398);
#765=AXIS2_PLACEMENT_3D('',#761,#151,#18);
#766=ADVANCED_FACE('',(#767),#779,.T.);
#767=FACE_BOUND('',#768,.F.);
#768=EDGE_LOOP('',(#769,#774,#777,#778));
#769=ORIENTED_EDGE('',*,*,#770,.F.);
#770=EDGE_CURVE('',#771,#570,#773,.T.);
#771=VERTEX_POINT('',#772);
#772=CARTESIAN_POINT('',(-3.42,0.4,-0.07));
#773=LINE('',#772,#755);
#774=ORIENTED_EDGE('',*,*,#775,.T.);
#775=EDGE_CURVE('',#771,#751,#776,.T.);
#776=LINE('',#772,#171);
#777=ORIENTED_EDGE('',*,*,#750,.T.);
#778=ORIENTED_EDGE('',*,*,#576,.T.);
#779=PLANE('',#780);
#780=AXIS2_PLACEMENT_3D('',#781,#782,#135);
#781=CARTESIAN_POINT('',(-3.38,0.4,-0.03));
#782=DIRECTION('',(0.707107,0.,-0.707107));
#783=ADVANCED_FACE('',(#784),#801,.F.);
#784=FACE_BOUND('',#785,.F.);
#785=EDGE_LOOP('',(#786,#794,#799,#800));
#786=ORIENTED_EDGE('',*,*,#787,.F.);
#787=EDGE_CURVE('',#788,#564,#790,.T.);
#788=VERTEX_POINT('',#789);
#789=CARTESIAN_POINT('',(-3.17,0.65,-0.07));
#790=LINE('',#791,#792);
#791=CARTESIAN_POINT('',(-3.17,0.61,-0.03));
#792=VECTOR('',#793,1.);
#793=DIRECTION('',(0.,-0.707107,0.707107));
#794=ORIENTED_EDGE('',*,*,#795,.T.);
#795=EDGE_CURVE('',#788,#771,#796,.T.);
#796=CIRCLE('',#797,0.25);
#797=AXIS2_PLACEMENT_3D('',#798,#13,#135);
#798=CARTESIAN_POINT('',(-3.17,0.4,-0.07));
#799=ORIENTED_EDGE('',*,*,#770,.T.);
#800=ORIENTED_EDGE('',*,*,#569,.F.);
#801=CONICAL_SURFACE('',#802,0.25,0.785398);
#802=AXIS2_PLACEMENT_3D('',#798,#151,#135);
#803=ADVANCED_FACE('',(#804),#816,.T.);
#804=FACE_BOUND('',#805,.F.);
#805=EDGE_LOOP('',(#806,#811,#814,#815));
#806=ORIENTED_EDGE('',*,*,#807,.F.);
#807=EDGE_CURVE('',#808,#557,#810,.T.);
#808=VERTEX_POINT('',#809);
#809=CARTESIAN_POINT('',(3.17,0.65,-0.07));
#810=LINE('',#809,#792);
#811=ORIENTED_EDGE('',*,*,#812,.T.);
#812=EDGE_CURVE('',#808,#788,#813,.T.);
#813=LINE('',#809,#188);
#814=ORIENTED_EDGE('',*,*,#787,.T.);
#815=ORIENTED_EDGE('',*,*,#563,.T.);
#816=PLANE('',#817);
#817=AXIS2_PLACEMENT_3D('',#818,#819,#14);
#818=CARTESIAN_POINT('',(3.17,0.61,-0.03));
#819=DIRECTION('',(0.,-0.707107,-0.707107));
#820=ADVANCED_FACE('',(#821),#838,.F.);
#821=FACE_BOUND('',#822,.F.);
#822=EDGE_LOOP('',(#823,#831,#836,#837));
#823=ORIENTED_EDGE('',*,*,#824,.F.);
#824=EDGE_CURVE('',#825,#551,#827,.T.);
#825=VERTEX_POINT('',#826);
#826=CARTESIAN_POINT('',(3.42,0.4,-0.07));
#827=LINE('',#828,#829);
#828=CARTESIAN_POINT('',(3.38,0.4,-0.03));
#829=VECTOR('',#830,1.);
#830=DIRECTION('',(-0.707107,0.,0.707107));
#831=ORIENTED_EDGE('',*,*,#832,.T.);
#832=EDGE_CURVE('',#825,#808,#833,.T.);
#833=CIRCLE('',#834,0.25);
#834=AXIS2_PLACEMENT_3D('',#835,#13,#14);
#835=CARTESIAN_POINT('',(3.17,0.4,-0.07));
#836=ORIENTED_EDGE('',*,*,#807,.T.);
#837=ORIENTED_EDGE('',*,*,#556,.F.);
#838=CONICAL_SURFACE('',#839,0.25,0.785398);
#839=AXIS2_PLACEMENT_3D('',#835,#151,#14);
#840=ADVANCED_FACE('',(#841),#853,.T.);
#841=FACE_BOUND('',#842,.F.);
#842=EDGE_LOOP('',(#843,#848,#851,#852));
#843=ORIENTED_EDGE('',*,*,#844,.F.);
#844=EDGE_CURVE('',#845,#544,#847,.T.);
#845=VERTEX_POINT('',#846);
#846=CARTESIAN_POINT('',(3.42,-0.4,-0.07));
#847=LINE('',#846,#829);
#848=ORIENTED_EDGE('',*,*,#849,.T.);
#849=EDGE_CURVE('',#845,#825,#850,.T.);
#850=LINE('',#846,#329);
#851=ORIENTED_EDGE('',*,*,#824,.T.);
#852=ORIENTED_EDGE('',*,*,#550,.T.);
#853=PLANE('',#854);
#854=AXIS2_PLACEMENT_3D('',#855,#856,#152);
#855=CARTESIAN_POINT('',(3.38,-0.4,-0.03));
#856=DIRECTION('',(-0.707107,0.,-0.707107));
#857=ADVANCED_FACE('',(#858),#868,.F.);
#858=FACE_BOUND('',#859,.F.);
#859=EDGE_LOOP('',(#860,#861,#866,#867));
#860=ORIENTED_EDGE('',*,*,#739,.F.);
#861=ORIENTED_EDGE('',*,*,#862,.T.);
#862=EDGE_CURVE('',#735,#845,#863,.T.);
#863=CIRCLE('',#864,0.25);
#864=AXIS2_PLACEMENT_3D('',#865,#13,#152);
#865=CARTESIAN_POINT('',(3.17,-0.4,-0.07));
#866=ORIENTED_EDGE('',*,*,#844,.T.);
#867=ORIENTED_EDGE('',*,*,#543,.F.);
#868=CONICAL_SURFACE('',#869,0.25,0.785398);
#869=AXIS2_PLACEMENT_3D('',#865,#151,#152);
#870=ADVANCED_FACE('',(#871),#883,.F.);
#871=FACE_BOUND('',#872,.T.);
#872=EDGE_LOOP('',(#873,#877,#878,#882));
#873=ORIENTED_EDGE('',*,*,#874,.F.);
#874=EDGE_CURVE('',#640,#727,#875,.T.);
#875=LINE('',#876,#99);
#876=CARTESIAN_POINT('',(-3.17,-0.65,-0.35));
#877=ORIENTED_EDGE('',*,*,#637,.F.);
#878=ORIENTED_EDGE('',*,*,#879,.T.);
#879=EDGE_CURVE('',#638,#751,#880,.T.);
#880=LINE('',#881,#99);
#881=CARTESIAN_POINT('',(-3.42,-0.4,-0.35));
#882=ORIENTED_EDGE('',*,*,#758,.T.);
#883=CYLINDRICAL_SURFACE('',#884,0.25);
#884=AXIS2_PLACEMENT_3D('',#885,#13,#152);
#885=CARTESIAN_POINT('',(-3.17,-0.4,-0.35));
#886=ADVANCED_FACE('',(#887),#896,.T.);
#887=FACE_BOUND('',#888,.T.);
#888=EDGE_LOOP('',(#889,#890,#894,#895));
#889=ORIENTED_EDGE('',*,*,#685,.F.);
#890=ORIENTED_EDGE('',*,*,#891,.T.);
#891=EDGE_CURVE('',#679,#771,#892,.T.);
#892=LINE('',#893,#99);
#893=CARTESIAN_POINT('',(-3.42,0.4,-0.35));
#894=ORIENTED_EDGE('',*,*,#775,.T.);
#895=ORIENTED_EDGE('',*,*,#879,.F.);
#896=PLANE('',#897);
#897=AXIS2_PLACEMENT_3D('',#898,#14,#152);
#898=CARTESIAN_POINT('',(-3.42,0.65,-0.35));
#899=ADVANCED_FACE('',(#900),#909,.F.);
#900=FACE_BOUND('',#901,.F.);
#901=EDGE_LOOP('',(#902,#906,#907,#908));
#902=ORIENTED_EDGE('',*,*,#903,.F.);
#903=EDGE_CURVE('',#673,#788,#904,.T.);
#904=LINE('',#905,#99);
#905=CARTESIAN_POINT('',(-3.17,0.65,-0.35));
#906=ORIENTED_EDGE('',*,*,#678,.T.);
#907=ORIENTED_EDGE('',*,*,#891,.T.);
#908=ORIENTED_EDGE('',*,*,#795,.F.);
#909=CYLINDRICAL_SURFACE('',#910,0.25);
#910=AXIS2_PLACEMENT_3D('',#911,#13,#135);
#911=CARTESIAN_POINT('',(-3.17,0.4,-0.35));
#912=ADVANCED_FACE('',(#913),#922,.T.);
#913=FACE_BOUND('',#914,.T.);
#914=EDGE_LOOP('',(#915,#916,#920,#921));
#915=ORIENTED_EDGE('',*,*,#672,.F.);
#916=ORIENTED_EDGE('',*,*,#917,.T.);
#917=EDGE_CURVE('',#666,#808,#918,.T.);
#918=LINE('',#919,#99);
#919=CARTESIAN_POINT('',(3.17,0.65,-0.35));
#920=ORIENTED_EDGE('',*,*,#812,.T.);
#921=ORIENTED_EDGE('',*,*,#903,.F.);
#922=PLANE('',#923);
#923=AXIS2_PLACEMENT_3D('',#924,#152,#18);
#924=CARTESIAN_POINT('',(3.42,0.65,-0.35));
#925=ADVANCED_FACE('',(#926),#935,.F.);
#926=FACE_BOUND('',#927,.F.);
#927=EDGE_LOOP('',(#928,#932,#933,#934));
#928=ORIENTED_EDGE('',*,*,#929,.F.);
#929=EDGE_CURVE('',#660,#825,#930,.T.);
#930=LINE('',#931,#99);
#931=CARTESIAN_POINT('',(3.42,0.4,-0.35));
#932=ORIENTED_EDGE('',*,*,#665,.T.);
#933=ORIENTED_EDGE('',*,*,#917,.T.);
#934=ORIENTED_EDGE('',*,*,#832,.F.);
#935=CYLINDRICAL_SURFACE('',#936,0.25);
#936=AXIS2_PLACEMENT_3D('',#937,#13,#14);
#937=CARTESIAN_POINT('',(3.17,0.4,-0.35));
#938=ADVANCED_FACE('',(#939),#948,.T.);
#939=FACE_BOUND('',#940,.T.);
#940=EDGE_LOOP('',(#941,#942,#946,#947));
#941=ORIENTED_EDGE('',*,*,#659,.F.);
#942=ORIENTED_EDGE('',*,*,#943,.T.);
#943=EDGE_CURVE('',#653,#845,#944,.T.);
#944=LINE('',#945,#99);
#945=CARTESIAN_POINT('',(3.42,-0.4,-0.35));
#946=ORIENTED_EDGE('',*,*,#849,.T.);
#947=ORIENTED_EDGE('',*,*,#929,.F.);
#948=PLANE('',#949);
#949=AXIS2_PLACEMENT_3D('',#950,#18,#135);
#950=CARTESIAN_POINT('',(3.42,-0.65,-0.35));
#951=ADVANCED_FACE('',(#952),#961,.F.);
#952=FACE_BOUND('',#953,.F.);
#953=EDGE_LOOP('',(#954,#958,#959,#960));
#954=ORIENTED_EDGE('',*,*,#955,.F.);
#955=EDGE_CURVE('',#647,#735,#956,.T.);
#956=LINE('',#957,#99);
#957=CARTESIAN_POINT('',(3.17,-0.65,-0.35));
#958=ORIENTED_EDGE('',*,*,#652,.T.);
#959=ORIENTED_EDGE('',*,*,#943,.T.);
#960=ORIENTED_EDGE('',*,*,#862,.F.);
#961=CYLINDRICAL_SURFACE('',#962,0.25);
#962=AXIS2_PLACEMENT_3D('',#963,#13,#152);
#963=CARTESIAN_POINT('',(3.17,-0.4,-0.35));
#964=ADVANCED_FACE('',(#965),#971,.T.);
#965=FACE_BOUND('',#966,.T.);
#966=EDGE_LOOP('',(#967,#968,#969,#970));
#967=ORIENTED_EDGE('',*,*,#646,.F.);
#968=ORIENTED_EDGE('',*,*,#874,.T.);
#969=ORIENTED_EDGE('',*,*,#734,.T.);
#970=ORIENTED_EDGE('',*,*,#955,.F.);
#971=PLANE('',#972);
#972=AXIS2_PLACEMENT_3D('',#973,#135,#14);
#973=CARTESIAN_POINT('',(-3.42,-0.65,-0.35));
#974=( GEOMETRIC_REPRESENTATION_CONTEXT(3)GLOBAL_UNCERTAINTY_ASSIGNED_CONTEXT((#978))GLOBAL_UNIT_ASSIGNED_CONTEXT((#975,#976,#977)) REPRESENTATION_CONTEXT('Context #1','3D Context with UNIT and UNCERTAINTY') );
#975=( LENGTH_UNIT() NAMED_UNIT(*) SI_UNIT(.MILLI.,.METRE.) );
#976=( NAMED_UNIT(*) PLANE_ANGLE_UNIT() SI_UNIT($,.RADIAN.) );
#977=( NAMED_UNIT(*) SI_UNIT($,.STERADIAN.) SOLID_ANGLE_UNIT() );
#978=UNCERTAINTY_MEASURE_WITH_UNIT(LENGTH_MEASURE(0.),#975,'distance_accuracy_value','confusion accuracy');
#979=CONTEXT_DEPENDENT_SHAPE_REPRESENTATION(#980,#982);
#980=( REPRESENTATION_RELATIONSHIP('','',#86,#10)REPRESENTATION_RELATIONSHIP_WITH_TRANSFORMATION(#981)SHAPE_REPRESENTATION_RELATIONSHIP() );
#981=ITEM_DEFINED_TRANSFORMATION('','',#11,#11);
#982=PRODUCT_DEFINITION_SHAPE('Placement','Placement of an item',#983);
#983=NEXT_ASSEMBLY_USAGE_OCCURRENCE('1','shell','',#5,#81,$);
#984=PRODUCT_RELATED_PRODUCT_CATEGORY('part',$,(#83));
#985=SHAPE_DEFINITION_REPRESENTATION(#986,#992);
#986=PRODUCT_DEFINITION_SHAPE('','',#987);
#987=PRODUCT_DEFINITION('design','',#988,#991);
#988=PRODUCT_DEFINITION_FORMATION('','',#989);
#989=PRODUCT('insert','insert','',(#990));
#990=PRODUCT_CONTEXT('',#2,'mechanical');
#991=PRODUCT_DEFINITION_CONTEXT('part definition',#2,'design');
#992=ADVANCED_BREP_SHAPE_REPRESENTATION('',(#11,#993),#1405);
#993=MANIFOLD_SOLID_BREP('',#994);
#994=CLOSED_SHELL('',(#995,#1010,#1022,#1034,#1068,#1102,#1109,#1128,#1143,#1158,#1169,#1188,#1223,#1238,#1269,#1278,#1313,#1329,#1345,#1356,#1367,#1378,#1387,#1396));
#995=ADVANCED_FACE('',(#996),#426,.T.);
#996=FACE_BOUND('',#997,.T.);
#997=EDGE_LOOP('',(#998,#1002,#1005,#1008));
#998=ORIENTED_EDGE('',*,*,#999,.T.);
#999=EDGE_CURVE('',#1000,#1001,#392,.T.);
#1000=VERTEX_POINT('',#175);
#1001=VERTEX_POINT('',#386);
#1002=ORIENTED_EDGE('',*,*,#1003,.T.);
#1003=EDGE_CURVE('',#1001,#1004,#404,.T.);
#1004=VERTEX_POINT('',#403);
#1005=ORIENTED_EDGE('',*,*,#1006,.F.);
#1006=EDGE_CURVE('',#1007,#1004,#407,.T.);
#1007=VERTEX_POINT('',#234);
#1008=ORIENTED_EDGE('',*,*,#1009,.F.);
#1009=EDGE_CURVE('',#1000,#1007,#176,.T.);
#1010=ADVANCED_FACE('',(#1011),#394,.T.);
#1011=FACE_BOUND('',#1012,.T.);
#1012=EDGE_LOOP('',(#1013,#1017,#1019,#1020));
#1013=ORIENTED_EDGE('',*,*,#1014,.T.);
#1014=EDGE_CURVE('',#1015,#1016,#364,.T.);
#1015=VERTEX_POINT('',#180);
#1016=VERTEX_POINT('',#360);
#1017=ORIENTED_EDGE('',*,*,#1018,.T.);
#1018=EDGE_CURVE('',#1016,#1001,#387,.T.);
#1019=ORIENTED_EDGE('',*,*,#999,.F.);
#1020=ORIENTED_EDGE('',*,*,#1021,.F.);
#1021=EDGE_CURVE('',#1015,#1000,#181,.T.);
#1022=ADVANCED_FACE('',(#1023),#481,.T.);
#1023=FACE_BOUND('',#1024,.T.);
#1024=EDGE_LOOP('',(#1025,#1026,#1029,#1032));
#1025=ORIENTED_EDGE('',*,*,#1006,.T.);
#1026=ORIENTED_EDGE('',*,*,#1027,.T.);
#1027=EDGE_CURVE('',#1004,#1028,#476,.T.);
#1028=VERTEX_POINT('',#355);
#1029=ORIENTED_EDGE('',*,*,#1030,.F.);
#1030=EDGE_CURVE('',#1031,#1028,#356,.T.);
#1031=VERTEX_POINT('',#187);
#1032=ORIENTED_EDGE('',*,*,#1033,.F.);
#1033=EDGE_CURVE('',#1007,#1031,#235,.T.);
#1034=ADVANCED_FACE('',(#1035,#1042),#199,.T.);
#1035=FACE_BOUND('',#1036,.T.);
#1036=EDGE_LOOP('',(#1037,#1038,#1039,#1041));
#1037=ORIENTED_EDGE('',*,*,#1009,.T.);
#1038=ORIENTED_EDGE('',*,*,#1033,.T.);
#1039=ORIENTED_EDGE('',*,*,#1040,.T.);
#1040=EDGE_CURVE('',#1031,#1015,#186,.T.);
#1041=ORIENTED_EDGE('',*,*,#1021,.T.);
#1042=FACE_BOUND('',#1043,.T.);
#1043=EDGE_LOOP('',(#1044,#1052,#1058,#1064));
#1044=ORIENTED_EDGE('',*,*,#1045,.F.);
#1045=EDGE_CURVE('',#1046,#1048,#1050,.T.);
#1046=VERTEX_POINT('',#1047);
#1047=CARTESIAN_POINT('',(-2.98,0.975,-8.65));
#1048=VERTEX_POINT('',#1049);
#1049=CARTESIAN_POINT('',(2.98,0.975,-8.65));
#1050=LINE('',#1051,#105);
#1051=CARTESIAN_POINT('',(-1.49,0.975,-8.65));
#1052=ORIENTED_EDGE('',*,*,#1053,.T.);
#1053=EDGE_CURVE('',#1046,#1054,#1056,.T.);
#1054=VERTEX_POINT('',#1055);
#1055=CARTESIAN_POINT('',(-2.98,-0.975,-8.65));
#1056=LINE('',#1057,#171);
#1057=CARTESIAN_POINT('',(-2.98,-0.4875,-8.65));
#1058=ORIENTED_EDGE('',*,*,#1059,.T.);
#1059=EDGE_CURVE('',#1054,#1060,#1062,.T.);
#1060=VERTEX_POINT('',#1061);
#1061=CARTESIAN_POINT('',(2.98,-0.975,-8.65));
#1062=LINE('',#1063,#105);
#1063=CARTESIAN_POINT('',(-1.49,-0.975,-8.65));
#1064=ORIENTED_EDGE('',*,*,#1065,.F.);
#1065=EDGE_CURVE('',#1048,#1060,#1066,.T.);
#1066=LINE('',#1067,#171);
#1067=CARTESIAN_POINT('',(2.98,-0.4875,-8.65));
#1068=ADVANCED_FACE('',(#1069,#1076),#688,.F.);
#1069=FACE_BOUND('',#1070,.F.);
#1070=EDGE_LOOP('',(#1071,#1072,#1073,#1075));
#1071=ORIENTED_EDGE('',*,*,#1003,.T.);
#1072=ORIENTED_EDGE('',*,*,#1027,.T.);
#1073=ORIENTED_EDGE('',*,*,#1074,.T.);
#1074=EDGE_CURVE('',#1028,#1016,#361,.T.);
#1075=ORIENTED_EDGE('',*,*,#1018,.T.);
#1076=FACE_BOUND('',#1077,.F.);
#1077=EDGE_LOOP('',(#1078,#1086,#1092,#1098));
#1078=ORIENTED_EDGE('',*,*,#1079,.F.);
#1079=EDGE_CURVE('',#1080,#1082,#1084,.T.);
#1080=VERTEX_POINT('',#1081);
#1081=CARTESIAN_POINT('',(-3.42,0.9,-0.3));
#1082=VERTEX_POINT('',#1083);
#1083=CARTESIAN_POINT('',(3.42,0.9,-0.3));
#1084=LINE('',#1085,#105);
#1085=CARTESIAN_POINT('',(-1.71,0.9,-0.3));
#1086=ORIENTED_EDGE('',*,*,#1087,.T.);
#1087=EDGE_CURVE('',#1080,#1088,#1090,.T.);
#1088=VERTEX_POINT('',#1089);
#1089=CARTESIAN_POINT('',(-3.42,-0.9,-0.3));
#1090=LINE('',#1091,#171);
#1091=CARTESIAN_POINT('',(-3.42,-0.45,-0.3));
#1092=ORIENTED_EDGE('',*,*,#1093,.T.);
#1093=EDGE_CURVE('',#1088,#1094,#1096,.T.);
#1094=VERTEX_POINT('',#1095);
#1095=CARTESIAN_POINT('',(3.42,-0.9,-0.3));
#1096=LINE('',#1097,#105);
#1097=CARTESIAN_POINT('',(-1.71,-0.9,-0.3));
#1098=ORIENTED_EDGE('',*,*,#1099,.F.);
#1099=EDGE_CURVE('',#1082,#1094,#1100,.T.);
#1100=LINE('',#1101,#171);
#1101=CARTESIAN_POINT('',(3.42,-0.45,-0.3));
#1102=ADVANCED_FACE('',(#1103),#377,.T.);
#1103=FACE_BOUND('',#1104,.T.);
#1104=EDGE_LOOP('',(#1105,#1106,#1107,#1108));
#1105=ORIENTED_EDGE('',*,*,#1030,.T.);
#1106=ORIENTED_EDGE('',*,*,#1074,.T.);
#1107=ORIENTED_EDGE('',*,*,#1014,.F.);
#1108=ORIENTED_EDGE('',*,*,#1040,.F.);
#1109=ADVANCED_FACE('',(#1110),#1126,.T.);
#1110=FACE_BOUND('',#1111,.T.);
#1111=EDGE_LOOP('',(#1112,#1117,#1122,#1125));
#1112=ORIENTED_EDGE('',*,*,#1113,.F.);
#1113=EDGE_CURVE('',#1114,#1048,#1116,.T.);
#1114=VERTEX_POINT('',#1115);
#1115=CARTESIAN_POINT('',(2.98,0.975,-11.7));
#1116=LINE('',#1115,#99);
#1117=ORIENTED_EDGE('',*,*,#1118,.F.);
#1118=EDGE_CURVE('',#1119,#1114,#1121,.T.);
#1119=VERTEX_POINT('',#1120);
#1120=CARTESIAN_POINT('',(-2.98,0.975,-11.7));
#1121=LINE('',#1120,#105);
#1122=ORIENTED_EDGE('',*,*,#1123,.T.);
#1123=EDGE_CURVE('',#1119,#1046,#1124,.T.);
#1124=LINE('',#1120,#99);
#1125=ORIENTED_EDGE('',*,*,#1045,.T.);
#1126=PLANE('',#1127);
#1127=AXIS2_PLACEMENT_3D('',#1120,#135,#13);
#1128=ADVANCED_FACE('',(#1129),#1141,.T.);
#1129=FACE_BOUND('',#1130,.T.);
#1130=EDGE_LOOP('',(#1131,#1136,#1139,#1140));
#1131=ORIENTED_EDGE('',*,*,#1132,.F.);
#1132=EDGE_CURVE('',#1133,#1060,#1135,.T.);
#1133=VERTEX_POINT('',#1134);
#1134=CARTESIAN_POINT('',(2.98,-0.975,-11.7));
#1135=LINE('',#1134,#99);
#1136=ORIENTED_EDGE('',*,*,#1137,.T.);
#1137=EDGE_CURVE('',#1133,#1114,#1138,.T.);
#1138=LINE('',#1134,#329);
#1139=ORIENTED_EDGE('',*,*,#1113,.T.);
#1140=ORIENTED_EDGE('',*,*,#1065,.T.);
#1141=PLANE('',#1142);
#1142=AXIS2_PLACEMENT_3D('',#1134,#14,#13);
#1143=ADVANCED_FACE('',(#1144),#1156,.F.);
#1144=FACE_BOUND('',#1145,.F.);
#1145=EDGE_LOOP('',(#1146,#1147,#1152,#1155));
#1146=ORIENTED_EDGE('',*,*,#1132,.F.);
#1147=ORIENTED_EDGE('',*,*,#1148,.F.);
#1148=EDGE_CURVE('',#1149,#1133,#1151,.T.);
#1149=VERTEX_POINT('',#1150);
#1150=CARTESIAN_POINT('',(-2.98,-0.975,-11.7));
#1151=LINE('',#1150,#105);
#1152=ORIENTED_EDGE('',*,*,#1153,.T.);
#1153=EDGE_CURVE('',#1149,#1054,#1154,.T.);
#1154=LINE('',#1150,#99);
#1155=ORIENTED_EDGE('',*,*,#1059,.T.);
#1156=PLANE('',#1157);
#1157=AXIS2_PLACEMENT_3D('',#1150,#135,#13);
#1158=ADVANCED_FACE('',(#1159),#1167,.F.);
#1159=FACE_BOUND('',#1160,.F.);
#1160=EDGE_LOOP('',(#1161,#1162,#1165,#1166));
#1161=ORIENTED_EDGE('',*,*,#1153,.F.);
#1162=ORIENTED_EDGE('',*,*,#1163,.T.);
#1163=EDGE_CURVE('',#1149,#1119,#1164,.T.);
#1164=LINE('',#1150,#329);
#1165=ORIENTED_EDGE('',*,*,#1123,.T.);
#1166=ORIENTED_EDGE('',*,*,#1053,.T.);
#1167=PLANE('',#1168);
#1168=AXIS2_PLACEMENT_3D('',#1150,#14,#13);
#1169=ADVANCED_FACE('',(#1170),#1186,.F.);
#1170=FACE_BOUND('',#1171,.F.);
#1171=EDGE_LOOP('',(#1172,#1177,#1182,#1185));
#1172=ORIENTED_EDGE('',*,*,#1173,.F.);
#1173=EDGE_CURVE('',#1174,#1082,#1176,.T.);
#1174=VERTEX_POINT('',#1175);
#1175=CARTESIAN_POINT('',(3.42,0.9,-4.65));
#1176=LINE('',#1175,#99);
#1177=ORIENTED_EDGE('',*,*,#1178,.F.);
#1178=EDGE_CURVE('',#1179,#1174,#1181,.T.);
#1179=VERTEX_POINT('',#1180);
#1180=CARTESIAN_POINT('',(-3.42,0.9,-4.65));
#1181=LINE('',#1180,#105);
#1182=ORIENTED_EDGE('',*,*,#1183,.T.);
#1183=EDGE_CURVE('',#1179,#1080,#1184,.T.);
#1184=LINE('',#1180,#99);
#1185=ORIENTED_EDGE('',*,*,#1079,.T.);
#1186=PLANE('',#1187);
#1187=AXIS2_PLACEMENT_3D('',#1180,#135,#13);
#1188=ADVANCED_FACE('',(#1189),#1221,.F.);
#1189=FACE_BOUND('',#1190,.F.);
#1190=EDGE_LOOP('',(#1191,#1192,#1193,#1198,#1203,#1208,#1214,#1219));
#1191=ORIENTED_EDGE('',*,*,#1173,.T.);
#1192=ORIENTED_EDGE('',*,*,#1099,.T.);
#1193=ORIENTED_EDGE('',*,*,#1194,.F.);
#1194=EDGE_CURVE('',#1195,#1094,#1197,.T.);
#1195=VERTEX_POINT('',#1196);
#1196=CARTESIAN_POINT('',(3.42,-0.9,-4.65));
#1197=LINE('',#1196,#99);
#1198=ORIENTED_EDGE('',*,*,#1199,.T.);
#1199=EDGE_CURVE('',#1195,#1200,#1202,.T.);
#1200=VERTEX_POINT('',#1201);
#1201=CARTESIAN_POINT('',(3.42,-0.3,-4.65));
#1202=LINE('',#1196,#329);
#1203=ORIENTED_EDGE('',*,*,#1204,.T.);
#1204=EDGE_CURVE('',#1200,#1205,#1207,.T.);
#1205=VERTEX_POINT('',#1206);
#1206=CARTESIAN_POINT('',(3.42,-0.3,-2.1));
#1207=LINE('',#1201,#99);
#1208=ORIENTED_EDGE('',*,*,#1209,.F.);
#1209=EDGE_CURVE('',#1210,#1205,#1212,.T.);
#1210=VERTEX_POINT('',#1211);
#1211=CARTESIAN_POINT('',(3.42,0.3,-2.1));
#1212=LINE('',#1213,#171);
#1213=CARTESIAN_POINT('',(3.42,-0.6,-2.1));
#1214=ORIENTED_EDGE('',*,*,#1215,.F.);
#1215=EDGE_CURVE('',#1216,#1210,#1218,.T.);
#1216=VERTEX_POINT('',#1217);
#1217=CARTESIAN_POINT('',(3.42,0.3,-4.65));
#1218=LINE('',#1217,#99);
#1219=ORIENTED_EDGE('',*,*,#1220,.T.);
#1220=EDGE_CURVE('',#1216,#1174,#1202,.T.);
#1221=PLANE('',#1222);
#1222=AXIS2_PLACEMENT_3D('',#1196,#14,#13);
#1223=ADVANCED_FACE('',(#1224),#1236,.T.);
#1224=FACE_BOUND('',#1225,.T.);
#1225=EDGE_LOOP('',(#1226,#1227,#1232,#1235));
#1226=ORIENTED_EDGE('',*,*,#1194,.F.);
#1227=ORIENTED_EDGE('',*,*,#1228,.F.);
#1228=EDGE_CURVE('',#1229,#1195,#1231,.T.);
#1229=VERTEX_POINT('',#1230);
#1230=CARTESIAN_POINT('',(-3.42,-0.9,-4.65));
#1231=LINE('',#1230,#105);
#1232=ORIENTED_EDGE('',*,*,#1233,.T.);
#1233=EDGE_CURVE('',#1229,#1088,#1234,.T.);
#1234=LINE('',#1230,#99);
#1235=ORIENTED_EDGE('',*,*,#1093,.T.);
#1236=PLANE('',#1237);
#1237=AXIS2_PLACEMENT_3D('',#1230,#135,#13);
#1238=ADVANCED_FACE('',(#1239),#1267,.T.);
#1239=FACE_BOUND('',#1240,.T.);
#1240=EDGE_LOOP('',(#1241,#1242,#1243,#1244,#1249,#1254,#1260,#1265));
#1241=ORIENTED_EDGE('',*,*,#1183,.T.);
#1242=ORIENTED_EDGE('',*,*,#1087,.T.);
#1243=ORIENTED_EDGE('',*,*,#1233,.F.);
#1244=ORIENTED_EDGE('',*,*,#1245,.T.);
#1245=EDGE_CURVE('',#1229,#1246,#1248,.T.);
#1246=VERTEX_POINT('',#1247);
#1247=CARTESIAN_POINT('',(-3.42,-0.3,-4.65));
#1248=LINE('',#1230,#329);
#1249=ORIENTED_EDGE('',*,*,#1250,.T.);
#1250=EDGE_CURVE('',#1246,#1251,#1253,.T.);
#1251=VERTEX_POINT('',#1252);
#1252=CARTESIAN_POINT('',(-3.42,-0.3,-2.1));
#1253=LINE('',#1247,#99);
#1254=ORIENTED_EDGE('',*,*,#1255,.F.);
#1255=EDGE_CURVE('',#1256,#1251,#1258,.T.);
#1256=VERTEX_POINT('',#1257);
#1257=CARTESIAN_POINT('',(-3.42,0.3,-2.1));
#1258=LINE('',#1259,#171);
#1259=CARTESIAN_POINT('',(-3.42,-0.6,-2.1));
#1260=ORIENTED_EDGE('',*,*,#1261,.F.);
#1261=EDGE_CURVE('',#1262,#1256,#1264,.T.);
#1262=VERTEX_POINT('',#1263);
#1263=CARTESIAN_POINT('',(-3.42,0.3,-4.65));
#1264=LINE('',#1263,#99);
#1265=ORIENTED_EDGE('',*,*,#1266,.T.);
#1266=EDGE_CURVE('',#1262,#1179,#1248,.T.);
#1267=PLANE('',#1268);
#1268=AXIS2_PLACEMENT_3D('',#1230,#14,#13);
#1269=ADVANCED_FACE('',(#1270),#1276,.F.);
#1270=FACE_BOUND('',#1271,.F.);
#1271=EDGE_LOOP('',(#1272,#1273,#1274,#1275));
#1272=ORIENTED_EDGE('',*,*,#1163,.F.);
#1273=ORIENTED_EDGE('',*,*,#1148,.T.);
#1274=ORIENTED_EDGE('',*,*,#1137,.T.);
#1275=ORIENTED_EDGE('',*,*,#1118,.F.);
#1276=PLANE('',#1277);
#1277=AXIS2_PLACEMENT_3D('',#1150,#13,#14);
#1278=ADVANCED_FACE('',(#1279),#1311,.T.);
#1279=FACE_BOUND('',#1280,.T.);
#1280=EDGE_LOOP('',(#1281,#1282,#1287,#1292,#1295,#1296,#1297,#1298,#1302,#1307,#1309,#1310));
#1281=ORIENTED_EDGE('',*,*,#1266,.F.);
#1282=ORIENTED_EDGE('',*,*,#1283,.F.);
#1283=EDGE_CURVE('',#1284,#1262,#1286,.T.);
#1284=VERTEX_POINT('',#1285);
#1285=CARTESIAN_POINT('',(-3.85,0.3,-4.65));
#1286=LINE('',#1285,#105);
#1287=ORIENTED_EDGE('',*,*,#1288,.F.);
#1288=EDGE_CURVE('',#1289,#1284,#1291,.T.);
#1289=VERTEX_POINT('',#1290);
#1290=CARTESIAN_POINT('',(-3.85,-0.3,-4.65));
#1291=LINE('',#1290,#329);
#1292=ORIENTED_EDGE('',*,*,#1293,.T.);
#1293=EDGE_CURVE('',#1289,#1246,#1294,.T.);
#1294=LINE('',#1290,#105);
#1295=ORIENTED_EDGE('',*,*,#1245,.F.);
#1296=ORIENTED_EDGE('',*,*,#1228,.T.);
#1297=ORIENTED_EDGE('',*,*,#1199,.T.);
#1298=ORIENTED_EDGE('',*,*,#1299,.T.);
#1299=EDGE_CURVE('',#1200,#1300,#1294,.T.);
#1300=VERTEX_POINT('',#1301);
#1301=CARTESIAN_POINT('',(3.85,-0.3,-4.65));
#1302=ORIENTED_EDGE('',*,*,#1303,.T.);
#1303=EDGE_CURVE('',#1300,#1304,#1306,.T.);
#1304=VERTEX_POINT('',#1305);
#1305=CARTESIAN_POINT('',(3.85,0.3,-4.65));
#1306=LINE('',#1301,#329);
#1307=ORIENTED_EDGE('',*,*,#1308,.F.);
#1308=EDGE_CURVE('',#1216,#1304,#1286,.T.);
#1309=ORIENTED_EDGE('',*,*,#1220,.T.);
#1310=ORIENTED_EDGE('',*,*,#1178,.F.);
#1311=PLANE('',#1312);
#1312=AXIS2_PLACEMENT_3D('',#1230,#13,#14);
#1313=ADVANCED_FACE('',(#1314),#1327,.F.);
#1314=FACE_BOUND('',#1315,.F.);
#1315=EDGE_LOOP('',(#1316,#1317,#1318,#1324));
#1316=ORIENTED_EDGE('',*,*,#1308,.F.);
#1317=ORIENTED_EDGE('',*,*,#1215,.T.);
#1318=ORIENTED_EDGE('',*,*,#1319,.T.);
#1319=EDGE_CURVE('',#1210,#1320,#1322,.T.);
#1320=VERTEX_POINT('',#1321);
#1321=CARTESIAN_POINT('',(3.85,0.3,-2.1));
#1322=LINE('',#1323,#105);
#1323=CARTESIAN_POINT('',(-3.85,0.3,-2.1));
#1324=ORIENTED_EDGE('',*,*,#1325,.F.);
#1325=EDGE_CURVE('',#1304,#1320,#1326,.T.);
#1326=LINE('',#1305,#99);
#1327=PLANE('',#1328);
#1328=AXIS2_PLACEMENT_3D('',#1285,#135,#13);
#1329=ADVANCED_FACE('',(#1330),#1343,.F.);
#1330=FACE_BOUND('',#1331,.F.);
#1331=EDGE_LOOP('',(#1332,#1333,#1334,#1340));
#1332=ORIENTED_EDGE('',*,*,#1319,.F.);
#1333=ORIENTED_EDGE('',*,*,#1209,.T.);
#1334=ORIENTED_EDGE('',*,*,#1335,.T.);
#1335=EDGE_CURVE('',#1205,#1336,#1338,.T.);
#1336=VERTEX_POINT('',#1337);
#1337=CARTESIAN_POINT('',(3.85,-0.3,-2.1));
#1338=LINE('',#1339,#105);
#1339=CARTESIAN_POINT('',(-3.85,-0.3,-2.1));
#1340=ORIENTED_EDGE('',*,*,#1341,.T.);
#1341=EDGE_CURVE('',#1336,#1320,#1342,.T.);
#1342=LINE('',#1337,#329);
#1343=PLANE('',#1344);
#1344=AXIS2_PLACEMENT_3D('',#1339,#13,#14);
#1345=ADVANCED_FACE('',(#1346),#1354,.T.);
#1346=FACE_BOUND('',#1347,.T.);
#1347=EDGE_LOOP('',(#1348,#1349,#1350,#1351));
#1348=ORIENTED_EDGE('',*,*,#1299,.F.);
#1349=ORIENTED_EDGE('',*,*,#1204,.T.);
#1350=ORIENTED_EDGE('',*,*,#1335,.T.);
#1351=ORIENTED_EDGE('',*,*,#1352,.F.);
#1352=EDGE_CURVE('',#1300,#1336,#1353,.T.);
#1353=LINE('',#1301,#99);
#1354=PLANE('',#1355);
#1355=AXIS2_PLACEMENT_3D('',#1290,#135,#13);
#1356=ADVANCED_FACE('',(#1357),#1327,.F.);
#1357=FACE_BOUND('',#1358,.F.);
#1358=EDGE_LOOP('',(#1359,#1360,#1364,#1366));
#1359=ORIENTED_EDGE('',*,*,#1283,.F.);
#1360=ORIENTED_EDGE('',*,*,#1361,.T.);
#1361=EDGE_CURVE('',#1284,#1362,#1363,.T.);
#1362=VERTEX_POINT('',#1323);
#1363=LINE('',#1285,#99);
#1364=ORIENTED_EDGE('',*,*,#1365,.T.);
#1365=EDGE_CURVE('',#1362,#1256,#1322,.T.);
#1366=ORIENTED_EDGE('',*,*,#1261,.F.);
#1367=ADVANCED_FACE('',(#1368),#1343,.F.);
#1368=FACE_BOUND('',#1369,.F.);
#1369=EDGE_LOOP('',(#1370,#1371,#1375,#1377));
#1370=ORIENTED_EDGE('',*,*,#1365,.F.);
#1371=ORIENTED_EDGE('',*,*,#1372,.F.);
#1372=EDGE_CURVE('',#1373,#1362,#1374,.T.);
#1373=VERTEX_POINT('',#1339);
#1374=LINE('',#1339,#329);
#1375=ORIENTED_EDGE('',*,*,#1376,.T.);
#1376=EDGE_CURVE('',#1373,#1251,#1338,.T.);
#1377=ORIENTED_EDGE('',*,*,#1255,.F.);
#1378=ADVANCED_FACE('',(#1379),#1354,.T.);
#1379=FACE_BOUND('',#1380,.T.);
#1380=EDGE_LOOP('',(#1381,#1382,#1385,#1386));
#1381=ORIENTED_EDGE('',*,*,#1293,.F.);
#1382=ORIENTED_EDGE('',*,*,#1383,.T.);
#1383=EDGE_CURVE('',#1289,#1373,#1384,.T.);
#1384=LINE('',#1290,#99);
#1385=ORIENTED_EDGE('',*,*,#1376,.T.);
#1386=ORIENTED_EDGE('',*,*,#1250,.F.);
#1387=ADVANCED_FACE('',(#1388),#1394,.T.);
#1388=FACE_BOUND('',#1389,.T.);
#1389=EDGE_LOOP('',(#1390,#1391,#1392,#1393));
#1390=ORIENTED_EDGE('',*,*,#1383,.F.);
#1391=ORIENTED_EDGE('',*,*,#1288,.T.);
#1392=ORIENTED_EDGE('',*,*,#1361,.T.);
#1393=ORIENTED_EDGE('',*,*,#1372,.F.);
#1394=PLANE('',#1395);
#1395=AXIS2_PLACEMENT_3D('',#1290,#14,#13);
#1396=ADVANCED_FACE('',(#1397),#1403,.F.);
#1397=FACE_BOUND('',#1398,.F.);
#1398=EDGE_LOOP('',(#1399,#1400,#1401,#1402));
#1399=ORIENTED_EDGE('',*,*,#1352,.F.);
#1400=ORIENTED_EDGE('',*,*,#1303,.T.);
#1401=ORIENTED_EDGE('',*,*,#1325,.T.);
#1402=ORIENTED_EDGE('',*,*,#1341,.F.);
#1403=PLANE('',#1404);
#1404=AXIS2_PLACEMENT_3D('',#1301,#14,#13);
#1405=( GEOMETRIC_REPRESENTATION_CONTEXT(3)GLOBAL_UNCERTAINTY_ASSIGNED_CONTEXT((#1409))GLOBAL_UNIT_ASSIGNED_CONTEXT((#1406,#1407,#1408)) REPRESENTATION_CONTEXT('Context #1','3D Context with UNIT and UNCERTAINTY') );
#1406=( LENGTH_UNIT() NAMED_UNIT(*) SI_UNIT(.MILLI.,.METRE.) );
#1407=( NAMED_UNIT(*) PLANE_ANGLE_UNIT() SI_UNIT($,.RADIAN.) );
#1408=( NAMED_UNIT(*) SI_UNIT($,.STERADIAN.) SOLID_ANGLE_UNIT() );
#1409=UNCERTAINTY_MEASURE_WITH_UNIT(LENGTH_MEASURE(0.),#1406,'distance_accuracy_value','confusion accuracy');
#1410=CONTEXT_DEPENDENT_SHAPE_REPRESENTATION(#1411,#1413);
#1411=( REPRESENTATION_RELATIONSHIP('','',#992,#10)REPRESENTATION_RELATIONSHIP_WITH_TRANSFORMATION(#1412)SHAPE_REPRESENTATION_RELATIONSHIP() );
#1412=ITEM_DEFINED_TRANSFORMATION('','',#11,#11);
#1413=PRODUCT_DEFINITION_SHAPE('Placement','Placement of an item',#1414);
#1414=NEXT_ASSEMBLY_USAGE_OCCURRENCE('2','insert','',#5,#987,$);
#1415=PRODUCT_RELATED_PRODUCT_CATEGORY('part',$,(#989));
#1416=SHAPE_DEFINITION_REPRESENTATION(#1417,#1423);
#1417=PRODUCT_DEFINITION_SHAPE('','',#1418);
#1418=PRODUCT_DEFINITION('design','',#1419,#1422);
#1419=PRODUCT_DEFINITION_FORMATION('','',#1420);
#1420=PRODUCT('contact0','contact0','',(#1421));
#1421=PRODUCT_CONTEXT('',#2,'mechanical');
#1422=PRODUCT_DEFINITION_CONTEXT('part definition',#2,'design');
#1423=ADVANCED_BREP_SHAPE_REPRESENTATION('',(#11,#1424),#1576);
#1424=MANIFOLD_SOLID_BREP('',#1425);
#1425=CLOSED_SHELL('',(#1426,#1451,#1473,#1495,#1514,#1536,#1552,#1564));
#1426=ADVANCED_FACE('',(#1427),#1449,.F.);
#1427=FACE_BOUND('',#1428,.F.);
#1428=EDGE_LOOP('',(#1429,#1436,#1441,#1446));
#1429=ORIENTED_EDGE('',*,*,#1430,.T.);
#1430=EDGE_CURVE('',#1431,#1433,#1435,.T.);
#1431=VERTEX_POINT('',#1432);
#1432=CARTESIAN_POINT('',(-0.13,0.52,-4.65));
#1433=VERTEX_POINT('',#1434);
#1434=CARTESIAN_POINT('',(0.13,0.52,-4.65));
#1435=LINE('',#1432,#105);
#1436=ORIENTED_EDGE('',*,*,#1437,.T.);
#1437=EDGE_CURVE('',#1433,#1438,#1440,.T.);
#1438=VERTEX_POINT('',#1439);
#1439=CARTESIAN_POINT('',(0.13,0.68,-4.65));
#1440=LINE('',#1434,#329);
#1441=ORIENTED_EDGE('',*,*,#1442,.F.);
#1442=EDGE_CURVE('',#1443,#1438,#1445,.T.);
#1443=VERTEX_POINT('',#1444);
#1444=CARTESIAN_POINT('',(-0.13,0.68,-4.65));
#1445=LINE('',#1444,#105);
#1446=ORIENTED_EDGE('',*,*,#1447,.F.);
#1447=EDGE_CURVE('',#1431,#1443,#1448,.T.);
#1448=LINE('',#1432,#329);
#1449=PLANE('',#1450);
#1450=AXIS2_PLACEMENT_3D('',#1432,#13,#135);
#1451=ADVANCED_FACE('',(#1452),#1470,.F.);
#1452=FACE_BOUND('',#1453,.F.);
#1453=EDGE_LOOP('',(#1454,#1455,#1462,#1467));
#1454=ORIENTED_EDGE('',*,*,#1442,.T.);
#1455=ORIENTED_EDGE('',*,*,#1456,.T.);
#1456=EDGE_CURVE('',#1438,#1457,#1459,.T.);
#1457=VERTEX_POINT('',#1458);
#1458=CARTESIAN_POINT('',(0.13,0.52,-2.9));
#1459=LINE('',#1439,#1460);
#1460=VECTOR('',#1461,1.);
#1461=DIRECTION('',(0.,-0.091049,0.995846));
#1462=ORIENTED_EDGE('',*,*,#1463,.F.);
#1463=EDGE_CURVE('',#1464,#1457,#1466,.T.);
#1464=VERTEX_POINT('',#1465);
#1465=CARTESIAN_POINT('',(-0.13,0.52,-2.9));
#1466=LINE('',#1465,#105);
#1467=ORIENTED_EDGE('',*,*,#1468,.F.);
#1468=EDGE_CURVE('',#1443,#1464,#1469,.T.);
#1469=LINE('',#1444,#1460);
#1470=PLANE('',#1471);
#1471=AXIS2_PLACEMENT_3D('',#1444,#1472,#1461);
#1472=DIRECTION('',(0.,-0.995846,-0.091049));
#1473=ADVANCED_FACE('',(#1474),#1492,.F.);
#1474=FACE_BOUND('',#1475,.F.);
#1475=EDGE_LOOP('',(#1476,#1477,#1484,#1489));
#1476=ORIENTED_EDGE('',*,*,#1463,.T.);
#1477=ORIENTED_EDGE('',*,*,#1478,.T.);
#1478=EDGE_CURVE('',#1457,#1479,#1481,.T.);
#1479=VERTEX_POINT('',#1480);
#1480=CARTESIAN_POINT('',(0.13,0.62,-2.06));
#1481=LINE('',#1458,#1482);
#1482=VECTOR('',#1483,1.);
#1483=DIRECTION('',(0.,0.118213,0.992988));
#1484=ORIENTED_EDGE('',*,*,#1485,.F.);
#1485=EDGE_CURVE('',#1486,#1479,#1488,.T.);
#1486=VERTEX_POINT('',#1487);
#1487=CARTESIAN_POINT('',(-0.13,0.62,-2.06));
#1488=LINE('',#1487,#105);
#1489=ORIENTED_EDGE('',*,*,#1490,.F.);
#1490=EDGE_CURVE('',#1464,#1486,#1491,.T.);
#1491=LINE('',#1465,#1482);
#1492=PLANE('',#1493);
#1493=AXIS2_PLACEMENT_3D('',#1465,#1494,#1483);
#1494=DIRECTION('',(0.,-0.992988,0.118213));
#1495=ADVANCED_FACE('',(#1496),#1512,.F.);
#1496=FACE_BOUND('',#1497,.F.);
#1497=EDGE_LOOP('',(#1498,#1499,#1504,#1509));
#1498=ORIENTED_EDGE('',*,*,#1485,.T.);
#1499=ORIENTED_EDGE('',*,*,#1500,.T.);
#1500=EDGE_CURVE('',#1479,#1501,#1503,.T.);
#1501=VERTEX_POINT('',#1502);
#1502=CARTESIAN_POINT('',(0.13,0.5,-2.06));
#1503=LINE('',#1480,#171);
#1504=ORIENTED_EDGE('',*,*,#1505,.F.);
#1505=EDGE_CURVE('',#1506,#1501,#1508,.T.);
#1506=VERTEX_POINT('',#1507);
#1507=CARTESIAN_POINT('',(-0.13,0.5,-2.06));
#1508=LINE('',#1507,#105);
#1509=ORIENTED_EDGE('',*,*,#1510,.F.);
#1510=EDGE_CURVE('',#1486,#1506,#1511,.T.);
#1511=LINE('',#1487,#171);
#1512=PLANE('',#1513);
#1513=AXIS2_PLACEMENT_3D('',#1487,#151,#152);
#1514=ADVANCED_FACE('',(#1515),#1533,.F.);
#1515=FACE_BOUND('',#1516,.F.);
#1516=EDGE_LOOP('',(#1517,#1518,#1525,#1530));
#1517=ORIENTED_EDGE('',*,*,#1505,.T.);
#1518=ORIENTED_EDGE('',*,*,#1519,.T.);
#1519=EDGE_CURVE('',#1501,#1520,#1522,.T.);
#1520=VERTEX_POINT('',#1521);
#1521=CARTESIAN_POINT('',(0.13,0.36,-2.9));
#1522=LINE('',#1502,#1523);
#1523=VECTOR('',#1524,1.);
#1524=DIRECTION('',(0.,-0.164399,-0.986394));
#1525=ORIENTED_EDGE('',*,*,#1526,.F.);
#1526=EDGE_CURVE('',#1527,#1520,#1529,.T.);
#1527=VERTEX_POINT('',#1528);
#1528=CARTESIAN_POINT('',(-0.13,0.36,-2.9));
#1529=LINE('',#1528,#105);
#1530=ORIENTED_EDGE('',*,*,#1531,.F.);
#1531=EDGE_CURVE('',#1506,#1527,#1532,.T.);
#1532=LINE('',#1507,#1523);
#1533=PLANE('',#1534);
#1534=AXIS2_PLACEMENT_3D('',#1507,#1535,#1524);
#1535=DIRECTION('',(0.,0.986394,-0.164399));
#1536=ADVANCED_FACE('',(#1537),#1549,.F.);
#1537=FACE_BOUND('',#1538,.F.);
#1538=EDGE_LOOP('',(#1539,#1540,#1545,#1546));
#1539=ORIENTED_EDGE('',*,*,#1526,.T.);
#1540=ORIENTED_EDGE('',*,*,#1541,.T.);
#1541=EDGE_CURVE('',#1520,#1433,#1542,.T.);
#1542=LINE('',#1521,#1543);
#1543=VECTOR('',#1544,1.);
#1544=DIRECTION('',(0.,0.091049,-0.995846));
#1545=ORIENTED_EDGE('',*,*,#1430,.F.);
#1546=ORIENTED_EDGE('',*,*,#1547,.F.);
#1547=EDGE_CURVE('',#1527,#1431,#1548,.T.);
#1548=LINE('',#1528,#1543);
#1549=PLANE('',#1550);
#1550=AXIS2_PLACEMENT_3D('',#1528,#1551,#1544);
#1551=DIRECTION('',(0.,0.995846,0.091049));
#1552=ADVANCED_FACE('',(#1553),#1561,.F.);
#1553=FACE_BOUND('',#1554,.F.);
#1554=EDGE_LOOP('',(#1555,#1556,#1557,#1558,#1559,#1560));
#1555=ORIENTED_EDGE('',*,*,#1447,.T.);
#1556=ORIENTED_EDGE('',*,*,#1468,.T.);
#1557=ORIENTED_EDGE('',*,*,#1490,.T.);
#1558=ORIENTED_EDGE('',*,*,#1510,.T.);
#1559=ORIENTED_EDGE('',*,*,#1531,.T.);
#1560=ORIENTED_EDGE('',*,*,#1547,.T.);
#1561=PLANE('',#1562);
#1562=AXIS2_PLACEMENT_3D('',#1563,#14,#13);
#1563=CARTESIAN_POINT('',(-0.13,0.516951,-3.362757));
#1564=ADVANCED_FACE('',(#1565),#1573,.T.);
#1565=FACE_BOUND('',#1566,.T.);
#1566=EDGE_LOOP('',(#1567,#1568,#1569,#1570,#1571,#1572));
#1567=ORIENTED_EDGE('',*,*,#1437,.T.);
#1568=ORIENTED_EDGE('',*,*,#1456,.T.);
#1569=ORIENTED_EDGE('',*,*,#1478,.T.);
#1570=ORIENTED_EDGE('',*,*,#1500,.T.);
#1571=ORIENTED_EDGE('',*,*,#1519,.T.);
#1572=ORIENTED_EDGE('',*,*,#1541,.T.);
#1573=PLANE('',#1574);
#1574=AXIS2_PLACEMENT_3D('',#1575,#14,#13);
#1575=CARTESIAN_POINT('',(0.13,0.516951,-3.362757));
#1576=( GEOMETRIC_REPRESENTATION_CONTEXT(3)GLOBAL_UNCERTAINTY_ASSIGNED_CONTEXT((#1580))GLOBAL_UNIT_ASSIGNED_CONTEXT((#1577,#1578,#1579)) REPRESENTATION_CONTEXT('Context #1','3D Context with UNIT and UNCERTAINTY') );
#1577=( LENGTH_UNIT() NAMED_UNIT(*) SI_UNIT(.MILLI.,.METRE.) );
#1578=( NAMED_UNIT(*) PLANE_ANGLE_UNIT() SI_UNIT($,.RADIAN.) );
#1579=( NAMED_UNIT(*) SI_UNIT($,.STERADIAN.) SOLID_ANGLE_UNIT() );
#1580=UNCERTAINTY_MEASURE_WITH_UNIT(LENGTH_MEASURE(0.),#1577,'distance_accuracy_value','confusion accuracy');
#1581=CONTEXT_DEPENDENT_SHAPE_REPRESENTATION(#1582,#1584);
#1582=( REPRESENTATION_RELATIONSHIP('','',#1423,#10)REPRESENTATION_RELATIONSHIP_WITH_TRANSFORMATION(#1583)SHAPE_REPRESENTATION_RELATIONSHIP() );
#1583=ITEM_DEFINED_TRANSFORMATION('','',#11,#15);
#1584=PRODUCT_DEFINITION_SHAPE('Placement','Placement of an item',#1585);
#1585=NEXT_ASSEMBLY_USAGE_OCCURRENCE('3','contact0','',#5,#1418,$);
#1586=PRODUCT_RELATED_PRODUCT_CATEGORY('part',$,(#1420));
#1587=CONTEXT_DEPENDENT_SHAPE_REPRESENTATION(#1588,#1590);
#1588=( REPRESENTATION_RELATIONSHIP('','',#1423,#10)REPRESENTATION_RELATIONSHIP_WITH_TRANSFORMATION(#1589)SHAPE_REPRESENTATION_RELATIONSHIP() );
#1589=ITEM_DEFINED_TRANSFORMATION('','',#11,#17);
#1590=PRODUCT_DEFINITION_SHAPE('Placement','Placement of an item',#1591);
#1591=NEXT_ASSEMBLY_USAGE_OCCURRENCE('4','contact1','',#5,#1418,$);
#1592=CONTEXT_DEPENDENT_SHAPE_REPRESENTATION(#1593,#1595);
#1593=( REPRESENTATION_RELATIONSHIP('','',#1423,#10)REPRESENTATION_RELATIONSHIP_WITH_TRANSFORMATION(#1594)SHAPE_REPRESENTATION_RELATIONSHIP() );
#1594=ITEM_DEFINED_TRANSFORMATION('','',#11,#19);
#1595=PRODUCT_DEFINITION_SHAPE('Placement','Placement of an item',#1596);
#1596=NEXT_ASSEMBLY_USAGE_OCCURRENCE('5','contact2','',#5,#1418,$);
#1597=CONTEXT_DEPENDENT_SHAPE_REPRESENTATION(#1598,#1600);
#1598=( REPRESENTATION_RELATIONSHIP('','',#1423,#10)REPRESENTATION_RELATIONSHIP_WITH_TRANSFORMATION(#1599)SHAPE_REPRESENTATION_RELATIONSHIP() );
#1599=ITEM_DEFINED_TRANSFORMATION('','',#11,#21);
#1600=PRODUCT_DEFINITION_SHAPE('Placement','Placement of an item',#1601);
#1601=NEXT_ASSEMBLY_USAGE_OCCURRENCE('6','contact3','',#5,#1418,$);
#1602=CONTEXT_DEPENDENT_SHAPE_REPRESENTATION(#1603,#1605);
#1603=( REPRESENTATION_RELATIONSHIP('','',#1423,#10)REPRESENTATION_RELATIONSHIP_WITH_TRANSFORMATION(#1604)SHAPE_REPRESENTATION_RELATIONSHIP() );
#1604=ITEM_DEFINED_TRANSFORMATION('','',#11,#22);
#1605=PRODUCT_DEFINITION_SHAPE('Placement','Placement of an item',#1606);
#1606=NEXT_ASSEMBLY_USAGE_OCCURRENCE('7','contact4','',#5,#1418,$);
#1607=CONTEXT_DEPENDENT_SHAPE_REPRESENTATION(#1608,#1610);
#1608=( REPRESENTATION_RELATIONSHIP('','',#1423,#10)REPRESENTATION_RELATIONSHIP_WITH_TRANSFORMATION(#1609)SHAPE_REPRESENTATION_RELATIONSHIP() );
#1609=ITEM_DEFINED_TRANSFORMATION('','',#11,#24);
#1610=PRODUCT_DEFINITION_SHAPE('Placement','Placement of an item',#1611);
#1611=NEXT_ASSEMBLY_USAGE_OCCURRENCE('8','contact5','',#5,#1418,$);
#1612=CONTEXT_DEPENDENT_SHAPE_REPRESENTATION(#1613,#1615);
#1613=( REPRESENTATION_RELATIONSHIP('','',#1423,#10)REPRESENTATION_RELATIONSHIP_WITH_TRANSFORMATION(#1614)SHAPE_REPRESENTATION_RELATIONSHIP() );
#1614=ITEM_DEFINED_TRANSFORMATION('','',#11,#25);
#1615=PRODUCT_DEFINITION_SHAPE('Placement','Placement of an item',#1616);
#1616=NEXT_ASSEMBLY_USAGE_OCCURRENCE('9','contact6','',#5,#1418,$);
#1617=CONTEXT_DEPENDENT_SHAPE_REPRESENTATION(#1618,#1620);
#1618=( REPRESENTATION_RELATIONSHIP('','',#1423,#10)REPRESENTATION_RELATIONSHIP_WITH_TRANSFORMATION(#1619)SHAPE_REPRESENTATION_RELATIONSHIP() );
#1619=ITEM_DEFINED_TRANSFORMATION('','',#11,#27);
#1620=PRODUCT_DEFINITION_SHAPE('Placement','Placement of an item',#1621);
#1621=NEXT_ASSEMBLY_USAGE_OCCURRENCE('10','contact7','',#5,#1418,$);
#1622=CONTEXT_DEPENDENT_SHAPE_REPRESENTATION(#1623,#1625);
#1623=( REPRESENTATION_RELATIONSHIP('','',#1423,#10)REPRESENTATION_RELATIONSHIP_WITH_TRANSFORMATION(#1624)SHAPE_REPRESENTATION_RELATIONSHIP() );
#1624=ITEM_DEFINED_TRANSFORMATION('','',#11,#28);
#1625=PRODUCT_DEFINITION_SHAPE('Placement','Placement of an item',#1626);
#1626=NEXT_ASSEMBLY_USAGE_OCCURRENCE('11','contact8','',#5,#1418,$);
#1627=CONTEXT_DEPENDENT_SHAPE_REPRESENTATION(#1628,#1630);
#1628=( REPRESENTATION_RELATIONSHIP('','',#1423,#10)REPRESENTATION_RELATIONSHIP_WITH_TRANSFORMATION(#1629)SHAPE_REPRESENTATION_RELATIONSHIP() );
#1629=ITEM_DEFINED_TRANSFORMATION('','',#11,#30);
#1630=PRODUCT_DEFINITION_SHAPE('Placement','Placement of an item',#1631);
#1631=NEXT_ASSEMBLY_USAGE_OCCURRENCE('12','contact9','',#5,#1418,$);
#1632=CONTEXT_DEPENDENT_SHAPE_REPRESENTATION(#1633,#1635);
#1633=( REPRESENTATION_RELATIONSHIP('','',#1423,#10)REPRESENTATION_RELATIONSHIP_WITH_TRANSFORMATION(#1634)SHAPE_REPRESENTATION_RELATIONSHIP() );
#1634=ITEM_DEFINED_TRANSFORMATION('','',#11,#31);
#1635=PRODUCT_DEFINITION_SHAPE('Placement','Placement of an item',#1636);
#1636=NEXT_ASSEMBLY_USAGE_OCCURRENCE('13','contact10','',#5,#1418,$);
#1637=CONTEXT_DEPENDENT_SHAPE_REPRESENTATION(#1638,#1640);
#1638=( REPRESENTATION_RELATIONSHIP('','',#1423,#10)REPRESENTATION_RELATIONSHIP_WITH_TRANSFORMATION(#1639)SHAPE_REPRESENTATION_RELATIONSHIP() );
#1639=ITEM_DEFINED_TRANSFORMATION('','',#11,#33);
#1640=PRODUCT_DEFINITION_SHAPE('Placement','Placement of an item',#1641);
#1641=NEXT_ASSEMBLY_USAGE_OCCURRENCE('14','contact11','',#5,#1418,$);
#1642=CONTEXT_DEPENDENT_SHAPE_REPRESENTATION(#1643,#1645);
#1643=( REPRESENTATION_RELATIONSHIP('','',#1423,#10)REPRESENTATION_RELATIONSHIP_WITH_TRANSFORMATION(#1644)SHAPE_REPRESENTATION_RELATIONSHIP() );
#1644=ITEM_DEFINED_TRANSFORMATION('','',#11,#34);
#1645=PRODUCT_DEFINITION_SHAPE('Placement','Placement of an item',#1646);
#1646=NEXT_ASSEMBLY_USAGE_OCCURRENCE('15','contact12','',#5,#1418,$);
#1647=CONTEXT_DEPENDENT_SHAPE_REPRESENTATION(#1648,#1650);
#1648=( REPRESENTATION_RELATIONSHIP('','',#1423,#10)REPRESENTATION_RELATIONSHIP_WITH_TRANSFORMATION(#1649)SHAPE_REPRESENTATION_RELATIONSHIP() );
#1649=ITEM_DEFINED_TRANSFORMATION('','',#11,#36);
#1650=PRODUCT_DEFINITION_SHAPE('Placement','Placement of an item',#1651);
#1651=NEXT_ASSEMBLY_USAGE_OCCURRENCE('16','contact13','',#5,#1418,$);
#1652=CONTEXT_DEPENDENT_SHAPE_REPRESENTATION(#1653,#1655);
#1653=( REPRESENTATION_RELATIONSHIP('','',#1423,#10)REPRESENTATION_RELATIONSHIP_WITH_TRANSFORMATION(#1654)SHAPE_REPRESENTATION_RELATIONSHIP() );
#1654=ITEM_DEFINED_TRANSFORMATION('','',#11,#37);
#1655=PRODUCT_DEFINITION_SHAPE('Placement','Placement of an item',#1656);
#1656=NEXT_ASSEMBLY_USAGE_OCCURRENCE('17','contact14','',#5,#1418,$);
#1657=CONTEXT_DEPENDENT_SHAPE_REPRESENTATION(#1658,#1660);
#1658=( REPRESENTATION_RELATIONSHIP('','',#1423,#10)REPRESENTATION_RELATIONSHIP_WITH_TRANSFORMATION(#1659)SHAPE_REPRESENTATION_RELATIONSHIP() );
#1659=ITEM_DEFINED_TRANSFORMATION('','',#11,#39);
#1660=PRODUCT_DEFINITION_SHAPE('Placement','Placement of an item',#1661);
#1661=NEXT_ASSEMBLY_USAGE_OCCURRENCE('18','contact15','',#5,#1418,$);
#1662=SHAPE_DEFINITION_REPRESENTATION(#1663,#1669);
#1663=PRODUCT_DEFINITION_SHAPE('','',#1664);
#1664=PRODUCT_DEFINITION('design','',#1665,#1668);
#1665=PRODUCT_DEFINITION_FORMATION('','',#1666);
#1666=PRODUCT('pin0','pin0','',(#1667));
#1667=PRODUCT_CONTEXT('',#2,'mechanical');
#1668=PRODUCT_DEFINITION_CONTEXT('part definition',#2,'design');
#1669=ADVANCED_BREP_SHAPE_REPRESENTATION('',(#11,#1670),#1812);
#1670=MANIFOLD_SOLID_BREP('',#1671);
#1671=CLOSED_SHELL('',(#1672,#1709,#1728,#1759,#1770,#1781,#1792,#1803));
#1672=ADVANCED_FACE('',(#1673),#1707,.F.);
#1673=FACE_BOUND('',#1674,.F.);
#1674=EDGE_LOOP('',(#1675,#1682,#1687,#1692,#1698,#1704));
#1675=ORIENTED_EDGE('',*,*,#1676,.F.);
#1676=EDGE_CURVE('',#1677,#1679,#1681,.T.);
#1677=VERTEX_POINT('',#1678);
#1678=CARTESIAN_POINT('',(-0.1,0.6,-11.94));
#1679=VERTEX_POINT('',#1680);
#1680=CARTESIAN_POINT('',(-0.1,0.6,-11.6));
#1681=LINE('',#1678,#99);
#1682=ORIENTED_EDGE('',*,*,#1683,.F.);
#1683=EDGE_CURVE('',#1684,#1677,#1686,.T.);
#1684=VERTEX_POINT('',#1685);
#1685=CARTESIAN_POINT('',(-0.1,1.3,-11.94));
#1686=LINE('',#1685,#171);
#1687=ORIENTED_EDGE('',*,*,#1688,.T.);
#1688=EDGE_CURVE('',#1684,#1689,#1691,.T.);
#1689=VERTEX_POINT('',#1690);
#1690=CARTESIAN_POINT('',(-0.1,1.3,-11.79));
#1691=LINE('',#1685,#99);
#1692=ORIENTED_EDGE('',*,*,#1693,.F.);
#1693=EDGE_CURVE('',#1694,#1689,#1696,.T.);
#1694=VERTEX_POINT('',#1695);
#1695=CARTESIAN_POINT('',(-0.1,0.75,-11.79));
#1696=LINE('',#1697,#329);
#1697=CARTESIAN_POINT('',(-0.1,0.6,-11.79));
#1698=ORIENTED_EDGE('',*,*,#1699,.T.);
#1699=EDGE_CURVE('',#1694,#1700,#1702,.T.);
#1700=VERTEX_POINT('',#1701);
#1701=CARTESIAN_POINT('',(-0.1,0.75,-11.6));
#1702=LINE('',#1703,#99);
#1703=CARTESIAN_POINT('',(-0.1,0.75,-11.94));
#1704=ORIENTED_EDGE('',*,*,#1705,.F.);
#1705=EDGE_CURVE('',#1679,#1700,#1706,.T.);
#1706=LINE('',#1680,#329);
#1707=PLANE('',#1708);
#1708=AXIS2_PLACEMENT_3D('',#1678,#14,#13);
#1709=ADVANCED_FACE('',(#1710),#1726,.T.);
#1710=FACE_BOUND('',#1711,.T.);
#1711=EDGE_LOOP('',(#1712,#1713,#1718,#1723));
#1712=ORIENTED_EDGE('',*,*,#1705,.F.);
#1713=ORIENTED_EDGE('',*,*,#1714,.T.);
#1714=EDGE_CURVE('',#1679,#1715,#1717,.T.);
#1715=VERTEX_POINT('',#1716);
#1716=CARTESIAN_POINT('',(0.1,0.6,-11.6));
#1717=LINE('',#1680,#105);
#1718=ORIENTED_EDGE('',*,*,#1719,.T.);
#1719=EDGE_CURVE('',#1715,#1720,#1722,.T.);
#1720=VERTEX_POINT('',#1721);
#1721=CARTESIAN_POINT('',(0.1,0.75,-11.6));
#1722=LINE('',#1716,#329);
#1723=ORIENTED_EDGE('',*,*,#1724,.F.);
#1724=EDGE_CURVE('',#1700,#1720,#1725,.T.);
#1725=LINE('',#1701,#105);
#1726=PLANE('',#1727);
#1727=AXIS2_PLACEMENT_3D('',#1680,#13,#14);
#1728=ADVANCED_FACE('',(#1729),#1757,.T.);
#1729=FACE_BOUND('',#1730,.T.);
#1730=EDGE_LOOP('',(#1731,#1736,#1741,#1746,#1752,#1756));
#1731=ORIENTED_EDGE('',*,*,#1732,.F.);
#1732=EDGE_CURVE('',#1733,#1715,#1735,.T.);
#1733=VERTEX_POINT('',#1734);
#1734=CARTESIAN_POINT('',(0.1,0.6,-11.94));
#1735=LINE('',#1734,#99);
#1736=ORIENTED_EDGE('',*,*,#1737,.F.);
#1737=EDGE_CURVE('',#1738,#1733,#1740,.T.);
#1738=VERTEX_POINT('',#1739);
#1739=CARTESIAN_POINT('',(0.1,1.3,-11.94));
#1740=LINE('',#1739,#171);
#1741=ORIENTED_EDGE('',*,*,#1742,.T.);
#1742=EDGE_CURVE('',#1738,#1743,#1745,.T.);
#1743=VERTEX_POINT('',#1744);
#1744=CARTESIAN_POINT('',(0.1,1.3,-11.79));
#1745=LINE('',#1739,#99);
#1746=ORIENTED_EDGE('',*,*,#1747,.F.);
#1747=EDGE_CURVE('',#1748,#1743,#1750,.T.);
#1748=VERTEX_POINT('',#1749);
#1749=CARTESIAN_POINT('',(0.1,0.75,-11.79));
#1750=LINE('',#1751,#329);
#1751=CARTESIAN_POINT('',(0.1,0.6,-11.79));
#1752=ORIENTED_EDGE('',*,*,#1753,.T.);
#1753=EDGE_CURVE('',#1748,#1720,#1754,.T.);
#1754=LINE('',#1755,#99);
#1755=CARTESIAN_POINT('',(0.1,0.75,-11.94));
#1756=ORIENTED_EDGE('',*,*,#1719,.F.);
#1757=PLANE('',#1758);
#1758=AXIS2_PLACEMENT_3D('',#1734,#14,#13);
#1759=ADVANCED_FACE('',(#1760),#1768,.T.);
#1760=FACE_BOUND('',#1761,.T.);
#1761=EDGE_LOOP('',(#1762,#1763,#1766,#1767));
#1762=ORIENTED_EDGE('',*,*,#1753,.F.);
#1763=ORIENTED_EDGE('',*,*,#1764,.T.);
#1764=EDGE_CURVE('',#1748,#1694,#1765,.T.);
#1765=LINE('',#1695,#188);
#1766=ORIENTED_EDGE('',*,*,#1699,.T.);
#1767=ORIENTED_EDGE('',*,*,#1724,.T.);
#1768=PLANE('',#1769);
#1769=AXIS2_PLACEMENT_3D('',#1703,#135,#13);
#1770=ADVANCED_FACE('',(#1771),#1779,.T.);
#1771=FACE_BOUND('',#1772,.T.);
#1772=EDGE_LOOP('',(#1773,#1774,#1775,#1776));
#1773=ORIENTED_EDGE('',*,*,#1693,.F.);
#1774=ORIENTED_EDGE('',*,*,#1764,.F.);
#1775=ORIENTED_EDGE('',*,*,#1747,.T.);
#1776=ORIENTED_EDGE('',*,*,#1777,.F.);
#1777=EDGE_CURVE('',#1689,#1743,#1778,.T.);
#1778=LINE('',#1690,#105);
#1779=PLANE('',#1780);
#1780=AXIS2_PLACEMENT_3D('',#1697,#13,#14);
#1781=ADVANCED_FACE('',(#1782),#1790,.T.);
#1782=FACE_BOUND('',#1783,.T.);
#1783=EDGE_LOOP('',(#1784,#1787,#1788,#1789));
#1784=ORIENTED_EDGE('',*,*,#1785,.F.);
#1785=EDGE_CURVE('',#1684,#1738,#1786,.T.);
#1786=LINE('',#1685,#105);
#1787=ORIENTED_EDGE('',*,*,#1688,.T.);
#1788=ORIENTED_EDGE('',*,*,#1777,.T.);
#1789=ORIENTED_EDGE('',*,*,#1742,.F.);
#1790=PLANE('',#1791);
#1791=AXIS2_PLACEMENT_3D('',#1685,#135,#13);
#1792=ADVANCED_FACE('',(#1793),#1801,.F.);
#1793=FACE_BOUND('',#1794,.F.);
#1794=EDGE_LOOP('',(#1795,#1798,#1799,#1800));
#1795=ORIENTED_EDGE('',*,*,#1796,.T.);
#1796=EDGE_CURVE('',#1677,#1733,#1797,.T.);
#1797=LINE('',#1678,#105);
#1798=ORIENTED_EDGE('',*,*,#1737,.F.);
#1799=ORIENTED_EDGE('',*,*,#1785,.F.);
#1800=ORIENTED_EDGE('',*,*,#1683,.T.);
#1801=PLANE('',#1802);
#1802=AXIS2_PLACEMENT_3D('',#1678,#13,#14);
#1803=ADVANCED_FACE('',(#1804),#1810,.F.);
#1804=FACE_BOUND('',#1805,.F.);
#1805=EDGE_LOOP('',(#1806,#1807,#1808,#1809));
#1806=ORIENTED_EDGE('',*,*,#1796,.F.);
#1807=ORIENTED_EDGE('',*,*,#1676,.T.);
#1808=ORIENTED_EDGE('',*,*,#1714,.T.);
#1809=ORIENTED_EDGE('',*,*,#1732,.F.);
#1810=PLANE('',#1811);
#1811=AXIS2_PLACEMENT_3D('',#1678,#135,#13);
#1812=( GEOMETRIC_REPRESENTATION_CONTEXT(3)GLOBAL_UNCERTAINTY_ASSIGNED_CONTEXT((#1816))GLOBAL_UNIT_ASSIGNED_CONTEXT((#1813,#1814,#1815)) REPRESENTATION_CONTEXT('Context #1','3D Context with UNIT and UNCERTAINTY') );
#1813=( LENGTH_UNIT() NAMED_UNIT(*) SI_UNIT(.MILLI.,.METRE.) );
#1814=( NAMED_UNIT(*) PLANE_ANGLE_UNIT() SI_UNIT($,.RADIAN.) );
#1815=( NAMED_UNIT(*) SI_UNIT($,.STERADIAN.) SOLID_ANGLE_UNIT() );
#1816=UNCERTAINTY_MEASURE_WITH_UNIT(LENGTH_MEASURE(0.),#1813,'distance_accuracy_value','confusion accuracy');
#1817=CONTEXT_DEPENDENT_SHAPE_REPRESENTATION(#1818,#1820);
#1818=( REPRESENTATION_RELATIONSHIP('','',#1669,#10)REPRESENTATION_RELATIONSHIP_WITH_TRANSFORMATION(#1819)SHAPE_REPRESENTATION_RELATIONSHIP() );
#1819=ITEM_DEFINED_TRANSFORMATION('','',#11,#40);
#1820=PRODUCT_DEFINITION_SHAPE('Placement','Placement of an item',#1821);
#1821=NEXT_ASSEMBLY_USAGE_OCCURRENCE('19','pin0','',#5,#1664,$);
#1822=PRODUCT_RELATED_PRODUCT_CATEGORY('part',$,(#1666));
#1823=CONTEXT_DEPENDENT_SHAPE_REPRESENTATION(#1824,#1826);
#1824=( REPRESENTATION_RELATIONSHIP('','',#1669,#10)REPRESENTATION_RELATIONSHIP_WITH_TRANSFORMATION(#1825)SHAPE_REPRESENTATION_RELATIONSHIP() );
#1825=ITEM_DEFINED_TRANSFORMATION('','',#11,#42);
#1826=PRODUCT_DEFINITION_SHAPE('Placement','Placement of an item',#1827);
#1827=NEXT_ASSEMBLY_USAGE_OCCURRENCE('20','pin1','',#5,#1664,$);
#1828=CONTEXT_DEPENDENT_SHAPE_REPRESENTATION(#1829,#1831);
#1829=( REPRESENTATION_RELATIONSHIP('','',#1669,#10)REPRESENTATION_RELATIONSHIP_WITH_TRANSFORMATION(#1830)SHAPE_REPRESENTATION_RELATIONSHIP() );
#1830=ITEM_DEFINED_TRANSFORMATION('','',#11,#43);
#1831=PRODUCT_DEFINITION_SHAPE('Placement','Placement of an item',#1832);
#1832=NEXT_ASSEMBLY_USAGE_OCCURRENCE('21','pin2','',#5,#1664,$);
#1833=CONTEXT_DEPENDENT_SHAPE_REPRESENTATION(#1834,#1836);
#1834=( REPRESENTATION_RELATIONSHIP('','',#1669,#10)REPRESENTATION_RELATIONSHIP_WITH_TRANSFORMATION(#1835)SHAPE_REPRESENTATION_RELATIONSHIP() );
#1835=ITEM_DEFINED_TRANSFORMATION('','',#11,#45);
#1836=PRODUCT_DEFINITION_SHAPE('Placement','Placement of an item',#1837);
#1837=NEXT_ASSEMBLY_USAGE_OCCURRENCE('22','pin3','',#5,#1664,$);
#1838=CONTEXT_DEPENDENT_SHAPE_REPRESENTATION(#1839,#1841);
#1839=( REPRESENTATION_RELATIONSHIP('','',#1669,#10)REPRESENTATION_RELATIONSHIP_WITH_TRANSFORMATION(#1840)SHAPE_REPRESENTATION_RELATIONSHIP() );
#1840=ITEM_DEFINED_TRANSFORMATION('','',#11,#46);
#1841=PRODUCT_DEFINITION_SHAPE('Placement','Placement of an item',#1842);
#1842=NEXT_ASSEMBLY_USAGE_OCCURRENCE('23','pin4','',#5,#1664,$);
#1843=CONTEXT_DEPENDENT_SHAPE_REPRESENTATION(#1844,#1846);
#1844=( REPRESENTATION_RELATIONSHIP('','',#1669,#10)REPRESENTATION_RELATIONSHIP_WITH_TRANSFORMATION(#1845)SHAPE_REPRESENTATION_RELATIONSHIP() );
#1845=ITEM_DEFINED_TRANSFORMATION('','',#11,#48);
#1846=PRODUCT_DEFINITION_SHAPE('Placement','Placement of an item',#1847);
#1847=NEXT_ASSEMBLY_USAGE_OCCURRENCE('24','pin5','',#5,#1664,$);
#1848=CONTEXT_DEPENDENT_SHAPE_REPRESENTATION(#1849,#1851);
#1849=( REPRESENTATION_RELATIONSHIP('','',#1669,#10)REPRESENTATION_RELATIONSHIP_WITH_TRANSFORMATION(#1850)SHAPE_REPRESENTATION_RELATIONSHIP() );
#1850=ITEM_DEFINED_TRANSFORMATION('','',#11,#49);
#1851=PRODUCT_DEFINITION_SHAPE('Placement','Placement of an item',#1852);
#1852=NEXT_ASSEMBLY_USAGE_OCCURRENCE('25','pin6','',#5,#1664,$);
#1853=CONTEXT_DEPENDENT_SHAPE_REPRESENTATION(#1854,#1856);
#1854=( REPRESENTATION_RELATIONSHIP('','',#1669,#10)REPRESENTATION_RELATIONSHIP_WITH_TRANSFORMATION(#1855)SHAPE_REPRESENTATION_RELATIONSHIP() );
#1855=ITEM_DEFINED_TRANSFORMATION('','',#11,#51);
#1856=PRODUCT_DEFINITION_SHAPE('Placement','Placement of an item',#1857);
#1857=NEXT_ASSEMBLY_USAGE_OCCURRENCE('26','pin7','',#5,#1664,$);
#1858=CONTEXT_DEPENDENT_SHAPE_REPRESENTATION(#1859,#1861);
#1859=( REPRESENTATION_RELATIONSHIP('','',#1669,#10)REPRESENTATION_RELATIONSHIP_WITH_TRANSFORMATION(#1860)SHAPE_REPRESENTATION_RELATIONSHIP() );
#1860=ITEM_DEFINED_TRANSFORMATION('','',#11,#52);
#1861=PRODUCT_DEFINITION_SHAPE('Placement','Placement of an item',#1862);
#1862=NEXT_ASSEMBLY_USAGE_OCCURRENCE('27','pin8','',#5,#1664,$);
#1863=CONTEXT_DEPENDENT_SHAPE_REPRESENTATION(#1864,#1866);
#1864=( REPRESENTATION_RELATIONSHIP('','',#1669,#10)REPRESENTATION_RELATIONSHIP_WITH_TRANSFORMATION(#1865)SHAPE_REPRESENTATION_RELATIONSHIP() );
#1865=ITEM_DEFINED_TRANSFORMATION('','',#11,#54);
#1866=PRODUCT_DEFINITION_SHAPE('Placement','Placement of an item',#1867);
#1867=NEXT_ASSEMBLY_USAGE_OCCURRENCE('28','pin9','',#5,#1664,$);
#1868=CONTEXT_DEPENDENT_SHAPE_REPRESENTATION(#1869,#1871);
#1869=( REPRESENTATION_RELATIONSHIP('','',#1669,#10)REPRESENTATION_RELATIONSHIP_WITH_TRANSFORMATION(#1870)SHAPE_REPRESENTATION_RELATIONSHIP() );
#1870=ITEM_DEFINED_TRANSFORMATION('','',#11,#55);
#1871=PRODUCT_DEFINITION_SHAPE('Placement','Placement of an item',#1872);
#1872=NEXT_ASSEMBLY_USAGE_OCCURRENCE('29','pin10','',#5,#1664,$);
#1873=CONTEXT_DEPENDENT_SHAPE_REPRESENTATION(#1874,#1876);
#1874=( REPRESENTATION_RELATIONSHIP('','',#1669,#10)REPRESENTATION_RELATIONSHIP_WITH_TRANSFORMATION(#1875)SHAPE_REPRESENTATION_RELATIONSHIP() );
#1875=ITEM_DEFINED_TRANSFORMATION('','',#11,#57);
#1876=PRODUCT_DEFINITION_SHAPE('Placement','Placement of an item',#1877);
#1877=NEXT_ASSEMBLY_USAGE_OCCURRENCE('30','pin11','',#5,#1664,$);
#1878=CONTEXT_DEPENDENT_SHAPE_REPRESENTATION(#1879,#1881);
#1879=( REPRESENTATION_RELATIONSHIP('','',#1669,#10)REPRESENTATION_RELATIONSHIP_WITH_TRANSFORMATION(#1880)SHAPE_REPRESENTATION_RELATIONSHIP() );
#1880=ITEM_DEFINED_TRANSFORMATION('','',#11,#58);
#1881=PRODUCT_DEFINITION_SHAPE('Placement','Placement of an item',#1882);
#1882=NEXT_ASSEMBLY_USAGE_OCCURRENCE('31','pin12','',#5,#1664,$);
#1883=CONTEXT_DEPENDENT_SHAPE_REPRESENTATION(#1884,#1886);
#1884=( REPRESENTATION_RELATIONSHIP('','',#1669,#10)REPRESENTATION_RELATIONSHIP_WITH_TRANSFORMATION(#1885)SHAPE_REPRESENTATION_RELATIONSHIP() );
#1885=ITEM_DEFINED_TRANSFORMATION('','',#11,#60);
#1886=PRODUCT_DEFINITION_SHAPE('Placement','Placement of an item',#1887);
#1887=NEXT_ASSEMBLY_USAGE_OCCURRENCE('32','pin13','',#5,#1664,$);
#1888=CONTEXT_DEPENDENT_SHAPE_REPRESENTATION(#1889,#1891);
#1889=( REPRESENTATION_RELATIONSHIP('','',#1669,#10)REPRESENTATION_RELATIONSHIP_WITH_TRANSFORMATION(#1890)SHAPE_REPRESENTATION_RELATIONSHIP() );
#1890=ITEM_DEFINED_TRANSFORMATION('','',#11,#61);
#1891=PRODUCT_DEFINITION_SHAPE('Placement','Placement of an item',#1892);
#1892=NEXT_ASSEMBLY_USAGE_OCCURRENCE('33','pin14','',#5,#1664,$);
#1893=CONTEXT_DEPENDENT_SHAPE_REPRESENTATION(#1894,#1896);
#1894=( REPRESENTATION_RELATIONSHIP('','',#1669,#10)REPRESENTATION_RELATIONSHIP_WITH_TRANSFORMATION(#1895)SHAPE_REPRESENTATION_RELATIONSHIP() );
#1895=ITEM_DEFINED_TRANSFORMATION('','',#11,#63);
#1896=PRODUCT_DEFINITION_SHAPE('Placement','Placement of an item',#1897);
#1897=NEXT_ASSEMBLY_USAGE_OCCURRENCE('34','pin15','',#5,#1664,$);
#1898=SHAPE_DEFINITION_REPRESENTATION(#1899,#1905);
#1899=PRODUCT_DEFINITION_SHAPE('','',#1900);
#1900=PRODUCT_DEFINITION('design','',#1901,#1904);
#1901=PRODUCT_DEFINITION_FORMATION('','',#1902);
#1902=PRODUCT('peg0','peg0','',(#1903));
#1903=PRODUCT_CONTEXT('',#2,'mechanical');
#1904=PRODUCT_DEFINITION_CONTEXT('part definition',#2,'design');
#1905=ADVANCED_BREP_SHAPE_REPRESENTATION('',(#11,#1906),#2086);
#1906=MANIFOLD_SOLID_BREP('',#1907);
#1907=CLOSED_SHELL('',(#1908,#1935,#1955,#1982,#1997,#2013,#2024,#2044,#2061,#2076));
#1908=ADVANCED_FACE('',(#1909),#1933,.F.);
#1909=FACE_BOUND('',#1910,.F.);
#1910=EDGE_LOOP('',(#1911,#1919,#1924,#1930));
#1911=ORIENTED_EDGE('',*,*,#1912,.F.);
#1912=EDGE_CURVE('',#1913,#1915,#1917,.T.);
#1913=VERTEX_POINT('',#1914);
#1914=CARTESIAN_POINT('',(-0.175,-0.175,-13.32));
#1915=VERTEX_POINT('',#1916);
#1916=CARTESIAN_POINT('',(-0.175,-0.175,-11.5));
#1917=LINE('',#1918,#99);
#1918=CARTESIAN_POINT('',(-0.175,-0.175,-13.4));
#1919=ORIENTED_EDGE('',*,*,#1920,.T.);
#1920=EDGE_CURVE('',#1913,#1921,#1923,.T.);
#1921=VERTEX_POINT('',#1922);
#1922=CARTESIAN_POINT('',(-0.175,0.175,-13.32));
#1923=LINE('',#1914,#329);
#1924=ORIENTED_EDGE('',*,*,#1925,.T.);
#1925=EDGE_CURVE('',#1921,#1926,#1928,.T.);
#1926=VERTEX_POINT('',#1927);
#1927=CARTESIAN_POINT('',(-0.175,0.175,-11.5));
#1928=LINE('',#1929,#99);
#1929=CARTESIAN_POINT('',(-0.175,0.175,-13.4));
#1930=ORIENTED_EDGE('',*,*,#1931,.F.);
#1931=EDGE_CURVE('',#1915,#1926,#1932,.T.);
#1932=LINE('',#1916,#329);
#1933=PLANE('',#1934);
#1934=AXIS2_PLACEMENT_3D('',#1918,#14,#13);
#1935=ADVANCED_FACE('',(#1936),#1953,.F.);
#1936=FACE_BOUND('',#1937,.F.);
#1937=EDGE_LOOP('',(#1938,#1946,#1949,#1950));
#1938=ORIENTED_EDGE('',*,*,#1939,.F.);
#1939=EDGE_CURVE('',#1940,#1942,#1944,.T.);
#1940=VERTEX_POINT('',#1941);
#1941=CARTESIAN_POINT('',(0.175,-0.175,-13.32));
#1942=VERTEX_POINT('',#1943);
#1943=CARTESIAN_POINT('',(0.175,-0.175,-11.5));
#1944=LINE('',#1945,#99);
#1945=CARTESIAN_POINT('',(0.175,-0.175,-13.4));
#1946=ORIENTED_EDGE('',*,*,#1947,.F.);
#1947=EDGE_CURVE('',#1913,#1940,#1948,.T.);
#1948=LINE('',#1914,#105);
#1949=ORIENTED_EDGE('',*,*,#1912,.T.);
#1950=ORIENTED_EDGE('',*,*,#1951,.T.);
#1951=EDGE_CURVE('',#1915,#1942,#1952,.T.);
#1952=LINE('',#1916,#105);
#1953=PLANE('',#1954);
#1954=AXIS2_PLACEMENT_3D('',#1918,#135,#13);
#1955=ADVANCED_FACE('',(#1956),#1979,.T.);
#1956=FACE_BOUND('',#1957,.T.);
#1957=EDGE_LOOP('',(#1958,#1966,#1967,#1975));
#1958=ORIENTED_EDGE('',*,*,#1959,.F.);
#1959=EDGE_CURVE('',#1913,#1960,#1962,.T.);
#1960=VERTEX_POINT('',#1961);
#1961=CARTESIAN_POINT('',(-0.095,-0.095,-13.4));
#1962=LINE('',#1963,#1964);
#1963=CARTESIAN_POINT('',(-0.148333,-0.148333,-13.346667));
#1964=VECTOR('',#1965,1.);
#1965=DIRECTION('',(0.57735,0.57735,-0.57735));
#1966=ORIENTED_EDGE('',*,*,#1920,.T.);
#1967=ORIENTED_EDGE('',*,*,#1968,.T.);
#1968=EDGE_CURVE('',#1921,#1969,#1971,.T.);
#1969=VERTEX_POINT('',#1970);
#1970=CARTESIAN_POINT('',(-0.095,0.095,-13.4));
#1971=LINE('',#1972,#1973);
#1972=CARTESIAN_POINT('',(-0.09,0.09,-13.405));
#1973=VECTOR('',#1974,1.);
#1974=DIRECTION('',(0.57735,-0.57735,-0.57735));
#1975=ORIENTED_EDGE('',*,*,#1976,.F.);
#1976=EDGE_CURVE('',#1960,#1969,#1977,.T.);
#1977=LINE('',#1978,#329);
#1978=CARTESIAN_POINT('',(-0.095,-0.175,-13.4));
#1979=PLANE('',#1980);
#1980=AXIS2_PLACEMENT_3D('',#1981,#856,#135);
#1981=CARTESIAN_POINT('',(-0.135,-0.175,-13.36));
#1982=ADVANCED_FACE('',(#1983),#1995,.T.);
#1983=FACE_BOUND('',#1984,.T.);
#1984=EDGE_LOOP('',(#1985,#1986,#1987,#1992));
#1985=ORIENTED_EDGE('',*,*,#1931,.F.);
#1986=ORIENTED_EDGE('',*,*,#1951,.T.);
#1987=ORIENTED_EDGE('',*,*,#1988,.T.);
#1988=EDGE_CURVE('',#1942,#1989,#1991,.T.);
#1989=VERTEX_POINT('',#1990);
#1990=CARTESIAN_POINT('',(0.175,0.175,-11.5));
#1991=LINE('',#1943,#329);
#1992=ORIENTED_EDGE('',*,*,#1993,.F.);
#1993=EDGE_CURVE('',#1926,#1989,#1994,.T.);
#1994=LINE('',#1927,#105);
#1995=PLANE('',#1996);
#1996=AXIS2_PLACEMENT_3D('',#1916,#13,#14);
#1997=ADVANCED_FACE('',(#1998),#2011,.T.);
#1998=FACE_BOUND('',#1999,.T.);
#1999=EDGE_LOOP('',(#2000,#2006,#2009,#2010));
#2000=ORIENTED_EDGE('',*,*,#2001,.F.);
#2001=EDGE_CURVE('',#2002,#1989,#2004,.T.);
#2002=VERTEX_POINT('',#2003);
#2003=CARTESIAN_POINT('',(0.175,0.175,-13.32));
#2004=LINE('',#2005,#99);
#2005=CARTESIAN_POINT('',(0.175,0.175,-13.4));
#2006=ORIENTED_EDGE('',*,*,#2007,.F.);
#2007=EDGE_CURVE('',#1921,#2002,#2008,.T.);
#2008=LINE('',#1922,#105);
#2009=ORIENTED_EDGE('',*,*,#1925,.T.);
#2010=ORIENTED_EDGE('',*,*,#1993,.T.);
#2011=PLANE('',#2012);
#2012=AXIS2_PLACEMENT_3D('',#1929,#135,#13);
#2013=ADVANCED_FACE('',(#2014),#2022,.T.);
#2014=FACE_BOUND('',#2015,.T.);
#2015=EDGE_LOOP('',(#2016,#2017,#2020,#2021));
#2016=ORIENTED_EDGE('',*,*,#1939,.F.);
#2017=ORIENTED_EDGE('',*,*,#2018,.T.);
#2018=EDGE_CURVE('',#1940,#2002,#2019,.T.);
#2019=LINE('',#1941,#329);
#2020=ORIENTED_EDGE('',*,*,#2001,.T.);
#2021=ORIENTED_EDGE('',*,*,#1988,.F.);
#2022=PLANE('',#2023);
#2023=AXIS2_PLACEMENT_3D('',#1945,#14,#13);
#2024=ADVANCED_FACE('',(#2025),#2041,.T.);
#2025=FACE_BOUND('',#2026,.F.);
#2026=EDGE_LOOP('',(#2027,#2028,#2029,#2037));
#2027=ORIENTED_EDGE('',*,*,#1959,.F.);
#2028=ORIENTED_EDGE('',*,*,#1947,.T.);
#2029=ORIENTED_EDGE('',*,*,#2030,.T.);
#2030=EDGE_CURVE('',#1940,#2031,#2033,.T.);
#2031=VERTEX_POINT('',#2032);
#2032=CARTESIAN_POINT('',(0.095,-0.095,-13.4));
#2033=LINE('',#2034,#2035);
#2034=CARTESIAN_POINT('',(0.09,-0.09,-13.405));
#2035=VECTOR('',#2036,1.);
#2036=DIRECTION('',(-0.57735,0.57735,-0.57735));
#2037=ORIENTED_EDGE('',*,*,#2038,.F.);
#2038=EDGE_CURVE('',#1960,#2031,#2039,.T.);
#2039=LINE('',#2040,#105);
#2040=CARTESIAN_POINT('',(-0.175,-0.095,-13.4));
#2041=PLANE('',#2042);
#2042=AXIS2_PLACEMENT_3D('',#2043,#819,#18);
#2043=CARTESIAN_POINT('',(-0.175,-0.135,-13.36));
#2044=ADVANCED_FACE('',(#2045),#2059,.F.);
#2045=FACE_BOUND('',#2046,.F.);
#2046=EDGE_LOOP('',(#2047,#2048,#2049,#2055));
#2047=ORIENTED_EDGE('',*,*,#1976,.F.);
#2048=ORIENTED_EDGE('',*,*,#2038,.T.);
#2049=ORIENTED_EDGE('',*,*,#2050,.T.);
#2050=EDGE_CURVE('',#2031,#2051,#2053,.T.);
#2051=VERTEX_POINT('',#2052);
#2052=CARTESIAN_POINT('',(0.095,0.095,-13.4));
#2053=LINE('',#2054,#329);
#2054=CARTESIAN_POINT('',(0.095,-0.175,-13.4));
#2055=ORIENTED_EDGE('',*,*,#2056,.F.);
#2056=EDGE_CURVE('',#1969,#2051,#2057,.T.);
#2057=LINE('',#2058,#105);
#2058=CARTESIAN_POINT('',(-0.175,0.095,-13.4));
#2059=PLANE('',#2060);
#2060=AXIS2_PLACEMENT_3D('',#1918,#13,#14);
#2061=ADVANCED_FACE('',(#2062),#2073,.F.);
#2062=FACE_BOUND('',#2063,.T.);
#2063=EDGE_LOOP('',(#2064,#2065,#2066,#2072));
#2064=ORIENTED_EDGE('',*,*,#1968,.F.);
#2065=ORIENTED_EDGE('',*,*,#2007,.T.);
#2066=ORIENTED_EDGE('',*,*,#2067,.T.);
#2067=EDGE_CURVE('',#2002,#2051,#2068,.T.);
#2068=LINE('',#2069,#2070);
#2069=CARTESIAN_POINT('',(0.031667,0.031667,-13.463333));
#2070=VECTOR('',#2071,1.);
#2071=DIRECTION('',(-0.57735,-0.57735,-0.57735));
#2072=ORIENTED_EDGE('',*,*,#2056,.F.);
#2073=PLANE('',#2074);
#2074=AXIS2_PLACEMENT_3D('',#2075,#793,#18);
#2075=CARTESIAN_POINT('',(-0.175,0.135,-13.36));
#2076=ADVANCED_FACE('',(#2077),#2083,.F.);
#2077=FACE_BOUND('',#2078,.F.);
#2078=EDGE_LOOP('',(#2079,#2080,#2081,#2082));
#2079=ORIENTED_EDGE('',*,*,#2030,.F.);
#2080=ORIENTED_EDGE('',*,*,#2018,.T.);
#2081=ORIENTED_EDGE('',*,*,#2067,.T.);
#2082=ORIENTED_EDGE('',*,*,#2050,.F.);
#2083=PLANE('',#2084);
#2084=AXIS2_PLACEMENT_3D('',#2085,#830,#135);
#2085=CARTESIAN_POINT('',(0.135,-0.175,-13.36));
#2086=( GEOMETRIC_REPRESENTATION_CONTEXT(3)GLOBAL_UNCERTAINTY_ASSIGNED_CONTEXT((#2090))GLOBAL_UNIT_ASSIGNED_CONTEXT((#2087,#2088,#2089)) REPRESENTATION_CONTEXT('Context #1','3D Context with UNIT and UNCERTAINTY') );
#2087=( LENGTH_UNIT() NAMED_UNIT(*) SI_UNIT(.MILLI.,.METRE.) );
#2088=( NAMED_UNIT(*) PLANE_ANGLE_UNIT() SI_UNIT($,.RADIAN.) );
#2089=( NAMED_UNIT(*) SI_UNIT($,.STERADIAN.) SOLID_ANGLE_UNIT() );
#2090=UNCERTAINTY_MEASURE_WITH_UNIT(LENGTH_MEASURE(5e-05),#2087,'distance_accuracy_value','confusion accuracy');
#2091=CONTEXT_DEPENDENT_SHAPE_REPRESENTATION(#2092,#2094);
#2092=( REPRESENTATION_RELATIONSHIP('','',#1905,#10)REPRESENTATION_RELATIONSHIP_WITH_TRANSFORMATION(#2093)SHAPE_REPRESENTATION_RELATIONSHIP() );
#2093=ITEM_DEFINED_TRANSFORMATION('','',#11,#64);
#2094=PRODUCT_DEFINITION_SHAPE('Placement','Placement of an item',#2095);
#2095=NEXT_ASSEMBLY_USAGE_OCCURRENCE('35','peg0','',#5,#1900,$);
#2096=PRODUCT_RELATED_PRODUCT_CATEGORY('part',$,(#1902));
#2097=CONTEXT_DEPENDENT_SHAPE_REPRESENTATION(#2098,#2100);
#2098=( REPRESENTATION_RELATIONSHIP('','',#1905,#10)REPRESENTATION_RELATIONSHIP_WITH_TRANSFORMATION(#2099)SHAPE_REPRESENTATION_RELATIONSHIP() );
#2099=ITEM_DEFINED_TRANSFORMATION('','',#11,#66);
#2100=PRODUCT_DEFINITION_SHAPE('Placement','Placement of an item',#2101);
#2101=NEXT_ASSEMBLY_USAGE_OCCURRENCE('36','peg1','',#5,#1900,$);
#2102=CONTEXT_DEPENDENT_SHAPE_REPRESENTATION(#2103,#2105);
#2103=( REPRESENTATION_RELATIONSHIP('','',#1905,#10)REPRESENTATION_RELATIONSHIP_WITH_TRANSFORMATION(#2104)SHAPE_REPRESENTATION_RELATIONSHIP() );
#2104=ITEM_DEFINED_TRANSFORMATION('','',#11,#68);
#2105=PRODUCT_DEFINITION_SHAPE('Placement','Placement of an item',#2106);
#2106=NEXT_ASSEMBLY_USAGE_OCCURRENCE('37','peg2','',#5,#1900,$);
#2107=CONTEXT_DEPENDENT_SHAPE_REPRESENTATION(#2108,#2110);
#2108=( REPRESENTATION_RELATIONSHIP('','',#1905,#10)REPRESENTATION_RELATIONSHIP_WITH_TRANSFORMATION(#2109)SHAPE_REPRESENTATION_RELATIONSHIP() );
#2109=ITEM_DEFINED_TRANSFORMATION('','',#11,#70);
#2110=PRODUCT_DEFINITION_SHAPE('Placement','Placement of an item',#2111);
#2111=NEXT_ASSEMBLY_USAGE_OCCURRENCE('38','peg3','',#5,#1900,$);
#2112=SHAPE_DEFINITION_REPRESENTATION(#2113,#2119);
#2113=PRODUCT_DEFINITION_SHAPE('','',#2114);
#2114=PRODUCT_DEFINITION('design','',#2115,#2118);
#2115=PRODUCT_DEFINITION_FORMATION('','',#2116);
#2116=PRODUCT('base0','base0','',(#2117));
#2117=PRODUCT_CONTEXT('',#2,'mechanical');
#2118=PRODUCT_DEFINITION_CONTEXT('part definition',#2,'design');
#2119=ADVANCED_BREP_SHAPE_REPRESENTATION('',(#11,#2120),#2512);
#2120=MANIFOLD_SOLID_BREP('',#2121);
#2121=CLOSED_SHELL('',(#2122,#2172,#2209,#2225,#2274,#2292,#2310,#2328,#2370,#2383,#2410,#2421,#2430,#2445,#2457,#2482,#2492,#2503));
#2122=ADVANCED_FACE('',(#2123),#2170,.F.);
#2123=FACE_BOUND('',#2124,.F.);
#2124=EDGE_LOOP('',(#2125,#2133,#2139,#2145,#2151,#2157,#2162,#2167));
#2125=ORIENTED_EDGE('',*,*,#2126,.F.);
#2126=EDGE_CURVE('',#2127,#2129,#2131,.T.);
#2127=VERTEX_POINT('',#2128);
#2128=CARTESIAN_POINT('',(3.003,-1.3,-11.8));
#2129=VERTEX_POINT('',#2130);
#2130=CARTESIAN_POINT('',(3.275,-1.3,-11.8));
#2131=LINE('',#2132,#105);
#2132=CARTESIAN_POINT('',(1.75,-1.3,-11.8));
#2133=ORIENTED_EDGE('',*,*,#2134,.F.);
#2134=EDGE_CURVE('',#2135,#2127,#2137,.T.);
#2135=VERTEX_POINT('',#2136);
#2136=CARTESIAN_POINT('',(3.003,-1.3,-11.164));
#2137=LINE('',#2138,#415);
#2138=CARTESIAN_POINT('',(3.003,-1.3,-11.85));
#2139=ORIENTED_EDGE('',*,*,#2140,.F.);
#2140=EDGE_CURVE('',#2141,#2135,#2143,.T.);
#2141=VERTEX_POINT('',#2142);
#2142=CARTESIAN_POINT('',(2.84,-1.3,-11.164));
#2143=LINE('',#2144,#105);
#2144=CARTESIAN_POINT('',(1.725,-1.3,-11.164));
#2145=ORIENTED_EDGE('',*,*,#2146,.F.);
#2146=EDGE_CURVE('',#2147,#2141,#2149,.T.);
#2147=VERTEX_POINT('',#2148);
#2148=CARTESIAN_POINT('',(2.84,-1.3,-10.893));
#2149=LINE('',#2150,#415);
#2150=CARTESIAN_POINT('',(2.84,-1.3,-11.85));
#2151=ORIENTED_EDGE('',*,*,#2152,.F.);
#2152=EDGE_CURVE('',#2153,#2147,#2155,.T.);
#2153=VERTEX_POINT('',#2154);
#2154=CARTESIAN_POINT('',(1.75,-1.3,-10.893));
#2155=LINE('',#2156,#105);
#2156=CARTESIAN_POINT('',(1.725,-1.3,-10.893));
#2157=ORIENTED_EDGE('',*,*,#2158,.T.);
#2158=EDGE_CURVE('',#2153,#2159,#2161,.T.);
#2159=VERTEX_POINT('',#2160);
#2160=CARTESIAN_POINT('',(1.75,-1.3,-8.65));
#2161=LINE('',#2132,#99);
#2162=ORIENTED_EDGE('',*,*,#2163,.T.);
#2163=EDGE_CURVE('',#2159,#2164,#2166,.T.);
#2164=VERTEX_POINT('',#2165);
#2165=CARTESIAN_POINT('',(3.275,-1.3,-8.65));
#2166=LINE('',#2160,#105);
#2167=ORIENTED_EDGE('',*,*,#2168,.F.);
#2168=EDGE_CURVE('',#2129,#2164,#2169,.T.);
#2169=LINE('',#2130,#99);
#2170=PLANE('',#2171);
#2171=AXIS2_PLACEMENT_3D('',#2132,#135,#14);
#2172=ADVANCED_FACE('',(#2173),#2206,.F.);
#2173=FACE_BOUND('',#2174,.F.);
#2174=EDGE_LOOP('',(#2175,#2181,#2182,#2189,#2195,#2202));
#2175=ORIENTED_EDGE('',*,*,#2176,.F.);
#2176=EDGE_CURVE('',#2127,#2177,#2179,.T.);
#2177=VERTEX_POINT('',#2178);
#2178=CARTESIAN_POINT('',(3.003,1.3,-11.8));
#2179=LINE('',#2180,#329);
#2180=CARTESIAN_POINT('',(3.003,-0.7,-11.8));
#2181=ORIENTED_EDGE('',*,*,#2126,.T.);
#2182=ORIENTED_EDGE('',*,*,#2183,.T.);
#2183=EDGE_CURVE('',#2129,#2184,#2186,.T.);
#2184=VERTEX_POINT('',#2185);
#2185=CARTESIAN_POINT('',(4.275,-0.3,-11.8));
#2186=CIRCLE('',#2187,1.);
#2187=AXIS2_PLACEMENT_3D('',#2188,#13,#152);
#2188=CARTESIAN_POINT('',(3.275,-0.3,-11.8));
#2189=ORIENTED_EDGE('',*,*,#2190,.T.);
#2190=EDGE_CURVE('',#2184,#2191,#2193,.T.);
#2191=VERTEX_POINT('',#2192);
#2192=CARTESIAN_POINT('',(4.275,0.3,-11.8));
#2193=LINE('',#2194,#329);
#2194=CARTESIAN_POINT('',(4.275,-1.3,-11.8));
#2195=ORIENTED_EDGE('',*,*,#2196,.T.);
#2196=EDGE_CURVE('',#2191,#2197,#2199,.T.);
#2197=VERTEX_POINT('',#2198);
#2198=CARTESIAN_POINT('',(3.275,1.3,-11.8));
#2199=CIRCLE('',#2200,1.);
#2200=AXIS2_PLACEMENT_3D('',#2201,#13,#152);
#2201=CARTESIAN_POINT('',(3.275,0.3,-11.8));
#2202=ORIENTED_EDGE('',*,*,#2203,.T.);
#2203=EDGE_CURVE('',#2197,#2177,#2204,.T.);
#2204=LINE('',#2205,#188);
#2205=CARTESIAN_POINT('',(4.275,1.3,-11.8));
#2206=PLANE('',#2207);
#2207=AXIS2_PLACEMENT_3D('',#2208,#13,#14);
#2208=CARTESIAN_POINT('',(3.0125,0.,-11.8));
#2209=ADVANCED_FACE('',(#2210),#2224,.T.);
#2210=FACE_BOUND('',#2211,.T.);
#2211=EDGE_LOOP('',(#2212,#2213,#2218,#2223));
#2212=ORIENTED_EDGE('',*,*,#2183,.T.);
#2213=ORIENTED_EDGE('',*,*,#2214,.T.);
#2214=EDGE_CURVE('',#2184,#2215,#2217,.T.);
#2215=VERTEX_POINT('',#2216);
#2216=CARTESIAN_POINT('',(4.275,-0.3,-8.65));
#2217=LINE('',#2185,#99);
#2218=ORIENTED_EDGE('',*,*,#2219,.F.);
#2219=EDGE_CURVE('',#2164,#2215,#2220,.T.);
#2220=CIRCLE('',#2221,1.);
#2221=AXIS2_PLACEMENT_3D('',#2222,#13,#152);
#2222=CARTESIAN_POINT('',(3.275,-0.3,-8.65));
#2223=ORIENTED_EDGE('',*,*,#2168,.F.);
#2224=CYLINDRICAL_SURFACE('',#2187,1.);
#2225=ADVANCED_FACE('',(#2226),#2271,.T.);
#2226=FACE_BOUND('',#2227,.T.);
#2227=EDGE_LOOP('',(#2228,#2229,#2230,#2236,#2243,#2249,#2254,#2259,#2263,#2269));
#2228=ORIENTED_EDGE('',*,*,#2163,.T.);
#2229=ORIENTED_EDGE('',*,*,#2219,.T.);
#2230=ORIENTED_EDGE('',*,*,#2231,.T.);
#2231=EDGE_CURVE('',#2215,#2232,#2234,.T.);
#2232=VERTEX_POINT('',#2233);
#2233=CARTESIAN_POINT('',(4.275,0.3,-8.65));
#2234=LINE('',#2235,#329);
#2235=CARTESIAN_POINT('',(4.275,-1.3,-8.65));
#2236=ORIENTED_EDGE('',*,*,#2237,.T.);
#2237=EDGE_CURVE('',#2232,#2238,#2240,.T.);
#2238=VERTEX_POINT('',#2239);
#2239=CARTESIAN_POINT('',(3.275,1.3,-8.65));
#2240=CIRCLE('',#2241,1.);
#2241=AXIS2_PLACEMENT_3D('',#2242,#13,#152);
#2242=CARTESIAN_POINT('',(3.275,0.3,-8.65));
#2243=ORIENTED_EDGE('',*,*,#2244,.T.);
#2244=EDGE_CURVE('',#2238,#2245,#2247,.T.);
#2245=VERTEX_POINT('',#2246);
#2246=CARTESIAN_POINT('',(1.75,1.3,-8.65));
#2247=LINE('',#2248,#188);
#2248=CARTESIAN_POINT('',(4.275,1.3,-8.65));
#2249=ORIENTED_EDGE('',*,*,#2250,.T.);
#2250=EDGE_CURVE('',#2245,#2251,#2253,.T.);
#2251=VERTEX_POINT('',#2252);
#2252=CARTESIAN_POINT('',(1.75,0.975,-8.65));
#2253=LINE('',#2246,#171);
#2254=ORIENTED_EDGE('',*,*,#2255,.F.);
#2255=EDGE_CURVE('',#2256,#2251,#2257,.T.);
#2256=VERTEX_POINT('',#1049);
#2257=LINE('',#2258,#188);
#2258=CARTESIAN_POINT('',(2.35625,0.975,-8.65));
#2259=ORIENTED_EDGE('',*,*,#2260,.F.);
#2260=EDGE_CURVE('',#2261,#2256,#2262,.T.);
#2261=VERTEX_POINT('',#1061);
#2262=LINE('',#1067,#329);
#2263=ORIENTED_EDGE('',*,*,#2264,.T.);
#2264=EDGE_CURVE('',#2261,#2265,#2267,.T.);
#2265=VERTEX_POINT('',#2266);
#2266=CARTESIAN_POINT('',(1.75,-0.975,-8.65));
#2267=LINE('',#2268,#188);
#2268=CARTESIAN_POINT('',(2.35625,-0.975,-8.65));
#2269=ORIENTED_EDGE('',*,*,#2270,.T.);
#2270=EDGE_CURVE('',#2265,#2159,#2253,.T.);
#2271=PLANE('',#2272);
#2272=AXIS2_PLACEMENT_3D('',#2273,#13,#14);
#2273=CARTESIAN_POINT('',(3.0125,0.,-8.65));
#2274=ADVANCED_FACE('',(#2275),#2289,.F.);
#2275=FACE_BOUND('',#2276,.F.);
#2276=EDGE_LOOP('',(#2277,#2283,#2287,#2288));
#2277=ORIENTED_EDGE('',*,*,#2278,.F.);
#2278=EDGE_CURVE('',#2279,#2153,#2281,.T.);
#2279=VERTEX_POINT('',#2280);
#2280=CARTESIAN_POINT('',(1.75,-0.975,-10.893));
#2281=LINE('',#2282,#171);
#2282=CARTESIAN_POINT('',(1.75,-0.05,-10.893));
#2283=ORIENTED_EDGE('',*,*,#2284,.T.);
#2284=EDGE_CURVE('',#2279,#2265,#2285,.T.);
#2285=LINE('',#2286,#99);
#2286=CARTESIAN_POINT('',(1.75,-0.975,-11.85));
#2287=ORIENTED_EDGE('',*,*,#2270,.T.);
#2288=ORIENTED_EDGE('',*,*,#2158,.F.);
#2289=PLANE('',#2290);
#2290=AXIS2_PLACEMENT_3D('',#2291,#14,#152);
#2291=CARTESIAN_POINT('',(1.75,1.3,-11.8));
#2292=ADVANCED_FACE('',(#2293),#2307,.F.);
#2293=FACE_BOUND('',#2294,.F.);
#2294=EDGE_LOOP('',(#2295,#2301,#2302,#2303));
#2295=ORIENTED_EDGE('',*,*,#2296,.F.);
#2296=EDGE_CURVE('',#2279,#2297,#2299,.T.);
#2297=VERTEX_POINT('',#2298);
#2298=CARTESIAN_POINT('',(2.84,-0.975,-10.893));
#2299=LINE('',#2300,#105);
#2300=CARTESIAN_POINT('',(1.7,-0.975,-10.893));
#2301=ORIENTED_EDGE('',*,*,#2278,.T.);
#2302=ORIENTED_EDGE('',*,*,#2152,.T.);
#2303=ORIENTED_EDGE('',*,*,#2304,.T.);
#2304=EDGE_CURVE('',#2147,#2297,#2305,.T.);
#2305=LINE('',#2306,#329);
#2306=CARTESIAN_POINT('',(2.84,-1.4,-10.893));
#2307=PLANE('',#2308);
#2308=AXIS2_PLACEMENT_3D('',#2309,#13,#14);
#2309=CARTESIAN_POINT('',(1.7,-1.4,-10.893));
#2310=ADVANCED_FACE('',(#2311),#2325,.F.);
#2311=FACE_BOUND('',#2312,.F.);
#2312=EDGE_LOOP('',(#2313,#2314,#2315,#2321));
#2313=ORIENTED_EDGE('',*,*,#2304,.F.);
#2314=ORIENTED_EDGE('',*,*,#2146,.T.);
#2315=ORIENTED_EDGE('',*,*,#2316,.T.);
#2316=EDGE_CURVE('',#2141,#2317,#2319,.T.);
#2317=VERTEX_POINT('',#2318);
#2318=CARTESIAN_POINT('',(2.84,-0.975,-11.164));
#2319=LINE('',#2320,#329);
#2320=CARTESIAN_POINT('',(2.84,-1.4,-11.164));
#2321=ORIENTED_EDGE('',*,*,#2322,.T.);
#2322=EDGE_CURVE('',#2317,#2297,#2323,.T.);
#2323=LINE('',#2324,#99);
#2324=CARTESIAN_POINT('',(2.84,-0.975,-11.9));
#2325=PLANE('',#2326);
#2326=AXIS2_PLACEMENT_3D('',#2327,#14,#13);
#2327=CARTESIAN_POINT('',(2.84,-1.4,-11.9));
#2328=ADVANCED_FACE('',(#2329),#2367,.F.);
#2329=FACE_BOUND('',#2330,.F.);
#2330=EDGE_LOOP('',(#2331,#2332,#2333,#2339,#2345,#2351,#2357,#2363));
#2331=ORIENTED_EDGE('',*,*,#2316,.F.);
#2332=ORIENTED_EDGE('',*,*,#2140,.T.);
#2333=ORIENTED_EDGE('',*,*,#2334,.T.);
#2334=EDGE_CURVE('',#2135,#2335,#2337,.T.);
#2335=VERTEX_POINT('',#2336);
#2336=CARTESIAN_POINT('',(3.003,1.3,-11.164));
#2337=LINE('',#2338,#329);
#2338=CARTESIAN_POINT('',(3.003,-1.4,-11.164));
#2339=ORIENTED_EDGE('',*,*,#2340,.T.);
#2340=EDGE_CURVE('',#2335,#2341,#2343,.T.);
#2341=VERTEX_POINT('',#2342);
#2342=CARTESIAN_POINT('',(2.84,1.3,-11.164));
#2343=LINE('',#2344,#188);
#2344=CARTESIAN_POINT('',(2.9875,1.3,-11.164));
#2345=ORIENTED_EDGE('',*,*,#2346,.F.);
#2346=EDGE_CURVE('',#2347,#2341,#2349,.T.);
#2347=VERTEX_POINT('',#2348);
#2348=CARTESIAN_POINT('',(2.84,0.975,-11.164));
#2349=LINE('',#2350,#329);
#2350=CARTESIAN_POINT('',(2.84,-0.2125,-11.164));
#2351=ORIENTED_EDGE('',*,*,#2352,.F.);
#2352=EDGE_CURVE('',#2353,#2347,#2355,.T.);
#2353=VERTEX_POINT('',#2354);
#2354=CARTESIAN_POINT('',(2.98,0.975,-11.164));
#2355=LINE('',#2356,#188);
#2356=CARTESIAN_POINT('',(1.7,0.975,-11.164));
#2357=ORIENTED_EDGE('',*,*,#2358,.F.);
#2358=EDGE_CURVE('',#2359,#2353,#2361,.T.);
#2359=VERTEX_POINT('',#2360);
#2360=CARTESIAN_POINT('',(2.98,-0.975,-11.164));
#2361=LINE('',#2362,#329);
#2362=CARTESIAN_POINT('',(2.98,-1.1875,-11.164));
#2363=ORIENTED_EDGE('',*,*,#2364,.T.);
#2364=EDGE_CURVE('',#2359,#2317,#2365,.T.);
#2365=LINE('',#2366,#188);
#2366=CARTESIAN_POINT('',(1.7,-0.975,-11.164));
#2367=PLANE('',#2368);
#2368=AXIS2_PLACEMENT_3D('',#2369,#13,#14);
#2369=CARTESIAN_POINT('',(1.7,-1.4,-11.164));
#2370=ADVANCED_FACE('',(#2371),#2380,.F.);
#2371=FACE_BOUND('',#2372,.F.);
#2372=EDGE_LOOP('',(#2373,#2374,#2375,#2376));
#2373=ORIENTED_EDGE('',*,*,#2334,.F.);
#2374=ORIENTED_EDGE('',*,*,#2134,.T.);
#2375=ORIENTED_EDGE('',*,*,#2176,.T.);
#2376=ORIENTED_EDGE('',*,*,#2377,.T.);
#2377=EDGE_CURVE('',#2177,#2335,#2378,.T.);
#2378=LINE('',#2379,#99);
#2379=CARTESIAN_POINT('',(3.003,1.3,-11.85));
#2380=PLANE('',#2381);
#2381=AXIS2_PLACEMENT_3D('',#2382,#14,#13);
#2382=CARTESIAN_POINT('',(3.003,-1.4,-11.9));
#2383=ADVANCED_FACE('',(#2384),#2408,.F.);
#2384=FACE_BOUND('',#2385,.F.);
#2385=EDGE_LOOP('',(#2386,#2387,#2390,#2391,#2396,#2402,#2406,#2407));
#2386=ORIENTED_EDGE('',*,*,#2203,.F.);
#2387=ORIENTED_EDGE('',*,*,#2388,.T.);
#2388=EDGE_CURVE('',#2197,#2238,#2389,.T.);
#2389=LINE('',#2198,#99);
#2390=ORIENTED_EDGE('',*,*,#2244,.T.);
#2391=ORIENTED_EDGE('',*,*,#2392,.F.);
#2392=EDGE_CURVE('',#2393,#2245,#2395,.T.);
#2393=VERTEX_POINT('',#2394);
#2394=CARTESIAN_POINT('',(1.75,1.3,-10.893));
#2395=LINE('',#2291,#99);
#2396=ORIENTED_EDGE('',*,*,#2397,.F.);
#2397=EDGE_CURVE('',#2398,#2393,#2400,.T.);
#2398=VERTEX_POINT('',#2399);
#2399=CARTESIAN_POINT('',(2.84,1.3,-10.893));
#2400=LINE('',#2401,#188);
#2401=CARTESIAN_POINT('',(2.9875,1.3,-10.893));
#2402=ORIENTED_EDGE('',*,*,#2403,.F.);
#2403=EDGE_CURVE('',#2341,#2398,#2404,.T.);
#2404=LINE('',#2405,#99);
#2405=CARTESIAN_POINT('',(2.84,1.3,-11.85));
#2406=ORIENTED_EDGE('',*,*,#2340,.F.);
#2407=ORIENTED_EDGE('',*,*,#2377,.F.);
#2408=PLANE('',#2409);
#2409=AXIS2_PLACEMENT_3D('',#2205,#152,#18);
#2410=ADVANCED_FACE('',(#2411),#2419,.T.);
#2411=FACE_BOUND('',#2412,.T.);
#2412=EDGE_LOOP('',(#2413,#2414,#2415,#2416));
#2413=ORIENTED_EDGE('',*,*,#2196,.T.);
#2414=ORIENTED_EDGE('',*,*,#2388,.T.);
#2415=ORIENTED_EDGE('',*,*,#2237,.F.);
#2416=ORIENTED_EDGE('',*,*,#2417,.F.);
#2417=EDGE_CURVE('',#2191,#2232,#2418,.T.);
#2418=LINE('',#2192,#99);
#2419=CYLINDRICAL_SURFACE('',#2420,1.);
#2420=AXIS2_PLACEMENT_3D('',#2201,#13,#14);
#2421=ADVANCED_FACE('',(#2422),#2428,.F.);
#2422=FACE_BOUND('',#2423,.F.);
#2423=EDGE_LOOP('',(#2424,#2425,#2426,#2427));
#2424=ORIENTED_EDGE('',*,*,#2190,.F.);
#2425=ORIENTED_EDGE('',*,*,#2214,.T.);
#2426=ORIENTED_EDGE('',*,*,#2231,.T.);
#2427=ORIENTED_EDGE('',*,*,#2417,.F.);
#2428=PLANE('',#2429);
#2429=AXIS2_PLACEMENT_3D('',#2194,#18,#135);
#2430=ADVANCED_FACE('',(#2431),#2442,.T.);
#2431=FACE_BOUND('',#2432,.T.);
#2432=EDGE_LOOP('',(#2433,#2437,#2438,#2439,#2440,#2441));
#2433=ORIENTED_EDGE('',*,*,#2434,.F.);
#2434=EDGE_CURVE('',#2359,#2261,#2435,.T.);
#2435=LINE('',#2436,#99);
#2436=CARTESIAN_POINT('',(2.98,-0.975,-11.9));
#2437=ORIENTED_EDGE('',*,*,#2364,.T.);
#2438=ORIENTED_EDGE('',*,*,#2322,.T.);
#2439=ORIENTED_EDGE('',*,*,#2296,.F.);
#2440=ORIENTED_EDGE('',*,*,#2284,.T.);
#2441=ORIENTED_EDGE('',*,*,#2264,.F.);
#2442=PLANE('',#2443);
#2443=AXIS2_PLACEMENT_3D('',#2444,#135,#13);
#2444=CARTESIAN_POINT('',(1.7,-0.975,-11.9));
#2445=ADVANCED_FACE('',(#2446),#2455,.F.);
#2446=FACE_BOUND('',#2447,.F.);
#2447=EDGE_LOOP('',(#2448,#2449,#2450,#2454));
#2448=ORIENTED_EDGE('',*,*,#2434,.F.);
#2449=ORIENTED_EDGE('',*,*,#2358,.T.);
#2450=ORIENTED_EDGE('',*,*,#2451,.T.);
#2451=EDGE_CURVE('',#2353,#2256,#2452,.T.);
#2452=LINE('',#2453,#99);
#2453=CARTESIAN_POINT('',(2.98,0.975,-11.9));
#2454=ORIENTED_EDGE('',*,*,#2260,.F.);
#2455=PLANE('',#2456);
#2456=AXIS2_PLACEMENT_3D('',#2436,#14,#13);
#2457=ADVANCED_FACE('',(#2458),#2479,.F.);
#2458=FACE_BOUND('',#2459,.F.);
#2459=EDGE_LOOP('',(#2460,#2461,#2462,#2468,#2474,#2478));
#2460=ORIENTED_EDGE('',*,*,#2451,.F.);
#2461=ORIENTED_EDGE('',*,*,#2352,.T.);
#2462=ORIENTED_EDGE('',*,*,#2463,.T.);
#2463=EDGE_CURVE('',#2347,#2464,#2466,.T.);
#2464=VERTEX_POINT('',#2465);
#2465=CARTESIAN_POINT('',(2.84,0.975,-10.893));
#2466=LINE('',#2467,#99);
#2467=CARTESIAN_POINT('',(2.84,0.975,-11.9));
#2468=ORIENTED_EDGE('',*,*,#2469,.F.);
#2469=EDGE_CURVE('',#2470,#2464,#2472,.T.);
#2470=VERTEX_POINT('',#2471);
#2471=CARTESIAN_POINT('',(1.75,0.975,-10.893));
#2472=LINE('',#2473,#105);
#2473=CARTESIAN_POINT('',(1.7,0.975,-10.893));
#2474=ORIENTED_EDGE('',*,*,#2475,.T.);
#2475=EDGE_CURVE('',#2470,#2251,#2476,.T.);
#2476=LINE('',#2477,#99);
#2477=CARTESIAN_POINT('',(1.75,0.975,-11.85));
#2478=ORIENTED_EDGE('',*,*,#2255,.F.);
#2479=PLANE('',#2480);
#2480=AXIS2_PLACEMENT_3D('',#2481,#135,#13);
#2481=CARTESIAN_POINT('',(1.7,0.975,-11.9));
#2482=ADVANCED_FACE('',(#2483),#2289,.F.);
#2483=FACE_BOUND('',#2484,.F.);
#2484=EDGE_LOOP('',(#2485,#2486,#2490,#2491));
#2485=ORIENTED_EDGE('',*,*,#2475,.F.);
#2486=ORIENTED_EDGE('',*,*,#2487,.F.);
#2487=EDGE_CURVE('',#2393,#2470,#2488,.T.);
#2488=LINE('',#2489,#171);
#2489=CARTESIAN_POINT('',(1.75,1.1375,-10.893));
#2490=ORIENTED_EDGE('',*,*,#2392,.T.);
#2491=ORIENTED_EDGE('',*,*,#2250,.T.);
#2492=ADVANCED_FACE('',(#2493),#2501,.F.);
#2493=FACE_BOUND('',#2494,.F.);
#2494=EDGE_LOOP('',(#2495,#2496,#2497,#2498));
#2495=ORIENTED_EDGE('',*,*,#2463,.F.);
#2496=ORIENTED_EDGE('',*,*,#2346,.T.);
#2497=ORIENTED_EDGE('',*,*,#2403,.T.);
#2498=ORIENTED_EDGE('',*,*,#2499,.F.);
#2499=EDGE_CURVE('',#2464,#2398,#2500,.T.);
#2500=LINE('',#2465,#329);
#2501=PLANE('',#2502);
#2502=AXIS2_PLACEMENT_3D('',#2467,#14,#13);
#2503=ADVANCED_FACE('',(#2504),#2510,.F.);
#2504=FACE_BOUND('',#2505,.F.);
#2505=EDGE_LOOP('',(#2506,#2507,#2508,#2509));
#2506=ORIENTED_EDGE('',*,*,#2487,.T.);
#2507=ORIENTED_EDGE('',*,*,#2469,.T.);
#2508=ORIENTED_EDGE('',*,*,#2499,.T.);
#2509=ORIENTED_EDGE('',*,*,#2397,.T.);
#2510=PLANE('',#2511);
#2511=AXIS2_PLACEMENT_3D('',#2473,#13,#14);
#2512=( GEOMETRIC_REPRESENTATION_CONTEXT(3)GLOBAL_UNCERTAINTY_ASSIGNED_CONTEXT((#2516))GLOBAL_UNIT_ASSIGNED_CONTEXT((#2513,#2514,#2515)) REPRESENTATION_CONTEXT('Context #1','3D Context with UNIT and UNCERTAINTY') );
#2513=( LENGTH_UNIT() NAMED_UNIT(*) SI_UNIT(.MILLI.,.METRE.) );
#2514=( NAMED_UNIT(*) PLANE_ANGLE_UNIT() SI_UNIT($,.RADIAN.) );
#2515=( NAMED_UNIT(*) SI_UNIT($,.STERADIAN.) SOLID_ANGLE_UNIT() );
#2516=UNCERTAINTY_MEASURE_WITH_UNIT(LENGTH_MEASURE(0.),#2513,'distance_accuracy_value','confusion accuracy');
#2517=CONTEXT_DEPENDENT_SHAPE_REPRESENTATION(#2518,#2520);
#2518=( REPRESENTATION_RELATIONSHIP('','',#2119,#10)REPRESENTATION_RELATIONSHIP_WITH_TRANSFORMATION(#2519)SHAPE_REPRESENTATION_RELATIONSHIP() );
#2519=ITEM_DEFINED_TRANSFORMATION('','',#11,#11);
#2520=PRODUCT_DEFINITION_SHAPE('Placement','Placement of an item',#2521);
#2521=NEXT_ASSEMBLY_USAGE_OCCURRENCE('39','base0','',#5,#2114,$);
#2522=PRODUCT_RELATED_PRODUCT_CATEGORY('part',$,(#2116));
#2523=CONTEXT_DEPENDENT_SHAPE_REPRESENTATION(#2524,#2526);
#2524=( REPRESENTATION_RELATIONSHIP('','',#2119,#10)REPRESENTATION_RELATIONSHIP_WITH_TRANSFORMATION(#2525)SHAPE_REPRESENTATION_RELATIONSHIP() );
#2525=ITEM_DEFINED_TRANSFORMATION('','',#11,#72);
#2526=PRODUCT_DEFINITION_SHAPE('Placement','Placement of an item',#2527);
#2527=NEXT_ASSEMBLY_USAGE_OCCURRENCE('40','base1','',#5,#2114,$);
#2528=SHAPE_DEFINITION_REPRESENTATION(#2529,#2535);
#2529=PRODUCT_DEFINITION_SHAPE('','',#2530);
#2530=PRODUCT_DEFINITION('design','',#2531,#2534);
#2531=PRODUCT_DEFINITION_FORMATION('','',#2532);
#2532=PRODUCT('gnd0','gnd0','',(#2533));
#2533=PRODUCT_CONTEXT('',#2,'mechanical');
#2534=PRODUCT_DEFINITION_CONTEXT('part definition',#2,'design');
#2535=ADVANCED_BREP_SHAPE_REPRESENTATION('',(#11,#2536),#2917);
#2536=MANIFOLD_SOLID_BREP('',#2537);
#2537=CLOSED_SHELL('',(#2538,#2563,#2660,#2675,#2690,#2701,#2710,#2729,#2744,#2759,#2770,#2789,#2804,#2819,#2830,#2849,#2864,#2879,#2890,#2899,#2908));
#2538=ADVANCED_FACE('',(#2539),#2561,.F.);
#2539=FACE_BOUND('',#2540,.F.);
#2540=EDGE_LOOP('',(#2541,#2548,#2553,#2558));
#2541=ORIENTED_EDGE('',*,*,#2542,.F.);
#2542=EDGE_CURVE('',#2543,#2545,#2547,.T.);
#2543=VERTEX_POINT('',#2544);
#2544=CARTESIAN_POINT('',(-3.,0.78,-2.8));
#2545=VERTEX_POINT('',#2546);
#2546=CARTESIAN_POINT('',(-3.,0.78,-0.35));
#2547=LINE('',#2544,#99);
#2548=ORIENTED_EDGE('',*,*,#2549,.T.);
#2549=EDGE_CURVE('',#2543,#2550,#2552,.T.);
#2550=VERTEX_POINT('',#2551);
#2551=CARTESIAN_POINT('',(-3.,0.9,-2.8));
#2552=LINE('',#2544,#329);
#2553=ORIENTED_EDGE('',*,*,#2554,.T.);
#2554=EDGE_CURVE('',#2550,#2555,#2557,.T.);
#2555=VERTEX_POINT('',#2556);
#2556=CARTESIAN_POINT('',(-3.,0.9,-0.35));
#2557=LINE('',#2551,#99);
#2558=ORIENTED_EDGE('',*,*,#2559,.F.);
#2559=EDGE_CURVE('',#2545,#2555,#2560,.T.);
#2560=LINE('',#2546,#329);
#2561=PLANE('',#2562);
#2562=AXIS2_PLACEMENT_3D('',#2544,#14,#13);
#2563=ADVANCED_FACE('',(#2564,#2580,#2606,#2632),#2658,.F.);
#2564=FACE_BOUND('',#2565,.F.);
#2565=EDGE_LOOP('',(#2566,#2571,#2572,#2577));
#2566=ORIENTED_EDGE('',*,*,#2567,.F.);
#2567=EDGE_CURVE('',#2543,#2568,#2570,.T.);
#2568=VERTEX_POINT('',#2569);
#2569=CARTESIAN_POINT('',(3.,0.78,-2.8));
#2570=LINE('',#2544,#105);
#2571=ORIENTED_EDGE('',*,*,#2542,.T.);
#2572=ORIENTED_EDGE('',*,*,#2573,.T.);
#2573=EDGE_CURVE('',#2545,#2574,#2576,.T.);
#2574=VERTEX_POINT('',#2575);
#2575=CARTESIAN_POINT('',(3.,0.78,-0.35));
#2576=LINE('',#2546,#105);
#2577=ORIENTED_EDGE('',*,*,#2578,.F.);
#2578=EDGE_CURVE('',#2568,#2574,#2579,.T.);
#2579=LINE('',#2569,#99);
#2580=FACE_BOUND('',#2581,.F.);
#2581=EDGE_LOOP('',(#2582,#2590,#2596,#2602));
#2582=ORIENTED_EDGE('',*,*,#2583,.F.);
#2583=EDGE_CURVE('',#2584,#2586,#2588,.T.);
#2584=VERTEX_POINT('',#2585);
#2585=CARTESIAN_POINT('',(-2.45,0.78,-0.55));
#2586=VERTEX_POINT('',#2587);
#2587=CARTESIAN_POINT('',(-1.95,0.78,-0.55));
#2588=LINE('',#2589,#105);
#2589=CARTESIAN_POINT('',(-2.725,0.78,-0.55));
#2590=ORIENTED_EDGE('',*,*,#2591,.T.);
#2591=EDGE_CURVE('',#2584,#2592,#2594,.T.);
#2592=VERTEX_POINT('',#2593);
#2593=CARTESIAN_POINT('',(-2.45,0.78,-1.3));
#2594=LINE('',#2595,#415);
#2595=CARTESIAN_POINT('',(-2.45,0.78,-2.05));
#2596=ORIENTED_EDGE('',*,*,#2597,.T.);
#2597=EDGE_CURVE('',#2592,#2598,#2600,.T.);
#2598=VERTEX_POINT('',#2599);
#2599=CARTESIAN_POINT('',(-1.95,0.78,-1.3));
#2600=LINE('',#2601,#105);
#2601=CARTESIAN_POINT('',(-2.725,0.78,-1.3));
#2602=ORIENTED_EDGE('',*,*,#2603,.F.);
#2603=EDGE_CURVE('',#2586,#2598,#2604,.T.);
#2604=LINE('',#2605,#415);
#2605=CARTESIAN_POINT('',(-1.95,0.78,-2.05));
#2606=FACE_BOUND('',#2607,.F.);
#2607=EDGE_LOOP('',(#2608,#2616,#2622,#2628));
#2608=ORIENTED_EDGE('',*,*,#2609,.F.);
#2609=EDGE_CURVE('',#2610,#2612,#2614,.T.);
#2610=VERTEX_POINT('',#2611);
#2611=CARTESIAN_POINT('',(-0.25,0.78,-0.55));
#2612=VERTEX_POINT('',#2613);
#2613=CARTESIAN_POINT('',(0.25,0.78,-0.55));
#2614=LINE('',#2615,#105);
#2615=CARTESIAN_POINT('',(-1.625,0.78,-0.55));
#2616=ORIENTED_EDGE('',*,*,#2617,.T.);
#2617=EDGE_CURVE('',#2610,#2618,#2620,.T.);
#2618=VERTEX_POINT('',#2619);
#2619=CARTESIAN_POINT('',(-0.25,0.78,-1.3));
#2620=LINE('',#2621,#415);
#2621=CARTESIAN_POINT('',(-0.25,0.78,-2.05));
#2622=ORIENTED_EDGE('',*,*,#2623,.T.);
#2623=EDGE_CURVE('',#2618,#2624,#2626,.T.);
#2624=VERTEX_POINT('',#2625);
#2625=CARTESIAN_POINT('',(0.25,0.78,-1.3));
#2626=LINE('',#2627,#105);
#2627=CARTESIAN_POINT('',(-1.625,0.78,-1.3));
#2628=ORIENTED_EDGE('',*,*,#2629,.F.);
#2629=EDGE_CURVE('',#2612,#2624,#2630,.T.);
#2630=LINE('',#2631,#415);
#2631=CARTESIAN_POINT('',(0.25,0.78,-2.05));
#2632=FACE_BOUND('',#2633,.F.);
#2633=EDGE_LOOP('',(#2634,#2642,#2648,#2654));
#2634=ORIENTED_EDGE('',*,*,#2635,.F.);
#2635=EDGE_CURVE('',#2636,#2638,#2640,.T.);
#2636=VERTEX_POINT('',#2637);
#2637=CARTESIAN_POINT('',(1.95,0.78,-0.55));
#2638=VERTEX_POINT('',#2639);
#2639=CARTESIAN_POINT('',(2.45,0.78,-0.55));
#2640=LINE('',#2641,#105);
#2641=CARTESIAN_POINT('',(-0.525,0.78,-0.55));
#2642=ORIENTED_EDGE('',*,*,#2643,.T.);
#2643=EDGE_CURVE('',#2636,#2644,#2646,.T.);
#2644=VERTEX_POINT('',#2645);
#2645=CARTESIAN_POINT('',(1.95,0.78,-1.3));
#2646=LINE('',#2647,#415);
#2647=CARTESIAN_POINT('',(1.95,0.78,-2.05));
#2648=ORIENTED_EDGE('',*,*,#2649,.T.);
#2649=EDGE_CURVE('',#2644,#2650,#2652,.T.);
#2650=VERTEX_POINT('',#2651);
#2651=CARTESIAN_POINT('',(2.45,0.78,-1.3));
#2652=LINE('',#2653,#105);
#2653=CARTESIAN_POINT('',(-0.525,0.78,-1.3));
#2654=ORIENTED_EDGE('',*,*,#2655,.F.);
#2655=EDGE_CURVE('',#2638,#2650,#2656,.T.);
#2656=LINE('',#2657,#415);
#2657=CARTESIAN_POINT('',(2.45,0.78,-2.05));
#2658=PLANE('',#2659);
#2659=AXIS2_PLACEMENT_3D('',#2544,#135,#13);
#2660=ADVANCED_FACE('',(#2661),#2673,.T.);
#2661=FACE_BOUND('',#2662,.T.);
#2662=EDGE_LOOP('',(#2663,#2664,#2665,#2670));
#2663=ORIENTED_EDGE('',*,*,#2559,.F.);
#2664=ORIENTED_EDGE('',*,*,#2573,.T.);
#2665=ORIENTED_EDGE('',*,*,#2666,.T.);
#2666=EDGE_CURVE('',#2574,#2667,#2669,.T.);
#2667=VERTEX_POINT('',#2668);
#2668=CARTESIAN_POINT('',(3.,0.9,-0.35));
#2669=LINE('',#2575,#329);
#2670=ORIENTED_EDGE('',*,*,#2671,.F.);
#2671=EDGE_CURVE('',#2555,#2667,#2672,.T.);
#2672=LINE('',#2556,#105);
#2673=PLANE('',#2674);
#2674=AXIS2_PLACEMENT_3D('',#2546,#13,#14);
#2675=ADVANCED_FACE('',(#2676),#2688,.T.);
#2676=FACE_BOUND('',#2677,.T.);
#2677=EDGE_LOOP('',(#2678,#2683,#2684,#2685));
#2678=ORIENTED_EDGE('',*,*,#2679,.F.);
#2679=EDGE_CURVE('',#2550,#2680,#2682,.T.);
#2680=VERTEX_POINT('',#2681);
#2681=CARTESIAN_POINT('',(3.,0.9,-2.8));
#2682=LINE('',#2551,#105);
#2683=ORIENTED_EDGE('',*,*,#2554,.T.);
#2684=ORIENTED_EDGE('',*,*,#2671,.T.);
#2685=ORIENTED_EDGE('',*,*,#2686,.F.);
#2686=EDGE_CURVE('',#2680,#2667,#2687,.T.);
#2687=LINE('',#2681,#99);
#2688=PLANE('',#2689);
#2689=AXIS2_PLACEMENT_3D('',#2551,#135,#13);
#2690=ADVANCED_FACE('',(#2691),#2699,.F.);
#2691=FACE_BOUND('',#2692,.F.);
#2692=EDGE_LOOP('',(#2693,#2694,#2695,#2698));
#2693=ORIENTED_EDGE('',*,*,#2549,.F.);
#2694=ORIENTED_EDGE('',*,*,#2567,.T.);
#2695=ORIENTED_EDGE('',*,*,#2696,.T.);
#2696=EDGE_CURVE('',#2568,#2680,#2697,.T.);
#2697=LINE('',#2569,#329);
#2698=ORIENTED_EDGE('',*,*,#2679,.F.);
#2699=PLANE('',#2700);
#2700=AXIS2_PLACEMENT_3D('',#2544,#13,#14);
#2701=ADVANCED_FACE('',(#2702),#2708,.T.);
#2702=FACE_BOUND('',#2703,.T.);
#2703=EDGE_LOOP('',(#2704,#2705,#2706,#2707));
#2704=ORIENTED_EDGE('',*,*,#2578,.F.);
#2705=ORIENTED_EDGE('',*,*,#2696,.T.);
#2706=ORIENTED_EDGE('',*,*,#2686,.T.);
#2707=ORIENTED_EDGE('',*,*,#2666,.F.);
#2708=PLANE('',#2709);
#2709=AXIS2_PLACEMENT_3D('',#2569,#14,#13);
#2710=ADVANCED_FACE('',(#2711),#2727,.T.);
#2711=FACE_BOUND('',#2712,.T.);
#2712=EDGE_LOOP('',(#2713,#2718,#2723,#2726));
#2713=ORIENTED_EDGE('',*,*,#2714,.F.);
#2714=EDGE_CURVE('',#2715,#2584,#2717,.T.);
#2715=VERTEX_POINT('',#2716);
#2716=CARTESIAN_POINT('',(-2.45,0.45,-0.55));
#2717=LINE('',#2716,#329);
#2718=ORIENTED_EDGE('',*,*,#2719,.T.);
#2719=EDGE_CURVE('',#2715,#2720,#2722,.T.);
#2720=VERTEX_POINT('',#2721);
#2721=CARTESIAN_POINT('',(-1.95,0.45,-0.55));
#2722=LINE('',#2716,#105);
#2723=ORIENTED_EDGE('',*,*,#2724,.T.);
#2724=EDGE_CURVE('',#2720,#2586,#2725,.T.);
#2725=LINE('',#2721,#329);
#2726=ORIENTED_EDGE('',*,*,#2583,.F.);
#2727=PLANE('',#2728);
#2728=AXIS2_PLACEMENT_3D('',#2716,#13,#14);
#2729=ADVANCED_FACE('',(#2730),#2742,.F.);
#2730=FACE_BOUND('',#2731,.F.);
#2731=EDGE_LOOP('',(#2732,#2733,#2738,#2741));
#2732=ORIENTED_EDGE('',*,*,#2714,.F.);
#2733=ORIENTED_EDGE('',*,*,#2734,.F.);
#2734=EDGE_CURVE('',#2735,#2715,#2737,.T.);
#2735=VERTEX_POINT('',#2736);
#2736=CARTESIAN_POINT('',(-2.45,0.45,-1.3));
#2737=LINE('',#2736,#99);
#2738=ORIENTED_EDGE('',*,*,#2739,.T.);
#2739=EDGE_CURVE('',#2735,#2592,#2740,.T.);
#2740=LINE('',#2736,#329);
#2741=ORIENTED_EDGE('',*,*,#2591,.F.);
#2742=PLANE('',#2743);
#2743=AXIS2_PLACEMENT_3D('',#2736,#14,#13);
#2744=ADVANCED_FACE('',(#2745),#2757,.T.);
#2745=FACE_BOUND('',#2746,.T.);
#2746=EDGE_LOOP('',(#2747,#2748,#2753,#2756));
#2747=ORIENTED_EDGE('',*,*,#2724,.F.);
#2748=ORIENTED_EDGE('',*,*,#2749,.F.);
#2749=EDGE_CURVE('',#2750,#2720,#2752,.T.);
#2750=VERTEX_POINT('',#2751);
#2751=CARTESIAN_POINT('',(-1.95,0.45,-1.3));
#2752=LINE('',#2751,#99);
#2753=ORIENTED_EDGE('',*,*,#2754,.T.);
#2754=EDGE_CURVE('',#2750,#2598,#2755,.T.);
#2755=LINE('',#2751,#329);
#2756=ORIENTED_EDGE('',*,*,#2603,.F.);
#2757=PLANE('',#2758);
#2758=AXIS2_PLACEMENT_3D('',#2751,#14,#13);
#2759=ADVANCED_FACE('',(#2760),#2768,.F.);
#2760=FACE_BOUND('',#2761,.F.);
#2761=EDGE_LOOP('',(#2762,#2763,#2766,#2767));
#2762=ORIENTED_EDGE('',*,*,#2739,.F.);
#2763=ORIENTED_EDGE('',*,*,#2764,.T.);
#2764=EDGE_CURVE('',#2735,#2750,#2765,.T.);
#2765=LINE('',#2736,#105);
#2766=ORIENTED_EDGE('',*,*,#2754,.T.);
#2767=ORIENTED_EDGE('',*,*,#2597,.F.);
#2768=PLANE('',#2769);
#2769=AXIS2_PLACEMENT_3D('',#2736,#13,#14);
#2770=ADVANCED_FACE('',(#2771),#2787,.T.);
#2771=FACE_BOUND('',#2772,.T.);
#2772=EDGE_LOOP('',(#2773,#2778,#2783,#2786));
#2773=ORIENTED_EDGE('',*,*,#2774,.F.);
#2774=EDGE_CURVE('',#2775,#2610,#2777,.T.);
#2775=VERTEX_POINT('',#2776);
#2776=CARTESIAN_POINT('',(-0.25,0.45,-0.55));
#2777=LINE('',#2776,#329);
#2778=ORIENTED_EDGE('',*,*,#2779,.T.);
#2779=EDGE_CURVE('',#2775,#2780,#2782,.T.);
#2780=VERTEX_POINT('',#2781);
#2781=CARTESIAN_POINT('',(0.25,0.45,-0.55));
#2782=LINE('',#2776,#105);
#2783=ORIENTED_EDGE('',*,*,#2784,.T.);
#2784=EDGE_CURVE('',#2780,#2612,#2785,.T.);
#2785=LINE('',#2781,#329);
#2786=ORIENTED_EDGE('',*,*,#2609,.F.);
#2787=PLANE('',#2788);
#2788=AXIS2_PLACEMENT_3D('',#2776,#13,#14);
#2789=ADVANCED_FACE('',(#2790),#2802,.F.);
#2790=FACE_BOUND('',#2791,.F.);
#2791=EDGE_LOOP('',(#2792,#2793,#2798,#2801));
#2792=ORIENTED_EDGE('',*,*,#2774,.F.);
#2793=ORIENTED_EDGE('',*,*,#2794,.F.);
#2794=EDGE_CURVE('',#2795,#2775,#2797,.T.);
#2795=VERTEX_POINT('',#2796);
#2796=CARTESIAN_POINT('',(-0.25,0.45,-1.3));
#2797=LINE('',#2796,#99);
#2798=ORIENTED_EDGE('',*,*,#2799,.T.);
#2799=EDGE_CURVE('',#2795,#2618,#2800,.T.);
#2800=LINE('',#2796,#329);
#2801=ORIENTED_EDGE('',*,*,#2617,.F.);
#2802=PLANE('',#2803);
#2803=AXIS2_PLACEMENT_3D('',#2796,#14,#13);
#2804=ADVANCED_FACE('',(#2805),#2817,.T.);
#2805=FACE_BOUND('',#2806,.T.);
#2806=EDGE_LOOP('',(#2807,#2808,#2813,#2816));
#2807=ORIENTED_EDGE('',*,*,#2784,.F.);
#2808=ORIENTED_EDGE('',*,*,#2809,.F.);
#2809=EDGE_CURVE('',#2810,#2780,#2812,.T.);
#2810=VERTEX_POINT('',#2811);
#2811=CARTESIAN_POINT('',(0.25,0.45,-1.3));
#2812=LINE('',#2811,#99);
#2813=ORIENTED_EDGE('',*,*,#2814,.T.);
#2814=EDGE_CURVE('',#2810,#2624,#2815,.T.);
#2815=LINE('',#2811,#329);
#2816=ORIENTED_EDGE('',*,*,#2629,.F.);
#2817=PLANE('',#2818);
#2818=AXIS2_PLACEMENT_3D('',#2811,#14,#13);
#2819=ADVANCED_FACE('',(#2820),#2828,.F.);
#2820=FACE_BOUND('',#2821,.F.);
#2821=EDGE_LOOP('',(#2822,#2823,#2826,#2827));
#2822=ORIENTED_EDGE('',*,*,#2799,.F.);
#2823=ORIENTED_EDGE('',*,*,#2824,.T.);
#2824=EDGE_CURVE('',#2795,#2810,#2825,.T.);
#2825=LINE('',#2796,#105);
#2826=ORIENTED_EDGE('',*,*,#2814,.T.);
#2827=ORIENTED_EDGE('',*,*,#2623,.F.);
#2828=PLANE('',#2829);
#2829=AXIS2_PLACEMENT_3D('',#2796,#13,#14);
#2830=ADVANCED_FACE('',(#2831),#2847,.T.);
#2831=FACE_BOUND('',#2832,.T.);
#2832=EDGE_LOOP('',(#2833,#2838,#2843,#2846));
#2833=ORIENTED_EDGE('',*,*,#2834,.F.);
#2834=EDGE_CURVE('',#2835,#2636,#2837,.T.);
#2835=VERTEX_POINT('',#2836);
#2836=CARTESIAN_POINT('',(1.95,0.45,-0.55));
#2837=LINE('',#2836,#329);
#2838=ORIENTED_EDGE('',*,*,#2839,.T.);
#2839=EDGE_CURVE('',#2835,#2840,#2842,.T.);
#2840=VERTEX_POINT('',#2841);
#2841=CARTESIAN_POINT('',(2.45,0.45,-0.55));
#2842=LINE('',#2836,#105);
#2843=ORIENTED_EDGE('',*,*,#2844,.T.);
#2844=EDGE_CURVE('',#2840,#2638,#2845,.T.);
#2845=LINE('',#2841,#329);
#2846=ORIENTED_EDGE('',*,*,#2635,.F.);
#2847=PLANE('',#2848);
#2848=AXIS2_PLACEMENT_3D('',#2836,#13,#14);
#2849=ADVANCED_FACE('',(#2850),#2862,.T.);
#2850=FACE_BOUND('',#2851,.T.);
#2851=EDGE_LOOP('',(#2852,#2853,#2858,#2861));
#2852=ORIENTED_EDGE('',*,*,#2844,.F.);
#2853=ORIENTED_EDGE('',*,*,#2854,.F.);
#2854=EDGE_CURVE('',#2855,#2840,#2857,.T.);
#2855=VERTEX_POINT('',#2856);
#2856=CARTESIAN_POINT('',(2.45,0.45,-1.3));
#2857=LINE('',#2856,#99);
#2858=ORIENTED_EDGE('',*,*,#2859,.T.);
#2859=EDGE_CURVE('',#2855,#2650,#2860,.T.);
#2860=LINE('',#2856,#329);
#2861=ORIENTED_EDGE('',*,*,#2655,.F.);
#2862=PLANE('',#2863);
#2863=AXIS2_PLACEMENT_3D('',#2856,#14,#13);
#2864=ADVANCED_FACE('',(#2865),#2877,.F.);
#2865=FACE_BOUND('',#2866,.F.);
#2866=EDGE_LOOP('',(#2867,#2872,#2875,#2876));
#2867=ORIENTED_EDGE('',*,*,#2868,.F.);
#2868=EDGE_CURVE('',#2869,#2644,#2871,.T.);
#2869=VERTEX_POINT('',#2870);
#2870=CARTESIAN_POINT('',(1.95,0.45,-1.3));
#2871=LINE('',#2870,#329);
#2872=ORIENTED_EDGE('',*,*,#2873,.T.);
#2873=EDGE_CURVE('',#2869,#2855,#2874,.T.);
#2874=LINE('',#2870,#105);
#2875=ORIENTED_EDGE('',*,*,#2859,.T.);
#2876=ORIENTED_EDGE('',*,*,#2649,.F.);
#2877=PLANE('',#2878);
#2878=AXIS2_PLACEMENT_3D('',#2870,#13,#14);
#2879=ADVANCED_FACE('',(#2880),#2888,.F.);
#2880=FACE_BOUND('',#2881,.F.);
#2881=EDGE_LOOP('',(#2882,#2883,#2886,#2887));
#2882=ORIENTED_EDGE('',*,*,#2834,.F.);
#2883=ORIENTED_EDGE('',*,*,#2884,.F.);
#2884=EDGE_CURVE('',#2869,#2835,#2885,.T.);
#2885=LINE('',#2870,#99);
#2886=ORIENTED_EDGE('',*,*,#2868,.T.);
#2887=ORIENTED_EDGE('',*,*,#2643,.F.);
#2888=PLANE('',#2889);
#2889=AXIS2_PLACEMENT_3D('',#2870,#14,#13);
#2890=ADVANCED_FACE('',(#2891),#2897,.F.);
#2891=FACE_BOUND('',#2892,.F.);
#2892=EDGE_LOOP('',(#2893,#2894,#2895,#2896));
#2893=ORIENTED_EDGE('',*,*,#2764,.F.);
#2894=ORIENTED_EDGE('',*,*,#2734,.T.);
#2895=ORIENTED_EDGE('',*,*,#2719,.T.);
#2896=ORIENTED_EDGE('',*,*,#2749,.F.);
#2897=PLANE('',#2898);
#2898=AXIS2_PLACEMENT_3D('',#2736,#135,#13);
#2899=ADVANCED_FACE('',(#2900),#2906,.F.);
#2900=FACE_BOUND('',#2901,.F.);
#2901=EDGE_LOOP('',(#2902,#2903,#2904,#2905));
#2902=ORIENTED_EDGE('',*,*,#2824,.F.);
#2903=ORIENTED_EDGE('',*,*,#2794,.T.);
#2904=ORIENTED_EDGE('',*,*,#2779,.T.);
#2905=ORIENTED_EDGE('',*,*,#2809,.F.);
#2906=PLANE('',#2907);
#2907=AXIS2_PLACEMENT_3D('',#2796,#135,#13);
#2908=ADVANCED_FACE('',(#2909),#2915,.F.);
#2909=FACE_BOUND('',#2910,.F.);
#2910=EDGE_LOOP('',(#2911,#2912,#2913,#2914));
#2911=ORIENTED_EDGE('',*,*,#2873,.F.);
#2912=ORIENTED_EDGE('',*,*,#2884,.T.);
#2913=ORIENTED_EDGE('',*,*,#2839,.T.);
#2914=ORIENTED_EDGE('',*,*,#2854,.F.);
#2915=PLANE('',#2916);
#2916=AXIS2_PLACEMENT_3D('',#2870,#135,#13);
#2917=( GEOMETRIC_REPRESENTATION_CONTEXT(3)GLOBAL_UNCERTAINTY_ASSIGNED_CONTEXT((#2921))GLOBAL_UNIT_ASSIGNED_CONTEXT((#2918,#2919,#2920)) REPRESENTATION_CONTEXT('Context #1','3D Context with UNIT and UNCERTAINTY') );
#2918=( LENGTH_UNIT() NAMED_UNIT(*) SI_UNIT(.MILLI.,.METRE.) );
#2919=( NAMED_UNIT(*) PLANE_ANGLE_UNIT() SI_UNIT($,.RADIAN.) );
#2920=( NAMED_UNIT(*) SI_UNIT($,.STERADIAN.) SOLID_ANGLE_UNIT() );
#2921=UNCERTAINTY_MEASURE_WITH_UNIT(LENGTH_MEASURE(0.),#2918,'distance_accuracy_value','confusion accuracy');
#2922=CONTEXT_DEPENDENT_SHAPE_REPRESENTATION(#2923,#2925);
#2923=( REPRESENTATION_RELATIONSHIP('','',#2535,#10)REPRESENTATION_RELATIONSHIP_WITH_TRANSFORMATION(#2924)SHAPE_REPRESENTATION_RELATIONSHIP() );
#2924=ITEM_DEFINED_TRANSFORMATION('','',#11,#11);
#2925=PRODUCT_DEFINITION_SHAPE('Placement','Placement of an item',#2926);
#2926=NEXT_ASSEMBLY_USAGE_OCCURRENCE('41','gnd0','',#5,#2530,$);
#2927=PRODUCT_RELATED_PRODUCT_CATEGORY('part',$,(#2532));
#2928=CONTEXT_DEPENDENT_SHAPE_REPRESENTATION(#2929,#2931);
#2929=( REPRESENTATION_RELATIONSHIP('','',#2535,#10)REPRESENTATION_RELATIONSHIP_WITH_TRANSFORMATION(#2930)SHAPE_REPRESENTATION_RELATIONSHIP() );
#2930=ITEM_DEFINED_TRANSFORMATION('','',#11,#72);
#2931=PRODUCT_DEFINITION_SHAPE('Placement','Placement of an item',#2932);
#2932=NEXT_ASSEMBLY_USAGE_OCCURRENCE('42','gnd1','',#5,#2530,$);
#2933=SHAPE_DEFINITION_REPRESENTATION(#2934,#2940);
#2934=PRODUCT_DEFINITION_SHAPE('','',#2935);
#2935=PRODUCT_DEFINITION('design','',#2936,#2939);
#2936=PRODUCT_DEFINITION_FORMATION('','',#2937);
#2937=PRODUCT('latch0','latch0','',(#2938));
#2938=PRODUCT_CONTEXT('',#2,'mechanical');
#2939=PRODUCT_DEFINITION_CONTEXT('part definition',#2,'design');
#2940=ADVANCED_BREP_SHAPE_REPRESENTATION('',(#11,#2941),#3080);
#2941=MANIFOLD_SOLID_BREP('',#2942);
#2942=CLOSED_SHELL('',(#2943,#2968,#2987,#3006,#3026,#3045,#3058,#3069));
#2943=ADVANCED_FACE('',(#2944),#2966,.F.);
#2944=FACE_BOUND('',#2945,.F.);
#2945=EDGE_LOOP('',(#2946,#2953,#2958,#2963));
#2946=ORIENTED_EDGE('',*,*,#2947,.F.);
#2947=EDGE_CURVE('',#2948,#2950,#2952,.T.);
#2948=VERTEX_POINT('',#2949);
#2949=CARTESIAN_POINT('',(3.5,-0.2,-4.65));
#2950=VERTEX_POINT('',#2951);
#2951=CARTESIAN_POINT('',(3.5,-0.2,-1.7));
#2952=LINE('',#2949,#99);
#2953=ORIENTED_EDGE('',*,*,#2954,.T.);
#2954=EDGE_CURVE('',#2948,#2955,#2957,.T.);
#2955=VERTEX_POINT('',#2956);
#2956=CARTESIAN_POINT('',(3.5,0.2,-4.65));
#2957=LINE('',#2949,#329);
#2958=ORIENTED_EDGE('',*,*,#2959,.T.);
#2959=EDGE_CURVE('',#2955,#2960,#2962,.T.);
#2960=VERTEX_POINT('',#2961);
#2961=CARTESIAN_POINT('',(3.5,0.2,-1.7));
#2962=LINE('',#2956,#99);
#2963=ORIENTED_EDGE('',*,*,#2964,.T.);
#2964=EDGE_CURVE('',#2960,#2950,#2965,.T.);
#2965=LINE('',#2951,#171);
#2966=PLANE('',#2967);
#2967=AXIS2_PLACEMENT_3D('',#2949,#14,#13);
#2968=ADVANCED_FACE('',(#2969),#2985,.F.);
#2969=FACE_BOUND('',#2970,.F.);
#2970=EDGE_LOOP('',(#2971,#2972,#2977,#2982));
#2971=ORIENTED_EDGE('',*,*,#2954,.F.);
#2972=ORIENTED_EDGE('',*,*,#2973,.T.);
#2973=EDGE_CURVE('',#2948,#2974,#2976,.T.);
#2974=VERTEX_POINT('',#2975);
#2975=CARTESIAN_POINT('',(3.8,-0.2,-4.65));
#2976=LINE('',#2949,#105);
#2977=ORIENTED_EDGE('',*,*,#2978,.T.);
#2978=EDGE_CURVE('',#2974,#2979,#2981,.T.);
#2979=VERTEX_POINT('',#2980);
#2980=CARTESIAN_POINT('',(3.8,0.2,-4.65));
#2981=LINE('',#2975,#329);
#2982=ORIENTED_EDGE('',*,*,#2983,.F.);
#2983=EDGE_CURVE('',#2955,#2979,#2984,.T.);
#2984=LINE('',#2956,#105);
#2985=PLANE('',#2986);
#2986=AXIS2_PLACEMENT_3D('',#2949,#13,#14);
#2987=ADVANCED_FACE('',(#2988),#3004,.T.);
#2988=FACE_BOUND('',#2989,.T.);
#2989=EDGE_LOOP('',(#2990,#2995,#2996,#3001));
#2990=ORIENTED_EDGE('',*,*,#2991,.F.);
#2991=EDGE_CURVE('',#2974,#2992,#2994,.T.);
#2992=VERTEX_POINT('',#2993);
#2993=CARTESIAN_POINT('',(3.8,-0.2,-0.9));
#2994=LINE('',#2975,#99);
#2995=ORIENTED_EDGE('',*,*,#2978,.T.);
#2996=ORIENTED_EDGE('',*,*,#2997,.T.);
#2997=EDGE_CURVE('',#2979,#2998,#3000,.T.);
#2998=VERTEX_POINT('',#2999);
#2999=CARTESIAN_POINT('',(3.8,0.2,-0.9));
#3000=LINE('',#2980,#99);
#3001=ORIENTED_EDGE('',*,*,#3002,.F.);
#3002=EDGE_CURVE('',#2992,#2998,#3003,.T.);
#3003=LINE('',#2993,#329);
#3004=PLANE('',#3005);
#3005=AXIS2_PLACEMENT_3D('',#2975,#14,#13);
#3006=ADVANCED_FACE('',(#3007),#3023,.T.);
#3007=FACE_BOUND('',#3008,.T.);
#3008=EDGE_LOOP('',(#3009,#3014,#3019,#3022));
#3009=ORIENTED_EDGE('',*,*,#3010,.F.);
#3010=EDGE_CURVE('',#3011,#2998,#3013,.T.);
#3011=VERTEX_POINT('',#3012);
#3012=CARTESIAN_POINT('',(3.2,0.2,-0.9));
#3013=LINE('',#3012,#105);
#3014=ORIENTED_EDGE('',*,*,#3015,.F.);
#3015=EDGE_CURVE('',#3016,#3011,#3018,.T.);
#3016=VERTEX_POINT('',#3017);
#3017=CARTESIAN_POINT('',(3.2,-0.2,-0.9));
#3018=LINE('',#3017,#329);
#3019=ORIENTED_EDGE('',*,*,#3020,.F.);
#3020=EDGE_CURVE('',#2992,#3016,#3021,.T.);
#3021=LINE('',#2993,#188);
#3022=ORIENTED_EDGE('',*,*,#3002,.T.);
#3023=PLANE('',#3024);
#3024=AXIS2_PLACEMENT_3D('',#3025,#13,#14);
#3025=CARTESIAN_POINT('',(3.5,-0.2,-0.9));
#3026=ADVANCED_FACE('',(#3027),#3043,.F.);
#3027=FACE_BOUND('',#3028,.F.);
#3028=EDGE_LOOP('',(#3029,#3034,#3039,#3042));
#3029=ORIENTED_EDGE('',*,*,#3030,.F.);
#3030=EDGE_CURVE('',#3031,#3016,#3033,.T.);
#3031=VERTEX_POINT('',#3032);
#3032=CARTESIAN_POINT('',(3.2,-0.2,-1.7));
#3033=LINE('',#3032,#99);
#3034=ORIENTED_EDGE('',*,*,#3035,.T.);
#3035=EDGE_CURVE('',#3031,#3036,#3038,.T.);
#3036=VERTEX_POINT('',#3037);
#3037=CARTESIAN_POINT('',(3.2,0.2,-1.7));
#3038=LINE('',#3032,#329);
#3039=ORIENTED_EDGE('',*,*,#3040,.T.);
#3040=EDGE_CURVE('',#3036,#3011,#3041,.T.);
#3041=LINE('',#3037,#99);
#3042=ORIENTED_EDGE('',*,*,#3015,.F.);
#3043=PLANE('',#3044);
#3044=AXIS2_PLACEMENT_3D('',#3032,#14,#13);
#3045=ADVANCED_FACE('',(#3046),#3056,.T.);
#3046=FACE_BOUND('',#3047,.T.);
#3047=EDGE_LOOP('',(#3048,#3049,#3050,#3051,#3054,#3055));
#3048=ORIENTED_EDGE('',*,*,#2997,.F.);
#3049=ORIENTED_EDGE('',*,*,#2983,.F.);
#3050=ORIENTED_EDGE('',*,*,#2959,.T.);
#3051=ORIENTED_EDGE('',*,*,#3052,.F.);
#3052=EDGE_CURVE('',#3036,#2960,#3053,.T.);
#3053=LINE('',#3037,#105);
#3054=ORIENTED_EDGE('',*,*,#3040,.T.);
#3055=ORIENTED_EDGE('',*,*,#3010,.T.);
#3056=PLANE('',#3057);
#3057=AXIS2_PLACEMENT_3D('',#2956,#135,#13);
#3058=ADVANCED_FACE('',(#3059),#3067,.F.);
#3059=FACE_BOUND('',#3060,.F.);
#3060=EDGE_LOOP('',(#3061,#3062,#3063,#3066));
#3061=ORIENTED_EDGE('',*,*,#3052,.F.);
#3062=ORIENTED_EDGE('',*,*,#3035,.F.);
#3063=ORIENTED_EDGE('',*,*,#3064,.T.);
#3064=EDGE_CURVE('',#3031,#2950,#3065,.T.);
#3065=LINE('',#3032,#105);
#3066=ORIENTED_EDGE('',*,*,#2964,.F.);
#3067=PLANE('',#3068);
#3068=AXIS2_PLACEMENT_3D('',#3032,#13,#14);
#3069=ADVANCED_FACE('',(#3070),#3078,.F.);
#3070=FACE_BOUND('',#3071,.F.);
#3071=EDGE_LOOP('',(#3072,#3073,#3074,#3075,#3076,#3077));
#3072=ORIENTED_EDGE('',*,*,#2991,.F.);
#3073=ORIENTED_EDGE('',*,*,#2973,.F.);
#3074=ORIENTED_EDGE('',*,*,#2947,.T.);
#3075=ORIENTED_EDGE('',*,*,#3064,.F.);
#3076=ORIENTED_EDGE('',*,*,#3030,.T.);
#3077=ORIENTED_EDGE('',*,*,#3020,.F.);
#3078=PLANE('',#3079);
#3079=AXIS2_PLACEMENT_3D('',#2949,#135,#13);
#3080=( GEOMETRIC_REPRESENTATION_CONTEXT(3)GLOBAL_UNCERTAINTY_ASSIGNED_CONTEXT((#3084))GLOBAL_UNIT_ASSIGNED_CONTEXT((#3081,#3082,#3083)) REPRESENTATION_CONTEXT('Context #1','3D Context with UNIT and UNCERTAINTY') );
#3081=( LENGTH_UNIT() NAMED_UNIT(*) SI_UNIT(.MILLI.,.METRE.) );
#3082=( NAMED_UNIT(*) PLANE_ANGLE_UNIT() SI_UNIT($,.RADIAN.) );
#3083=( NAMED_UNIT(*) SI_UNIT($,.STERADIAN.) SOLID_ANGLE_UNIT() );
#3084=UNCERTAINTY_MEASURE_WITH_UNIT(LENGTH_MEASURE(0.),#3081,'distance_accuracy_value','confusion accuracy');
#3085=CONTEXT_DEPENDENT_SHAPE_REPRESENTATION(#3086,#3088);
#3086=( REPRESENTATION_RELATIONSHIP('','',#2940,#10)REPRESENTATION_RELATIONSHIP_WITH_TRANSFORMATION(#3087)SHAPE_REPRESENTATION_RELATIONSHIP() );
#3087=ITEM_DEFINED_TRANSFORMATION('','',#11,#11);
#3088=PRODUCT_DEFINITION_SHAPE('Placement','Placement of an item',#3089);
#3089=NEXT_ASSEMBLY_USAGE_OCCURRENCE('43','latch0','',#5,#2935,$);
#3090=PRODUCT_RELATED_PRODUCT_CATEGORY('part',$,(#2937));
#3091=CONTEXT_DEPENDENT_SHAPE_REPRESENTATION(#3092,#3094);
#3092=( REPRESENTATION_RELATIONSHIP('','',#2940,#10)REPRESENTATION_RELATIONSHIP_WITH_TRANSFORMATION(#3093)SHAPE_REPRESENTATION_RELATIONSHIP() );
#3093=ITEM_DEFINED_TRANSFORMATION('','',#11,#72);
#3094=PRODUCT_DEFINITION_SHAPE('Placement','Placement of an item',#3095);
#3095=NEXT_ASSEMBLY_USAGE_OCCURRENCE('44','latch1','',#5,#2935,$);
#3096=MECHANICAL_DESIGN_GEOMETRIC_PRESENTATION_REPRESENTATION('',(#3097),#1405);
#3097=STYLED_ITEM('color',(#3098),#993);
#3098=PRESENTATION_STYLE_ASSIGNMENT((#3099));
#3099=SURFACE_STYLE_USAGE(.BOTH.,#3100);
#3100=SURFACE_SIDE_STYLE('',(#3101));
#3101=SURFACE_STYLE_FILL_AREA(#3102);
#3102=FILL_AREA_STYLE('',(#3103));
#3103=FILL_AREA_STYLE_COLOUR('',#3104);
#3104=COLOUR_RGB('',0.04,0.04,0.04);
#3105=MECHANICAL_DESIGN_GEOMETRIC_PRESENTATION_REPRESENTATION('',(#3106),#1812);
#3106=STYLED_ITEM('color',(#3107),#1670);
#3107=PRESENTATION_STYLE_ASSIGNMENT((#3108));
#3108=SURFACE_STYLE_USAGE(.BOTH.,#3109);
#3109=SURFACE_SIDE_STYLE('',(#3110));
#3110=SURFACE_STYLE_FILL_AREA(#3111);
#3111=FILL_AREA_STYLE('',(#3112));
#3112=FILL_AREA_STYLE_COLOUR('',#3113);
#3113=COLOUR_RGB('',0.93,0.75,0.32);
#3114=MECHANICAL_DESIGN_GEOMETRIC_PRESENTATION_REPRESENTATION('',(#3115),#3080);
#3115=STYLED_ITEM('color',(#3116),#2941);
#3116=PRESENTATION_STYLE_ASSIGNMENT((#3117));
#3117=SURFACE_STYLE_USAGE(.BOTH.,#3118);
#3118=SURFACE_SIDE_STYLE('',(#3119));
#3119=SURFACE_STYLE_FILL_AREA(#3120);
#3120=FILL_AREA_STYLE('',(#3121));
#3121=FILL_AREA_STYLE_COLOUR('',#3122);
#3122=COLOUR_RGB('',0.69,0.69,0.69);
#3123=MECHANICAL_DESIGN_GEOMETRIC_PRESENTATION_REPRESENTATION('',(#3124),#974);
#3124=STYLED_ITEM('color',(#3125),#87);
#3125=PRESENTATION_STYLE_ASSIGNMENT((#3126));
#3126=SURFACE_STYLE_USAGE(.BOTH.,#3127);
#3127=SURFACE_SIDE_STYLE('',(#3128));
#3128=SURFACE_STYLE_FILL_AREA(#3129);
#3129=FILL_AREA_STYLE('',(#3130));
#3130=FILL_AREA_STYLE_COLOUR('',#3122);
#3131=MECHANICAL_DESIGN_GEOMETRIC_PRESENTATION_REPRESENTATION('',(#3132),#2512);
#3132=STYLED_ITEM('color',(#3133),#2120);
#3133=PRESENTATION_STYLE_ASSIGNMENT((#3134));
#3134=SURFACE_STYLE_USAGE(.BOTH.,#3135);
#3135=SURFACE_SIDE_STYLE('',(#3136));
#3136=SURFACE_STYLE_FILL_AREA(#3137);
#3137=FILL_AREA_STYLE('',(#3138));
#3138=FILL_AREA_STYLE_COLOUR('',#3139);
#3139=COLOUR_RGB('',0.68,0.63,0.53);
#3140=MECHANICAL_DESIGN_GEOMETRIC_PRESENTATION_REPRESENTATION('',(#3141),#1576);
#3141=STYLED_ITEM('color',(#3142),#1424);
#3142=PRESENTATION_STYLE_ASSIGNMENT((#3143));
#3143=SURFACE_STYLE_USAGE(.BOTH.,#3144);
#3144=SURFACE_SIDE_STYLE('',(#3145));
#3145=SURFACE_STYLE_FILL_AREA(#3146);
#3146=FILL_AREA_STYLE('',(#3147));
#3147=FILL_AREA_STYLE_COLOUR('',#3113);
#3148=MECHANICAL_DESIGN_GEOMETRIC_PRESENTATION_REPRESENTATION('',(#3149),#2086);
#3149=STYLED_ITEM('color',(#3150),#1906);
#3150=PRESENTATION_STYLE_ASSIGNMENT((#3151));
#3151=SURFACE_STYLE_USAGE(.BOTH.,#3152);
#3152=SURFACE_SIDE_STYLE('',(#3153));
#3153=SURFACE_STYLE_FILL_AREA(#3154);
#3154=FILL_AREA_STYLE('',(#3155));
#3155=FILL_AREA_STYLE_COLOUR('',#3122);
#3156=MECHANICAL_DESIGN_GEOMETRIC_PRESENTATION_REPRESENTATION('',(#3157),#2917);
#3157=STYLED_ITEM('color',(#3158),#2536);
#3158=PRESENTATION_STYLE_ASSIGNMENT((#3159));
#3159=SURFACE_STYLE_USAGE(.BOTH.,#3160);
#3160=SURFACE_SIDE_STYLE('',(#3161));
#3161=SURFACE_STYLE_FILL_AREA(#3162);
#3162=FILL_AREA_STYLE('',(#3163));
#3163=FILL_AREA_STYLE_COLOUR('',#3122);
ENDSEC;
END-ISO-10303-21;
